"make","model","powertrain","year","n"
"acura","cl","icev",1997,187
"acura","cl","icev",1998,112
"acura","cl","icev",1999,137
"acura","cl","icev",2001,214
"acura","cl","icev",2002,36
"acura","cl","icev",2003,108
"acura","ilx","hev",2013,24
"acura","ilx","hev",2014,1
"acura","ilx","icev",2013,224
"acura","ilx","icev",2014,65
"acura","ilx","icev",2015,33
"acura","ilx","icev",2016,76
"acura","ilx","icev",2017,51
"acura","ilx","icev",2018,26
"acura","ilx","icev",2019,26
"acura","ilx","icev",2020,20
"acura","ilx","icev",2021,22
"acura","ilx","icev",2022,6
"acura","integra","icev",1986,12
"acura","integra","icev",1987,46
"acura","integra","icev",1988,54
"acura","integra","icev",1989,59
"acura","integra","icev",1990,177
"acura","integra","icev",1991,149
"acura","integra","icev",1992,121
"acura","integra","icev",1993,78
"acura","integra","icev",1994,205
"acura","integra","icev",1995,191
"acura","integra","icev",1996,147
"acura","integra","icev",1997,100
"acura","integra","icev",1998,120
"acura","integra","icev",1999,107
"acura","integra","icev",2000,133
"acura","integra","icev",2001,76
"acura","integra","icev",2024,3
"acura","legend","icev",1986,12
"acura","legend","icev",1987,49
"acura","legend","icev",1988,81
"acura","legend","icev",1989,71
"acura","legend","icev",1990,100
"acura","legend","icev",1991,145
"acura","legend","icev",1992,109
"acura","legend","icev",1993,98
"acura","legend","icev",1994,118
"acura","legend","icev",1995,80
"acura","mdx","hev",2017,9
"acura","mdx","hev",2018,6
"acura","mdx","hev",2019,5
"acura","mdx","hev",2020,8
"acura","mdx","icev",2001,243
"acura","mdx","icev",2002,331
"acura","mdx","icev",2003,376
"acura","mdx","icev",2004,370
"acura","mdx","icev",2005,711
"acura","mdx","icev",2006,610
"acura","mdx","icev",2007,633
"acura","mdx","icev",2008,614
"acura","mdx","icev",2009,388
"acura","mdx","icev",2010,428
"acura","mdx","icev",2011,639
"acura","mdx","icev",2012,727
"acura","mdx","icev",2013,305
"acura","mdx","icev",2014,530
"acura","mdx","icev",2015,242
"acura","mdx","icev",2016,345
"acura","mdx","icev",2017,276
"acura","mdx","icev",2018,117
"acura","mdx","icev",2019,107
"acura","mdx","icev",2020,194
"acura","mdx","icev",2022,78
"acura","mdx","icev",2023,2
"acura","mdx","icev",2024,4
"acura","nsx","hev",2017,1
"acura","nsx","hev",2018,1
"acura","nsx","hev",2019,1
"acura","nsx","hev",2022,1
"acura","nsx","icev",1991,14
"acura","nsx","icev",1992,4
"acura","nsx","icev",1993,4
"acura","nsx","icev",1994,7
"acura","nsx","icev",1995,3
"acura","nsx","icev",1996,1
"acura","nsx","icev",1997,1
"acura","nsx","icev",1998,1
"acura","nsx","icev",1999,2
"acura","nsx","icev",2004,1
"acura","nsx","icev",2005,2
"acura","rdx","icev",2007,264
"acura","rdx","icev",2008,235
"acura","rdx","icev",2009,111
"acura","rdx","icev",2010,157
"acura","rdx","icev",2011,200
"acura","rdx","icev",2012,106
"acura","rdx","icev",2013,548
"acura","rdx","icev",2014,373
"acura","rdx","icev",2015,241
"acura","rdx","icev",2016,246
"acura","rdx","icev",2017,333
"acura","rdx","icev",2018,145
"acura","rdx","icev",2019,209
"acura","rdx","icev",2020,158
"acura","rdx","icev",2021,127
"acura","rdx","icev",2022,27
"acura","rdx","icev",2023,2
"acura","rdx","icev",2024,4
"acura","rl","icev",1996,64
"acura","rl","icev",1997,81
"acura","rl","icev",1998,57
"acura","rl","icev",1999,71
"acura","rl","icev",2000,93
"acura","rl","icev",2001,19
"acura","rl","icev",2002,114
"acura","rl","icev",2003,24
"acura","rl","icev",2004,69
"acura","rl","icev",2005,183
"acura","rl","icev",2006,147
"acura","rl","icev",2007,73
"acura","rl","icev",2008,52
"acura","rl","icev",2009,25
"acura","rl","icev",2010,36
"acura","rl","icev",2011,7
"acura","rl","icev",2012,2
"acura","rlx","hev",2016,2
"acura","rlx","hev",2018,1
"acura","rlx","hev",2019,1
"acura","rlx","hev",2020,1
"acura","rlx","icev",2014,77
"acura","rlx","icev",2015,4
"acura","rlx","icev",2016,12
"acura","rlx","icev",2017,13
"acura","rlx","icev",2018,9
"acura","rlx","icev",2019,3
"acura","rlx","icev",2020,2
"acura","rsx","icev",2002,249
"acura","rsx","icev",2003,145
"acura","rsx","icev",2004,87
"acura","rsx","icev",2005,101
"acura","rsx","icev",2006,143
"acura","slx","icev",1996,10
"acura","slx","icev",1997,5
"acura","slx","icev",1998,8
"acura","slx","icev",1999,3
"acura","tl","icev",1995,1
"acura","tl","icev",1996,139
"acura","tl","icev",1997,99
"acura","tl","icev",1998,85
"acura","tl","icev",1999,287
"acura","tl","icev",2000,356
"acura","tl","icev",2001,182
"acura","tl","icev",2002,400
"acura","tl","icev",2003,612
"acura","tl","icev",2004,796
"acura","tl","icev",2005,877
"acura","tl","icev",2006,897
"acura","tl","icev",2007,539
"acura","tl","icev",2008,598
"acura","tl","icev",2009,382
"acura","tl","icev",2010,459
"acura","tl","icev",2011,154
"acura","tl","icev",2012,674
"acura","tl","icev",2013,268
"acura","tl","icev",2014,51
"acura","tlx","icev",2015,243
"acura","tlx","icev",2016,124
"acura","tlx","icev",2017,95
"acura","tlx","icev",2018,122
"acura","tlx","icev",2019,62
"acura","tlx","icev",2020,87
"acura","tlx","icev",2021,56
"acura","tlx","icev",2022,7
"acura","tsx","icev",2004,275
"acura","tsx","icev",2005,372
"acura","tsx","icev",2006,431
"acura","tsx","icev",2007,244
"acura","tsx","icev",2008,238
"acura","tsx","icev",2009,425
"acura","tsx","icev",2010,524
"acura","tsx","icev",2011,249
"acura","tsx","icev",2012,394
"acura","tsx","icev",2013,158
"acura","tsx","icev",2014,30
"acura","tsx sport","icev",2011,14
"acura","tsx sport","icev",2012,22
"acura","tsx sport","icev",2013,10
"acura","tsx sport","icev",2014,4
"acura","vigor","icev",1992,63
"acura","vigor","icev",1993,20
"acura","vigor","icev",1994,29
"acura","zdx","icev",2010,40
"acura","zdx","icev",2011,6
"acura","zdx","icev",2012,11
"acura","zdx","icev",2013,6
"alfa romeo","164","icev",1991,7
"alfa romeo","164","icev",1992,3
"alfa romeo","164","icev",1993,1
"alfa romeo","164","icev",1995,1
"alfa romeo","4c","icev",2015,5
"alfa romeo","4c","icev",2016,1
"alfa romeo","giulia","icev",2017,32
"alfa romeo","giulia","icev",2018,23
"alfa romeo","giulia","icev",2019,16
"alfa romeo","giulia","icev",2020,11
"alfa romeo","giulia","icev",2021,2
"alfa romeo","giulia","icev",2022,4
"alfa romeo","giulia quadrifoglio","icev",2017,3
"alfa romeo","giulia quadrifoglio","icev",2018,4
"alfa romeo","giulia quadrifoglio","icev",2019,1
"alfa romeo","giulia quadrifoglio","icev",2020,1
"alfa romeo","giulia quadrifoglio","icev",2021,1
"alfa romeo","gtv6","icev",1981,1
"alfa romeo","gtv6","icev",1983,2
"alfa romeo","gtv6","icev",1985,2
"alfa romeo","gtv6","icev",1986,1
"alfa romeo","milano","icev",1987,8
"alfa romeo","milano","icev",1988,3
"alfa romeo","milano","icev",1989,1
"alfa romeo","spider","icev",1982,3
"alfa romeo","spider","icev",1983,2
"alfa romeo","spider","icev",1984,1
"alfa romeo","spider","icev",1985,1
"alfa romeo","spider","icev",1986,13
"alfa romeo","spider","icev",1987,7
"alfa romeo","spider","icev",1988,4
"alfa romeo","spider","icev",1989,9
"alfa romeo","spider","icev",1990,4
"alfa romeo","spider","icev",1991,9
"alfa romeo","spider","icev",1992,2
"alfa romeo","spider","icev",1993,1
"alfa romeo","stelvio","icev",2018,43
"alfa romeo","stelvio","icev",2019,23
"alfa romeo","stelvio","icev",2020,6
"alfa romeo","stelvio","icev",2021,7
"alfa romeo","stelvio","icev",2022,2
"alfa romeo","stelvio quadrifoglio","icev",2018,2
"alfa romeo","stelvio quadrifoglio","icev",2020,1
"alfa romeo","stelvio quadrifoglio","icev",2022,2
"am general","hummer","icev",1995,3
"am general","hummer","icev",1996,2
"amc","alliance","icev",1983,7
"amc","alliance","icev",1984,12
"amc","alliance","icev",1985,16
"amc","alliance","icev",1986,7
"amc","alliance","icev",1987,5
"amc","cherokee","icev",1984,3
"amc","cherokee pioneer","icev",1984,8
"amc","concord","icev",1981,6
"amc","concord","icev",1982,5
"amc","concord","icev",1983,3
"amc","eagle","icev",1983,1
"amc","eagle 30","icev",1981,7
"amc","eagle 30","icev",1982,12
"amc","eagle 30","icev",1983,17
"amc","eagle 30","icev",1984,15
"amc","eagle 30","icev",1985,12
"amc","eagle 30","icev",1986,8
"amc","eagle 30","icev",1987,4
"amc","eagle 50","icev",1981,9
"amc","eagle 50","icev",1983,5
"amc","encore","icev",1984,9
"amc","encore","icev",1985,6
"amc","encore","icev",1986,3
"amc","j10","icev",1981,1
"amc","j10","icev",1983,1
"amc","j20","icev",1982,1
"amc","spirit","icev",1981,4
"amc","spirit","icev",1982,2
"amc","spirit","icev",1983,2
"aston martin","db11","icev",2017,4
"aston martin","db11","icev",2018,1
"aston martin","db11","icev",2019,1
"aston martin","db12","icev",2024,2
"aston martin","db7","icev",2000,1
"aston martin","db7","icev",2001,2
"aston martin","db7","icev",2002,2
"aston martin","db7","icev",2003,2
"aston martin","db9","icev",2005,1
"aston martin","db9","icev",2006,7
"aston martin","db9","icev",2007,3
"aston martin","db9","icev",2008,4
"aston martin","db9","icev",2009,8
"aston martin","db9","icev",2011,1
"aston martin","db9","icev",2013,1
"aston martin","db9","icev",2014,5
"aston martin","db9","icev",2015,2
"aston martin","db9","icev",2016,2
"aston martin","dbs","icev",2009,1
"aston martin","dbs","icev",2012,1
"aston martin","dbs","icev",2019,2
"aston martin","dbx","icev",2021,2
"aston martin","rapide","icev",2011,2
"aston martin","rapide s","icev",2014,3
"aston martin","rapide s","icev",2017,1
"aston martin","v12 vanquish","icev",2005,3
"aston martin","v12 vanquish","icev",2006,1
"aston martin","v8 vantage","icev",2006,1
"aston martin","v8 vantage","icev",2007,4
"aston martin","v8 vantage","icev",2008,7
"aston martin","v8 vantage","icev",2009,4
"aston martin","v8 vantage","icev",2010,2
"aston martin","v8 vantage","icev",2012,5
"aston martin","v8 vantage","icev",2014,2
"aston martin","v8 vantage","icev",2015,1
"aston martin","v8 vantage","icev",2016,1
"aston martin","vantage","icev",2019,2
"aston martin","vantage","icev",2020,2
"aston martin","vantage","icev",2021,1
"audi","100","icev",1989,12
"audi","100","icev",1990,18
"audi","100","icev",1991,13
"audi","100","icev",1992,16
"audi","100","icev",1993,10
"audi","100","icev",1994,10
"audi","200","icev",1989,4
"audi","200","icev",1990,10
"audi","200","icev",1991,8
"audi","4000","icev",1981,3
"audi","4000","icev",1982,2
"audi","4000","icev",1983,3
"audi","4000","icev",1984,7
"audi","4000","icev",1985,11
"audi","4000","icev",1986,13
"audi","4000","icev",1987,10
"audi","5000","icev",1981,3
"audi","5000","icev",1982,1
"audi","5000","icev",1983,7
"audi","5000","icev",1984,11
"audi","5000","icev",1985,10
"audi","5000","icev",1986,19
"audi","5000","icev",1987,21
"audi","5000","icev",1988,5
"audi","5000 s","icev",1987,4
"audi","80","icev",1988,8
"audi","80","icev",1989,4
"audi","80","icev",1990,5
"audi","80","icev",1991,8
"audi","90","icev",1988,20
"audi","90","icev",1989,7
"audi","90","icev",1990,8
"audi","90","icev",1991,2
"audi","90","icev",1993,19
"audi","90","icev",1994,7
"audi","90","icev",1995,9
"audi","a3","icev",2006,64
"audi","a3","icev",2007,51
"audi","a3","icev",2008,38
"audi","a3","icev",2009,38
"audi","a3","icev",2010,22
"audi","a3","icev",2011,24
"audi","a3","icev",2012,28
"audi","a3","icev",2013,20
"audi","a3","icev",2015,150
"audi","a3","icev",2016,128
"audi","a3","icev",2017,46
"audi","a3","icev",2018,54
"audi","a3","icev",2019,21
"audi","a3","icev",2020,20
"audi","a3","icev",2022,6
"audi","a3 sportback e-tron","phev",2016,10
"audi","a3 sportback e-tron","phev",2017,13
"audi","a3 sportback e-tron","phev",2018,1
"audi","a4","icev",1996,60
"audi","a4","icev",1997,68
"audi","a4","icev",1998,125
"audi","a4","icev",1999,143
"audi","a4","icev",2000,112
"audi","a4","icev",2001,228
"audi","a4","icev",2002,235
"audi","a4","icev",2003,315
"audi","a4","icev",2004,229
"audi","a4","icev",2005,252
"audi","a4","icev",2006,283
"audi","a4","icev",2007,392
"audi","a4","icev",2008,372
"audi","a4","icev",2009,401
"audi","a4","icev",2010,305
"audi","a4","icev",2011,323
"audi","a4","icev",2012,283
"audi","a4","icev",2013,306
"audi","a4","icev",2014,164
"audi","a4","icev",2015,78
"audi","a4","icev",2016,69
"audi","a4","icev",2017,159
"audi","a4","icev",2018,96
"audi","a4","icev",2019,55
"audi","a4","icev",2020,17
"audi","a4","icev",2021,30
"audi","a4","icev",2022,11
"audi","a4 allroad","icev",2013,48
"audi","a4 allroad","icev",2017,7
"audi","a4 allroad","icev",2018,10
"audi","a4 allroad","icev",2019,5
"audi","a4 allroad","icev",2020,4
"audi","a4 allroad","icev",2021,2
"audi","a4 allroad","icev",2022,1
"audi","a5","icev",2008,14
"audi","a5","icev",2009,61
"audi","a5","icev",2010,104
"audi","a5","icev",2011,141
"audi","a5","icev",2012,106
"audi","a5","icev",2013,137
"audi","a5","icev",2014,73
"audi","a5","icev",2015,43
"audi","a5","icev",2016,42
"audi","a5","icev",2017,6
"audi","a5","icev",2018,52
"audi","a5","icev",2019,8
"audi","a5","icev",2020,2
"audi","a5","icev",2021,4
"audi","a5","icev",2022,4
"audi","a5 sportback","icev",2018,73
"audi","a5 sportback","icev",2019,38
"audi","a5 sportback","icev",2020,10
"audi","a5 sportback","icev",2021,17
"audi","a5 sportback","icev",2022,9
"audi","a6","hev",2019,4
"audi","a6","icev",1995,20
"audi","a6","icev",1996,31
"audi","a6","icev",1997,31
"audi","a6","icev",1998,70
"audi","a6","icev",1999,111
"audi","a6","icev",2000,149
"audi","a6","icev",2001,220
"audi","a6","icev",2002,157
"audi","a6","icev",2003,132
"audi","a6","icev",2004,108
"audi","a6","icev",2005,106
"audi","a6","icev",2006,149
"audi","a6","icev",2007,97
"audi","a6","icev",2008,192
"audi","a6","icev",2009,36
"audi","a6","icev",2010,69
"audi","a6","icev",2011,86
"audi","a6","icev",2012,192
"audi","a6","icev",2013,190
"audi","a6","icev",2014,117
"audi","a6","icev",2015,43
"audi","a6","icev",2016,116
"audi","a6","icev",2017,53
"audi","a6","icev",2018,46
"audi","a6","icev",2019,52
"audi","a6","icev",2020,12
"audi","a6","icev",2021,14
"audi","a6","icev",2022,3
"audi","a6 allroad","icev",1998,1
"audi","a6 allroad","icev",2004,1
"audi","a6 allroad","icev",2006,1
"audi","a6 allroad","icev",2021,6
"audi","a7","icev",2012,125
"audi","a7","icev",2013,73
"audi","a7","icev",2014,38
"audi","a7","icev",2015,12
"audi","a7","icev",2016,40
"audi","a7","icev",2017,17
"audi","a7","icev",2018,16
"audi","a7","icev",2019,12
"audi","a7","icev",2020,3
"audi","a7","icev",2021,2
"audi","a7","icev",2022,1
"audi","a7","phev",2021,1
"audi","a8","icev",1997,11
"audi","a8","icev",1998,9
"audi","a8","icev",1999,15
"audi","a8","icev",2000,7
"audi","a8","icev",2001,14
"audi","a8","icev",2002,2
"audi","a8","icev",2003,4
"audi","a8","icev",2004,49
"audi","a8","icev",2005,25
"audi","a8","icev",2006,50
"audi","a8","icev",2007,34
"audi","a8","icev",2008,21
"audi","a8","icev",2009,15
"audi","a8","icev",2010,9
"audi","a8","icev",2011,27
"audi","a8","icev",2012,48
"audi","a8","icev",2013,52
"audi","a8","icev",2014,19
"audi","a8","icev",2015,18
"audi","a8","icev",2016,11
"audi","a8 l","icev",2004,1
"audi","a8 l","icev",2006,2
"audi","a8 l","icev",2007,3
"audi","a8 l","icev",2011,1
"audi","a8 l","icev",2012,2
"audi","a8 l","icev",2014,2
"audi","a8 l","icev",2015,11
"audi","a8 l","icev",2016,2
"audi","a8 l","icev",2017,16
"audi","a8 l","icev",2018,4
"audi","a8 l","icev",2019,14
"audi","a8 l","icev",2020,1
"audi","a8 l","icev",2021,3
"audi","allroad","icev",2001,34
"audi","allroad","icev",2002,37
"audi","allroad","icev",2003,41
"audi","allroad","icev",2004,33
"audi","allroad","icev",2005,28
"audi","allroad","icev",2013,16
"audi","allroad","icev",2014,20
"audi","allroad","icev",2015,8
"audi","allroad","icev",2016,7
"audi","e-tron","bev",2019,25
"audi","e-tron","bev",2020,2
"audi","e-tron","bev",2021,8
"audi","e-tron","bev",2022,8
"audi","e-tron gt","bev",2022,5
"audi","let","icev",1994,8
"audi","let","icev",1995,2
"audi","let","icev",1996,8
"audi","let","icev",1997,4
"audi","let","icev",1998,7
"audi","q3","icev",2015,36
"audi","q3","icev",2016,70
"audi","q3","icev",2017,38
"audi","q3","icev",2018,87
"audi","q3","icev",2019,10
"audi","q3","icev",2020,73
"audi","q3","icev",2021,44
"audi","q3","icev",2022,27
"audi","q4 e-tron","bev",2022,2
"audi","q4 e-tron","bev",2024,1
"audi","q4 e-tron sportback","bev",2022,1
"audi","q4 e-tron sportback","bev",2024,1
"audi","q5","hev",2013,11
"audi","q5","hev",2014,1
"audi","q5","hev",2020,5
"audi","q5","icev",2009,68
"audi","q5","icev",2010,188
"audi","q5","icev",2011,270
"audi","q5","icev",2012,347
"audi","q5","icev",2013,285
"audi","q5","icev",2014,156
"audi","q5","icev",2015,146
"audi","q5","icev",2016,202
"audi","q5","icev",2017,125
"audi","q5","icev",2018,319
"audi","q5","icev",2019,113
"audi","q5","icev",2020,76
"audi","q5","icev",2021,61
"audi","q5","icev",2022,29
"audi","q5","icev",2023,5
"audi","q5","icev",2024,1
"audi","q5","phev",2021,9
"audi","q5","phev",2022,2
"audi","q5","phev",2024,1
"audi","q5 sportback","icev",2021,5
"audi","q5 sportback","icev",2022,5
"audi","q7","icev",2007,156
"audi","q7","icev",2008,107
"audi","q7","icev",2009,70
"audi","q7","icev",2010,37
"audi","q7","icev",2011,59
"audi","q7","icev",2012,66
"audi","q7","icev",2013,107
"audi","q7","icev",2014,83
"audi","q7","icev",2015,93
"audi","q7","icev",2017,178
"audi","q7","icev",2018,139
"audi","q7","icev",2019,147
"audi","q7","icev",2020,21
"audi","q7","icev",2021,70
"audi","q7","icev",2022,19
"audi","q7","icev",2023,1
"audi","q7","icev",2024,4
"audi","q8","hev",2019,5
"audi","q8","icev",2019,55
"audi","q8","icev",2020,13
"audi","q8","icev",2021,41
"audi","q8","icev",2022,6
"audi","q8","icev",2023,2
"audi","q8 e-tron sportback","bev",2024,1
"audi","r8","icev",2008,2
"audi","r8","icev",2009,11
"audi","r8","icev",2010,8
"audi","r8","icev",2011,17
"audi","r8","icev",2012,10
"audi","r8","icev",2014,7
"audi","r8","icev",2015,2
"audi","r8","icev",2017,4
"audi","r8","icev",2018,2
"audi","r8","icev",2020,3
"audi","rs 3","icev",2017,1
"audi","rs 3","icev",2018,5
"audi","rs 3","icev",2019,4
"audi","rs 3","icev",2020,2
"audi","rs 5 sportback","icev",2019,7
"audi","rs 5 sportback","icev",2021,2
"audi","rs 5 sportback","icev",2022,2
"audi","rs 6 avant","icev",2024,1
"audi","rs q8","icev",2020,1
"audi","rs q8","icev",2021,2
"audi","rs4","icev",2007,17
"audi","rs4","icev",2008,8
"audi","rs5","icev",2013,17
"audi","rs5","icev",2014,7
"audi","rs5","icev",2015,2
"audi","rs5","icev",2018,3
"audi","rs5","icev",2019,4
"audi","rs5","icev",2021,3
"audi","rs6","icev",2003,6
"audi","rs6","icev",2021,1
"audi","rs7","icev",2014,1
"audi","rs7","icev",2015,2
"audi","rs7","icev",2016,3
"audi","rs7","icev",2017,2
"audi","rs7","icev",2018,1
"audi","rs7","icev",2021,4
"audi","s3","icev",2015,6
"audi","s3","icev",2016,6
"audi","s3","icev",2017,3
"audi","s3","icev",2018,6
"audi","s3","icev",2019,2
"audi","s3","icev",2020,4
"audi","s3","icev",2024,1
"audi","s4","icev",1992,2
"audi","s4","icev",1993,3
"audi","s4","icev",1994,2
"audi","s4","icev",2000,45
"audi","s4","icev",2001,45
"audi","s4","icev",2002,9
"audi","s4","icev",2004,46
"audi","s4","icev",2005,37
"audi","s4","icev",2006,15
"audi","s4","icev",2007,22
"audi","s4","icev",2008,13
"audi","s4","icev",2010,30
"audi","s4","icev",2011,35
"audi","s4","icev",2012,42
"audi","s4","icev",2013,53
"audi","s4","icev",2014,26
"audi","s4","icev",2015,21
"audi","s4","icev",2016,8
"audi","s4","icev",2018,24
"audi","s4","icev",2019,9
"audi","s4","icev",2020,2
"audi","s4","icev",2021,2
"audi","s5","icev",2008,14
"audi","s5","icev",2009,29
"audi","s5","icev",2010,46
"audi","s5","icev",2011,42
"audi","s5","icev",2012,33
"audi","s5","icev",2013,55
"audi","s5","icev",2014,32
"audi","s5","icev",2015,22
"audi","s5","icev",2016,9
"audi","s5","icev",2018,18
"audi","s5","icev",2019,5
"audi","s5","icev",2021,3
"audi","s5","icev",2022,1
"audi","s5 sportback","icev",2018,27
"audi","s5 sportback","icev",2019,16
"audi","s5 sportback","icev",2021,7
"audi","s5 sportback","icev",2022,1
"audi","s5 sportback","icev",2024,1
"audi","s6","icev",1995,7
"audi","s6","icev",2002,7
"audi","s6","icev",2003,2
"audi","s6","icev",2007,11
"audi","s6","icev",2008,8
"audi","s6","icev",2009,1
"audi","s6","icev",2010,3
"audi","s6","icev",2013,17
"audi","s6","icev",2014,15
"audi","s6","icev",2015,2
"audi","s6","icev",2016,11
"audi","s6","icev",2017,6
"audi","s6","icev",2018,5
"audi","s6","icev",2020,1
"audi","s6","icev",2021,2
"audi","s7","icev",2013,13
"audi","s7","icev",2014,13
"audi","s7","icev",2015,4
"audi","s7","icev",2016,7
"audi","s7","icev",2017,6
"audi","s7","icev",2018,3
"audi","s7","icev",2020,4
"audi","s7","icev",2021,1
"audi","s7","icev",2022,3
"audi","s8","icev",2001,4
"audi","s8","icev",2002,1
"audi","s8","icev",2003,2
"audi","s8","icev",2007,4
"audi","s8","icev",2008,4
"audi","s8","icev",2009,2
"audi","s8","icev",2013,9
"audi","s8","icev",2014,5
"audi","s8","icev",2015,3
"audi","s8","icev",2017,2
"audi","s8 plus","icev",2016,1
"audi","s8 plus","icev",2017,2
"audi","s8 plus","icev",2018,1
"audi","sq5","icev",2014,21
"audi","sq5","icev",2015,11
"audi","sq5","icev",2016,22
"audi","sq5","icev",2017,12
"audi","sq5","icev",2018,43
"audi","sq5","icev",2019,17
"audi","sq5","icev",2020,7
"audi","sq5","icev",2021,11
"audi","sq5","icev",2022,6
"audi","sq5 sportback","icev",2022,1
"audi","sq7","icev",2021,2
"audi","sq7","icev",2022,1
"audi","sq8","icev",2021,3
"audi","sq8","icev",2022,1
"audi","tt","icev",2000,45
"audi","tt","icev",2001,155
"audi","tt","icev",2002,68
"audi","tt","icev",2003,48
"audi","tt","icev",2004,34
"audi","tt","icev",2005,14
"audi","tt","icev",2006,7
"audi","tt","icev",2008,56
"audi","tt","icev",2009,30
"audi","tt","icev",2010,11
"audi","tt","icev",2011,10
"audi","tt","icev",2012,14
"audi","tt","icev",2013,10
"audi","tt","icev",2014,3
"audi","tt","icev",2015,3
"audi","tt","icev",2016,17
"audi","tt","icev",2017,6
"audi","tt","icev",2018,2
"audi","tt","icev",2019,2
"audi","tt","icev",2020,2
"audi","tt","icev",2021,2
"audi","tt rs","icev",2012,3
"audi","tt rs","icev",2013,4
"audi","tt rs","icev",2018,4
"audi","tt rs","icev",2019,1
"audi","tt rs","icev",2020,1
"audi","tt rs","icev",2021,1
"audi","tts","icev",2009,8
"audi","tts","icev",2012,1
"audi","tts","icev",2013,6
"audi","tts","icev",2014,5
"audi","tts","icev",2015,1
"audi","tts","icev",2016,2
"audi","tts","icev",2017,5
"audi","tts","icev",2018,1
"audi","tts","icev",2019,2
"audi","tts","icev",2020,1
"audi","tts","icev",2021,1
"audi","v8","icev",1990,6
"audi","v8","icev",1993,1
"bentley","arnage","icev",2000,1
"bentley","arnage","icev",2001,2
"bentley","arnage","icev",2002,2
"bentley","arnage","icev",2004,1
"bentley","arnage","icev",2005,2
"bentley","arnage","icev",2009,1
"bentley","azure","icev",2002,1
"bentley","azure","icev",2008,1
"bentley","bentayga","icev",2017,1
"bentley","bentayga","icev",2018,1
"bentley","bentayga","icev",2019,1
"bentley","bentayga","icev",2021,1
"bentley","bentayga","icev",2022,3
"bentley","bentayga ewb","icev",2023,1
"bentley","brooklands","icev",2009,1
"bentley","continental","icev",2004,3
"bentley","continental","icev",2005,10
"bentley","continental","icev",2006,15
"bentley","continental","icev",2007,21
"bentley","continental","icev",2008,20
"bentley","continental","icev",2009,11
"bentley","continental","icev",2010,5
"bentley","continental","icev",2011,9
"bentley","continental","icev",2012,8
"bentley","continental","icev",2013,14
"bentley","continental","icev",2014,3
"bentley","continental","icev",2015,7
"bentley","continental","icev",2016,5
"bentley","continental","icev",2017,6
"bentley","continental","icev",2020,4
"bentley","continental","icev",2021,1
"bentley","continental","icev",2022,1
"bentley","continental flying spur","icev",2014,2
"bentley","flying spur","icev",2014,2
"bentley","flying spur","icev",2015,2
"bentley","flying spur","icev",2016,3
"bentley","flying spur","icev",2020,1
"bentley","mulsanne","icev",2013,1
"bentley","mulsanne","icev",2015,1
"bentley","mulsanne","icev",2017,1
"bmw","128i","icev",2008,47
"bmw","128i","icev",2009,49
"bmw","128i","icev",2010,28
"bmw","128i","icev",2011,74
"bmw","128i","icev",2012,47
"bmw","128i","icev",2013,53
"bmw","135i","icev",2008,55
"bmw","135i","icev",2009,25
"bmw","135i","icev",2010,13
"bmw","135i","icev",2011,31
"bmw","135i","icev",2012,19
"bmw","135i","icev",2013,22
"bmw","228i","icev",2014,8
"bmw","228i","icev",2015,30
"bmw","228i","icev",2016,47
"bmw","228i","icev",2020,7
"bmw","228i","icev",2022,3
"bmw","228i  gran","icev",2021,8
"bmw","228i  gran","icev",2022,3
"bmw","228i gran","icev",2021,3
"bmw","228i gran","icev",2022,1
"bmw","228i gran","icev",2023,1
"bmw","228i sdrive gran","icev",2022,1
"bmw","230i","icev",2017,18
"bmw","230i","icev",2018,12
"bmw","230i","icev",2019,5
"bmw","230i","icev",2020,12
"bmw","230i","icev",2021,1
"bmw","230i","icev",2022,9
"bmw","230i","icev",2023,2
"bmw","230i","icev",2024,1
"bmw","318i","icev",1984,40
"bmw","318i","icev",1985,23
"bmw","318i","icev",1991,16
"bmw","318i","icev",1992,17
"bmw","318i","icev",1993,20
"bmw","318i","icev",1994,38
"bmw","318i","icev",1995,54
"bmw","318i","icev",1996,28
"bmw","318i","icev",1997,39
"bmw","318i","icev",1998,29
"bmw","318is","icev",1991,27
"bmw","318is","icev",1992,7
"bmw","318is","icev",1993,19
"bmw","318is","icev",1994,28
"bmw","318is","icev",1995,23
"bmw","318is","icev",1996,9
"bmw","318is","icev",1997,10
"bmw","318ti","icev",1995,27
"bmw","318ti","icev",1996,25
"bmw","318ti","icev",1997,15
"bmw","318ti","icev",1998,34
"bmw","318ti","icev",1999,1
"bmw","320i","icev",1981,13
"bmw","320i","icev",1982,14
"bmw","320i","icev",1983,21
"bmw","320i","icev",2013,43
"bmw","320i","icev",2014,100
"bmw","320i","icev",2015,113
"bmw","320i","icev",2016,66
"bmw","320i","icev",2017,47
"bmw","320i","icev",2018,54
"bmw","323ci","icev",2000,131
"bmw","323i","icev",1998,43
"bmw","323i","icev",1999,164
"bmw","323i","icev",2000,303
"bmw","323is","icev",1998,34
"bmw","323is","icev",1999,20
"bmw","323it","icev",2000,35
"bmw","325","icev",1986,74
"bmw","325","icev",1987,47
"bmw","325","icev",1988,18
"bmw","325ci","icev",2001,148
"bmw","325ci","icev",2002,173
"bmw","325ci","icev",2003,80
"bmw","325ci","icev",2004,146
"bmw","325ci","icev",2005,89
"bmw","325ci","icev",2006,61
"bmw","325e","icev",1984,12
"bmw","325e","icev",1985,31
"bmw","325i","icev",1987,49
"bmw","325i","icev",1988,34
"bmw","325i","icev",1989,70
"bmw","325i","icev",1990,63
"bmw","325i","icev",1991,34
"bmw","325i","icev",1992,98
"bmw","325i","icev",1993,59
"bmw","325i","icev",1994,94
"bmw","325i","icev",1995,107
"bmw","325i","icev",2001,330
"bmw","325i","icev",2002,314
"bmw","325i","icev",2003,387
"bmw","325i","icev",2004,292
"bmw","325i","icev",2005,182
"bmw","325i","icev",2006,644
"bmw","325is","icev",1987,23
"bmw","325is","icev",1988,16
"bmw","325is","icev",1992,14
"bmw","325is","icev",1993,39
"bmw","325is","icev",1994,38
"bmw","325is","icev",1995,34
"bmw","325ix","icev",1988,5
"bmw","325ix","icev",1989,6
"bmw","325ix","icev",1990,2
"bmw","325ix","icev",1991,3
"bmw","325xi","icev",2002,119
"bmw","325xi","icev",2003,169
"bmw","325xi","icev",2004,101
"bmw","325xi","icev",2005,60
"bmw","325xi","icev",2006,169
"bmw","328ci","icev",2000,43
"bmw","328i","icev",1996,87
"bmw","328i","icev",1997,115
"bmw","328i","icev",1998,93
"bmw","328i","icev",1999,130
"bmw","328i","icev",2000,117
"bmw","328i","icev",2007,540
"bmw","328i","icev",2008,442
"bmw","328i","icev",2009,491
"bmw","328i","icev",2010,302
"bmw","328i","icev",2011,1066
"bmw","328i","icev",2012,223
"bmw","328i","icev",2013,634
"bmw","328i","icev",2014,177
"bmw","328i","icev",2015,164
"bmw","328i","icev",2016,131
"bmw","328i  gran turismo","icev",2014,13
"bmw","328i  gran turismo","icev",2015,15
"bmw","328i  gran turismo","icev",2016,7
"bmw","328is","icev",1996,29
"bmw","328is","icev",1997,28
"bmw","328is","icev",1998,10
"bmw","328is","icev",1999,10
"bmw","328xi","icev",2007,292
"bmw","328xi","icev",2008,173
"bmw","330ci","icev",2001,181
"bmw","330ci","icev",2002,106
"bmw","330ci","icev",2003,75
"bmw","330ci","icev",2004,157
"bmw","330ci","icev",2005,79
"bmw","330ci","icev",2006,78
"bmw","330e","phev",2016,1
"bmw","330e","phev",2021,7
"bmw","330e","phev",2022,5
"bmw","330e iperformance","phev",2017,12
"bmw","330e iperformance","phev",2018,8
"bmw","330i","icev",2001,194
"bmw","330i","icev",2002,95
"bmw","330i","icev",2003,104
"bmw","330i","icev",2004,79
"bmw","330i","icev",2005,49
"bmw","330i","icev",2006,243
"bmw","330i","icev",2017,50
"bmw","330i","icev",2018,53
"bmw","330i","icev",2019,60
"bmw","330i","icev",2020,86
"bmw","330i","icev",2021,54
"bmw","330i","icev",2022,23
"bmw","330i","icev",2023,1
"bmw","330i","icev",2024,1
"bmw","330i  gran turismo","icev",2017,2
"bmw","330i  gran turismo","icev",2018,9
"bmw","330xi","icev",2002,49
"bmw","330xi","icev",2003,53
"bmw","330xi","icev",2004,42
"bmw","330xi","icev",2005,36
"bmw","330xi","icev",2006,112
"bmw","335i","icev",2007,323
"bmw","335i","icev",2008,238
"bmw","335i","icev",2009,190
"bmw","335i","icev",2010,103
"bmw","335i","icev",2011,233
"bmw","335i","icev",2012,62
"bmw","335i","icev",2013,129
"bmw","335i","icev",2014,37
"bmw","335i","icev",2015,24
"bmw","335i  gran turismo","icev",2014,7
"bmw","335i  gran turismo","icev",2015,2
"bmw","335i  gran turismo","icev",2016,6
"bmw","335is","icev",2011,24
"bmw","335is","icev",2012,12
"bmw","335is","icev",2013,13
"bmw","335xi","icev",2007,26
"bmw","335xi","icev",2008,95
"bmw","340i","icev",2016,21
"bmw","340i","icev",2017,16
"bmw","340i","icev",2018,16
"bmw","340i  gran turismo","icev",2017,2
"bmw","340i  gran turismo","icev",2018,2
"bmw","428i","icev",2014,78
"bmw","428i","icev",2015,65
"bmw","428i","icev",2016,51
"bmw","428i  gran","icev",2015,15
"bmw","428i  gran","icev",2016,8
"bmw","428i gran","icev",2015,23
"bmw","428i gran","icev",2016,22
"bmw","430i","icev",2017,22
"bmw","430i","icev",2018,47
"bmw","430i","icev",2019,15
"bmw","430i","icev",2020,7
"bmw","430i","icev",2021,12
"bmw","430i","icev",2022,5
"bmw","430i  gran","icev",2017,6
"bmw","430i  gran","icev",2018,11
"bmw","430i  gran","icev",2019,6
"bmw","430i  gran","icev",2020,1
"bmw","430i gran","icev",2017,13
"bmw","430i gran","icev",2018,24
"bmw","430i gran","icev",2019,21
"bmw","430i gran","icev",2020,6
"bmw","430i gran","icev",2022,4
"bmw","435i","icev",2014,36
"bmw","435i","icev",2015,38
"bmw","435i","icev",2016,29
"bmw","435i  gran","icev",2015,4
"bmw","435i  gran","icev",2016,6
"bmw","435i gran","icev",2015,6
"bmw","435i gran","icev",2016,3
"bmw","440i","icev",2017,9
"bmw","440i","icev",2018,17
"bmw","440i","icev",2019,9
"bmw","440i","icev",2020,3
"bmw","440i  gran","icev",2017,2
"bmw","440i  gran","icev",2018,2
"bmw","440i  gran","icev",2019,2
"bmw","440i  gran","icev",2020,2
"bmw","440i gran","icev",2017,4
"bmw","440i gran","icev",2018,8
"bmw","440i gran","icev",2019,9
"bmw","525i","icev",1989,25
"bmw","525i","icev",1990,37
"bmw","525i","icev",1991,34
"bmw","525i","icev",1992,42
"bmw","525i","icev",1993,41
"bmw","525i","icev",1994,53
"bmw","525i","icev",1995,117
"bmw","525i","icev",2001,134
"bmw","525i","icev",2002,131
"bmw","525i","icev",2003,147
"bmw","525i","icev",2004,139
"bmw","525i","icev",2005,82
"bmw","525i","icev",2006,110
"bmw","525i","icev",2007,131
"bmw","525xi","icev",2006,51
"bmw","525xi","icev",2007,49
"bmw","528e","icev",1982,6
"bmw","528e","icev",1983,7
"bmw","528e","icev",1984,14
"bmw","528e","icev",1985,14
"bmw","528e","icev",1986,19
"bmw","528e","icev",1987,19
"bmw","528e","icev",1988,29
"bmw","528i","icev",1981,2
"bmw","528i","icev",1997,180
"bmw","528i","icev",1998,186
"bmw","528i","icev",1999,154
"bmw","528i","icev",2000,253
"bmw","528i","icev",2008,207
"bmw","528i","icev",2009,102
"bmw","528i","icev",2010,171
"bmw","528i","icev",2011,201
"bmw","528i","icev",2012,176
"bmw","528i","icev",2013,224
"bmw","528i","icev",2014,95
"bmw","528i","icev",2015,89
"bmw","528i","icev",2016,82
"bmw","528xi","icev",2008,105
"bmw","530e","phev",2022,3
"bmw","530e  iperformance","phev",2018,10
"bmw","530e  iperformance","phev",2019,5
"bmw","530e iperformance","phev",2018,14
"bmw","530e iperformance","phev",2019,8
"bmw","530i","icev",1994,34
"bmw","530i","icev",1995,18
"bmw","530i","icev",2001,122
"bmw","530i","icev",2002,187
"bmw","530i","icev",2003,193
"bmw","530i","icev",2004,194
"bmw","530i","icev",2005,84
"bmw","530i","icev",2006,122
"bmw","530i","icev",2007,139
"bmw","530i","icev",2017,30
"bmw","530i","icev",2018,43
"bmw","530i","icev",2019,39
"bmw","530i","icev",2020,22
"bmw","530i","icev",2021,14
"bmw","530i","icev",2022,7
"bmw","530i","icev",2024,1
"bmw","530xi","icev",2006,115
"bmw","530xi","icev",2007,106
"bmw","533i","icev",1983,6
"bmw","533i","icev",1984,7
"bmw","535i","icev",1985,7
"bmw","535i","icev",1986,14
"bmw","535i","icev",1987,17
"bmw","535i","icev",1988,12
"bmw","535i","icev",1989,17
"bmw","535i","icev",1990,27
"bmw","535i","icev",1991,11
"bmw","535i","icev",1992,6
"bmw","535i","icev",2008,146
"bmw","535i","icev",2009,90
"bmw","535i","icev",2010,106
"bmw","535i","icev",2011,406
"bmw","535i","icev",2012,174
"bmw","535i","icev",2013,251
"bmw","535i","icev",2014,102
"bmw","535i","icev",2015,59
"bmw","535i","icev",2016,65
"bmw","535i  gran turismo","icev",2011,12
"bmw","535i  gran turismo","icev",2012,6
"bmw","535i  gran turismo","icev",2013,4
"bmw","535i  gran turismo","icev",2014,2
"bmw","535i  gran turismo","icev",2015,2
"bmw","535i gran turismo","icev",2010,14
"bmw","535i gran turismo","icev",2011,6
"bmw","535i gran turismo","icev",2012,5
"bmw","535i gran turismo","icev",2013,4
"bmw","535i gran turismo","icev",2014,6
"bmw","535i gran turismo","icev",2015,4
"bmw","535i gran turismo","icev",2016,2
"bmw","535xi","icev",2008,130
"bmw","540i","icev",1994,11
"bmw","540i","icev",1995,23
"bmw","540i","icev",1997,56
"bmw","540i","icev",1998,38
"bmw","540i","icev",1999,42
"bmw","540i","icev",2000,53
"bmw","540i","icev",2001,53
"bmw","540i","icev",2002,39
"bmw","540i","icev",2003,46
"bmw","540i","icev",2017,34
"bmw","540i","icev",2018,42
"bmw","540i","icev",2019,38
"bmw","540i","icev",2020,14
"bmw","540i","icev",2021,15
"bmw","540i","icev",2022,5
"bmw","545i","icev",2004,85
"bmw","545i","icev",2005,61
"bmw","550i","icev",2006,33
"bmw","550i","icev",2007,48
"bmw","550i","icev",2008,78
"bmw","550i","icev",2009,8
"bmw","550i","icev",2010,12
"bmw","550i","icev",2011,96
"bmw","550i","icev",2012,37
"bmw","550i","icev",2013,48
"bmw","550i","icev",2014,16
"bmw","550i","icev",2015,8
"bmw","550i","icev",2016,13
"bmw","550i  gran turismo","icev",2010,6
"bmw","550i  gran turismo","icev",2011,5
"bmw","550i  gran turismo","icev",2012,8
"bmw","550i  gran turismo","icev",2013,1
"bmw","550i  gran turismo","icev",2014,1
"bmw","550i gran turismo","icev",2010,11
"bmw","550i gran turismo","icev",2011,2
"bmw","550i gran turismo","icev",2012,3
"bmw","633csi","icev",1981,1
"bmw","633csi","icev",1982,1
"bmw","633csi","icev",1983,4
"bmw","633csi","icev",1984,3
"bmw","633csi","icev",1985,7
"bmw","633csi","icev",1986,7
"bmw","633csi","icev",1987,3
"bmw","633csi","icev",1988,5
"bmw","633csi","icev",1989,3
"bmw","640i","icev",2012,5
"bmw","640i","icev",2013,4
"bmw","640i","icev",2014,9
"bmw","640i","icev",2015,5
"bmw","640i","icev",2016,1
"bmw","640i","icev",2017,3
"bmw","640i  gran","icev",2014,2
"bmw","640i  gran","icev",2015,3
"bmw","640i  gran","icev",2016,1
"bmw","640i  gran turismo","icev",2018,8
"bmw","640i  gran turismo","icev",2019,3
"bmw","640i gran","icev",2013,11
"bmw","640i gran","icev",2014,7
"bmw","640i gran","icev",2015,9
"bmw","640i gran","icev",2016,3
"bmw","640i gran","icev",2017,3
"bmw","640i gran","icev",2018,1
"bmw","640i gran","icev",2019,1
"bmw","645ci","icev",2004,36
"bmw","645ci","icev",2005,86
"bmw","650i","icev",2006,69
"bmw","650i","icev",2007,53
"bmw","650i","icev",2008,64
"bmw","650i","icev",2009,15
"bmw","650i","icev",2010,34
"bmw","650i","icev",2012,58
"bmw","650i","icev",2013,16
"bmw","650i","icev",2014,7
"bmw","650i","icev",2015,9
"bmw","650i","icev",2016,8
"bmw","650i","icev",2017,2
"bmw","650i","icev",2018,1
"bmw","650i  gran","icev",2013,6
"bmw","650i  gran","icev",2014,4
"bmw","650i  gran","icev",2015,7
"bmw","650i  gran","icev",2017,1
"bmw","650i gran","icev",2013,6
"bmw","650i gran","icev",2014,7
"bmw","650i gran","icev",2015,6
"bmw","650i gran","icev",2016,2
"bmw","650i gran","icev",2018,2
"bmw","650i gran","icev",2019,1
"bmw","7 series","icev",1986,2
"bmw","733i","icev",1981,2
"bmw","733i","icev",1982,2
"bmw","733i","icev",1983,4
"bmw","733i","icev",1984,6
"bmw","735i","icev",1985,12
"bmw","735i","icev",1986,7
"bmw","735i","icev",1987,4
"bmw","735i","icev",1988,24
"bmw","735i","icev",1989,8
"bmw","735i","icev",1990,11
"bmw","735i","icev",1991,6
"bmw","735i","icev",1992,14
"bmw","735il","icev",1988,5
"bmw","735il","icev",1989,3
"bmw","735il","icev",1990,9
"bmw","735il","icev",1991,5
"bmw","735il","icev",1992,6
"bmw","740e  iperformance","phev",2017,1
"bmw","740e  iperformance","phev",2018,5
"bmw","740e  iperformance","phev",2019,1
"bmw","740i","icev",1993,13
"bmw","740i","icev",1994,16
"bmw","740i","icev",1995,42
"bmw","740i","icev",1997,22
"bmw","740i","icev",1998,53
"bmw","740i","icev",1999,17
"bmw","740i","icev",2001,68
"bmw","740i","icev",2011,18
"bmw","740i","icev",2012,14
"bmw","740i","icev",2013,12
"bmw","740i","icev",2014,7
"bmw","740i","icev",2015,3
"bmw","740i","icev",2016,11
"bmw","740i","icev",2017,10
"bmw","740i","icev",2018,12
"bmw","740i","icev",2019,17
"bmw","740i","icev",2020,5
"bmw","740i","icev",2021,4
"bmw","740i","icev",2022,2
"bmw","740i","icev",2024,1
"bmw","740ia","icev",2000,32
"bmw","740il","icev",1993,15
"bmw","740il","icev",1994,17
"bmw","740il","icev",1995,38
"bmw","740il","icev",1996,30
"bmw","740il","icev",1997,67
"bmw","740il","icev",1998,115
"bmw","740il","icev",1999,41
"bmw","740il","icev",2000,81
"bmw","740il","icev",2001,142
"bmw","740li","icev",2011,18
"bmw","740li","icev",2012,11
"bmw","740li","icev",2013,24
"bmw","740li","icev",2014,10
"bmw","740li","icev",2015,8
"bmw","745e  iperformance","phev",2020,1
"bmw","745i","icev",2002,68
"bmw","745i","icev",2003,52
"bmw","745i","icev",2004,44
"bmw","745i","icev",2005,18
"bmw","745li","icev",2002,50
"bmw","745li","icev",2003,101
"bmw","745li","icev",2004,50
"bmw","745li","icev",2005,34
"bmw","750i","icev",2006,33
"bmw","750i","icev",2007,29
"bmw","750i","icev",2008,37
"bmw","750i","icev",2009,27
"bmw","750i","icev",2010,23
"bmw","750i","icev",2011,22
"bmw","750i","icev",2013,13
"bmw","750i","icev",2015,5
"bmw","750i","icev",2016,31
"bmw","750i","icev",2017,3
"bmw","750i","icev",2018,7
"bmw","750i","icev",2019,8
"bmw","750i","icev",2020,8
"bmw","750i","icev",2021,6
"bmw","750i","icev",2022,4
"bmw","750il","icev",1988,10
"bmw","750il","icev",1989,4
"bmw","750il","icev",1990,6
"bmw","750il","icev",1991,4
"bmw","750il","icev",1992,1
"bmw","750il","icev",1993,2
"bmw","750il","icev",1995,2
"bmw","750il","icev",1996,1
"bmw","750il","icev",1997,4
"bmw","750il","icev",1998,13
"bmw","750il","icev",2000,4
"bmw","750il","icev",2001,7
"bmw","750li","icev",2006,153
"bmw","750li","icev",2007,95
"bmw","750li","icev",2008,110
"bmw","750li","icev",2009,54
"bmw","750li","icev",2010,43
"bmw","750li","icev",2011,58
"bmw","750li","icev",2013,44
"bmw","750li","icev",2015,14
"bmw","760i","icev",2004,1
"bmw","760i","icev",2006,1
"bmw","760li","icev",2003,3
"bmw","760li","icev",2004,1
"bmw","760li","icev",2005,1
"bmw","760li","icev",2006,7
"bmw","760li","icev",2007,4
"bmw","760li","icev",2008,1
"bmw","760li","icev",2010,1
"bmw","760li","icev",2013,1
"bmw","840ci","icev",1994,2
"bmw","840ci","icev",1995,5
"bmw","840ci","icev",1996,2
"bmw","840ci","icev",1997,4
"bmw","840i","icev",2020,5
"bmw","840i","icev",2021,1
"bmw","840i  gran","icev",2022,2
"bmw","840i gran","icev",2022,2
"bmw","850ci","icev",1993,3
"bmw","850csi","icev",1994,2
"bmw","850i","icev",1991,11
"bmw","850i","icev",1992,5
"bmw","active 3","hev",2013,6
"bmw","active 5","hev",2012,2
"bmw","active 5","hev",2013,1
"bmw","active 5","hev",2014,1
"bmw","active 750li","hev",2011,3
"bmw","active 750li","hev",2012,1
"bmw","alpina b7","icev",2017,6
"bmw","alpina b7","icev",2018,5
"bmw","alpina b7","icev",2019,5
"bmw","alpina b7","icev",2022,1
"bmw","alpina b7 lwb","icev",2012,71
"bmw","alpina b7 lwb","icev",2014,20
"bmw","alpina b7 swb","icev",2012,38
"bmw","alpina b7 swb","icev",2014,8
"bmw","i3","bev",2014,29
"bmw","i3","bev",2015,11
"bmw","i3","bev",2016,2
"bmw","i3","bev",2017,3
"bmw","i3","bev",2018,2
"bmw","i3","bev",2019,3
"bmw","i3","phev",2014,3
"bmw","i3","phev",2015,20
"bmw","i3","phev",2016,13
"bmw","i3","phev",2017,15
"bmw","i3","phev",2018,7
"bmw","i3","phev",2019,3
"bmw","i4","bev",2024,1
"bmw","i8","phev",2014,1
"bmw","i8","phev",2015,10
"bmw","i8","phev",2016,4
"bmw","i8","phev",2019,5
"bmw","m","icev",1998,19
"bmw","m","icev",1999,19
"bmw","m","icev",2000,43
"bmw","m","icev",2001,9
"bmw","m","icev",2002,9
"bmw","m2","icev",2016,3
"bmw","m2","icev",2017,6
"bmw","m2","icev",2018,6
"bmw","m2","icev",2019,2
"bmw","m2","icev",2020,9
"bmw","m2","icev",2021,4
"bmw","m235i","icev",2014,9
"bmw","m235i","icev",2015,17
"bmw","m235i","icev",2016,21
"bmw","m235i","icev",2020,3
"bmw","m235i  gran","icev",2021,2
"bmw","m235i  gran","icev",2022,1
"bmw","m240i","icev",2017,14
"bmw","m240i","icev",2018,6
"bmw","m240i","icev",2019,3
"bmw","m240i","icev",2020,9
"bmw","m240i","icev",2022,5
"bmw","m240i","icev",2024,2
"bmw","m3","icev",1988,5
"bmw","m3","icev",1989,2
"bmw","m3","icev",1990,2
"bmw","m3","icev",1995,48
"bmw","m3","icev",1996,16
"bmw","m3","icev",1997,41
"bmw","m3","icev",1998,58
"bmw","m3","icev",1999,55
"bmw","m3","icev",2001,25
"bmw","m3","icev",2002,78
"bmw","m3","icev",2003,74
"bmw","m3","icev",2004,75
"bmw","m3","icev",2005,27
"bmw","m3","icev",2006,43
"bmw","m3","icev",2008,72
"bmw","m3","icev",2009,46
"bmw","m3","icev",2010,19
"bmw","m3","icev",2011,70
"bmw","m3","icev",2012,23
"bmw","m3","icev",2013,25
"bmw","m3","icev",2015,18
"bmw","m3","icev",2016,12
"bmw","m3","icev",2017,11
"bmw","m3","icev",2018,14
"bmw","m3","icev",2022,4
"bmw","m3","icev",2023,1
"bmw","m3","icev",2024,3
"bmw","m340i","icev",2020,28
"bmw","m340i","icev",2021,11
"bmw","m340i","icev",2022,6
"bmw","m340i","icev",2023,1
"bmw","m4","icev",2015,31
"bmw","m4","icev",2016,27
"bmw","m4","icev",2017,12
"bmw","m4","icev",2018,11
"bmw","m4","icev",2019,5
"bmw","m4","icev",2020,6
"bmw","m4","icev",2021,2
"bmw","m4","icev",2022,5
"bmw","m4","icev",2024,1
"bmw","m440i","icev",2021,11
"bmw","m440i","icev",2022,3
"bmw","m440i  gran","icev",2022,4
"bmw","m440i gran","icev",2024,1
"bmw","m5","icev",1988,4
"bmw","m5","icev",1991,3
"bmw","m5","icev",2000,23
"bmw","m5","icev",2001,29
"bmw","m5","icev",2002,26
"bmw","m5","icev",2003,16
"bmw","m5","icev",2006,28
"bmw","m5","icev",2007,10
"bmw","m5","icev",2008,21
"bmw","m5","icev",2009,1
"bmw","m5","icev",2010,2
"bmw","m5","icev",2013,25
"bmw","m5","icev",2014,8
"bmw","m5","icev",2015,4
"bmw","m5","icev",2016,2
"bmw","m5","icev",2018,9
"bmw","m5","icev",2019,6
"bmw","m5","icev",2020,4
"bmw","m5","icev",2021,7
"bmw","m5","icev",2022,2
"bmw","m550i","icev",2018,15
"bmw","m550i","icev",2019,9
"bmw","m550i","icev",2020,4
"bmw","m550i","icev",2021,3
"bmw","m550i","icev",2022,2
"bmw","m6","icev",1987,2
"bmw","m6","icev",1988,2
"bmw","m6","icev",2006,3
"bmw","m6","icev",2007,26
"bmw","m6","icev",2008,15
"bmw","m6","icev",2009,3
"bmw","m6","icev",2010,2
"bmw","m6","icev",2012,4
"bmw","m6","icev",2013,6
"bmw","m6","icev",2014,17
"bmw","m6","icev",2015,2
"bmw","m6","icev",2016,8
"bmw","m760i","icev",2018,4
"bmw","m760i","icev",2019,2
"bmw","m8","icev",2020,4
"bmw","m8","icev",2022,2
"bmw","m850i","icev",2019,8
"bmw","m850i","icev",2020,2
"bmw","m850i  gran","icev",2022,3
"bmw","x1","icev",2013,89
"bmw","x1","icev",2014,115
"bmw","x1","icev",2015,79
"bmw","x1","icev",2016,81
"bmw","x1","icev",2017,61
"bmw","x1","icev",2018,99
"bmw","x1","icev",2019,26
"bmw","x1","icev",2020,34
"bmw","x1","icev",2021,38
"bmw","x1","icev",2023,2
"bmw","x1","icev",2024,1
"bmw","x2","icev",2018,31
"bmw","x2","icev",2019,9
"bmw","x2","icev",2020,10
"bmw","x2","icev",2021,4
"bmw","x2","icev",2022,8
"bmw","x3","icev",2004,245
"bmw","x3","icev",2005,213
"bmw","x3","icev",2006,248
"bmw","x3","icev",2007,256
"bmw","x3","icev",2008,159
"bmw","x3","icev",2009,43
"bmw","x3","icev",2010,63
"bmw","x3","icev",2011,205
"bmw","x3","icev",2012,111
"bmw","x3","icev",2013,248
"bmw","x3","icev",2014,190
"bmw","x3","icev",2015,100
"bmw","x3","icev",2016,145
"bmw","x3","icev",2017,245
"bmw","x3","icev",2018,111
"bmw","x3","icev",2019,218
"bmw","x3","icev",2020,103
"bmw","x3","icev",2021,124
"bmw","x3","icev",2022,78
"bmw","x3","icev",2023,2
"bmw","x3","icev",2024,6
"bmw","x3","phev",2020,1
"bmw","x3","phev",2021,9
"bmw","x3 m","icev",2020,10
"bmw","x3 m","icev",2021,1
"bmw","x3 m","icev",2022,1
"bmw","x4","icev",2015,15
"bmw","x4","icev",2016,22
"bmw","x4","icev",2017,18
"bmw","x4","icev",2018,17
"bmw","x4","icev",2019,19
"bmw","x4","icev",2020,18
"bmw","x4","icev",2021,12
"bmw","x4","icev",2022,8
"bmw","x4 m","icev",2020,3
"bmw","x4 m","icev",2021,1
"bmw","x4 m","icev",2022,1
"bmw","x5","hev",2016,6
"bmw","x5","icev",2000,24
"bmw","x5","icev",2001,365
"bmw","x5","icev",2002,318
"bmw","x5","icev",2003,330
"bmw","x5","icev",2004,282
"bmw","x5","icev",2005,302
"bmw","x5","icev",2006,297
"bmw","x5","icev",2007,213
"bmw","x5","icev",2008,296
"bmw","x5","icev",2009,178
"bmw","x5","icev",2010,100
"bmw","x5","icev",2011,242
"bmw","x5","icev",2012,241
"bmw","x5","icev",2013,327
"bmw","x5","icev",2014,115
"bmw","x5","icev",2015,195
"bmw","x5","icev",2016,136
"bmw","x5","icev",2017,150
"bmw","x5","icev",2018,125
"bmw","x5","icev",2019,113
"bmw","x5","icev",2020,133
"bmw","x5","icev",2021,80
"bmw","x5","icev",2022,59
"bmw","x5","icev",2023,1
"bmw","x5","icev",2024,10
"bmw","x5","phev",2016,5
"bmw","x5","phev",2017,7
"bmw","x5","phev",2018,14
"bmw","x5","phev",2021,20
"bmw","x5","phev",2022,15
"bmw","x5","phev",2024,1
"bmw","x5 m","icev",2010,14
"bmw","x5 m","icev",2011,13
"bmw","x5 m","icev",2012,7
"bmw","x5 m","icev",2013,7
"bmw","x5 m","icev",2015,3
"bmw","x5 m","icev",2016,8
"bmw","x5 m","icev",2017,1
"bmw","x5 m","icev",2018,7
"bmw","x5 m","icev",2021,3
"bmw","x5 m","icev",2022,5
"bmw","x6","hev",2010,5
"bmw","x6","icev",2008,14
"bmw","x6","icev",2009,34
"bmw","x6","icev",2010,12
"bmw","x6","icev",2011,42
"bmw","x6","icev",2012,26
"bmw","x6","icev",2013,40
"bmw","x6","icev",2014,16
"bmw","x6","icev",2015,23
"bmw","x6","icev",2016,24
"bmw","x6","icev",2017,17
"bmw","x6","icev",2018,9
"bmw","x6","icev",2019,8
"bmw","x6","icev",2020,12
"bmw","x6","icev",2021,5
"bmw","x6","icev",2022,7
"bmw","x6","icev",2024,1
"bmw","x6 m","icev",2010,3
"bmw","x6 m","icev",2011,2
"bmw","x6 m","icev",2012,3
"bmw","x6 m","icev",2013,6
"bmw","x6 m","icev",2014,3
"bmw","x6 m","icev",2015,1
"bmw","x6 m","icev",2016,3
"bmw","x6 m","icev",2017,1
"bmw","x6 m","icev",2018,1
"bmw","x6 m","icev",2021,1
"bmw","x6 m","icev",2022,3
"bmw","x7","icev",2019,36
"bmw","x7","icev",2020,46
"bmw","x7","icev",2021,29
"bmw","x7","icev",2022,29
"bmw","x7","icev",2023,1
"bmw","x7","icev",2024,6
"bmw","z3","icev",1996,56
"bmw","z3","icev",1997,150
"bmw","z3","icev",1998,106
"bmw","z3","icev",1999,73
"bmw","z3","icev",2000,184
"bmw","z3","icev",2001,135
"bmw","z3","icev",2002,56
"bmw","z4","icev",2003,218
"bmw","z4","icev",2004,110
"bmw","z4","icev",2005,83
"bmw","z4","icev",2006,86
"bmw","z4","icev",2007,62
"bmw","z4","icev",2008,41
"bmw","z4","icev",2009,32
"bmw","z4","icev",2010,21
"bmw","z4","icev",2011,43
"bmw","z4","icev",2012,22
"bmw","z4","icev",2013,25
"bmw","z4","icev",2014,17
"bmw","z4","icev",2015,14
"bmw","z4","icev",2016,15
"bmw","z4","icev",2019,4
"bmw","z4","icev",2020,8
"bmw","z4","icev",2021,1
"bmw","z4","icev",2022,1
"bmw","z4 m","icev",2006,17
"bmw","z4 m","icev",2007,27
"bmw","z4 m","icev",2008,4
"bmw","z8","icev",2001,5
"bmw","z8","icev",2002,9
"bmw","z8","icev",2003,5
"buick","cascada","icev",2016,54
"buick","cascada","icev",2017,23
"buick","cascada","icev",2018,10
"buick","cascada","icev",2019,15
"buick","century","icev",1981,16
"buick","century","icev",1982,11
"buick","century","icev",1983,25
"buick","century","icev",1984,55
"buick","century","icev",1985,84
"buick","century","icev",1986,128
"buick","century","icev",1987,122
"buick","century","icev",1988,115
"buick","century","icev",1989,205
"buick","century","icev",1990,212
"buick","century","icev",1991,199
"buick","century","icev",1992,279
"buick","century","icev",1993,332
"buick","century","icev",1994,413
"buick","century","icev",1995,328
"buick","century","icev",1996,324
"buick","century","icev",1997,245
"buick","century","icev",1998,581
"buick","century","icev",1999,814
"buick","century","icev",2000,777
"buick","century","icev",2001,829
"buick","century","icev",2002,974
"buick","century","icev",2003,991
"buick","century","icev",2004,373
"buick","century","icev",2005,275
"buick","electra","icev",1981,12
"buick","electra","icev",1982,13
"buick","electra","icev",1983,35
"buick","electra","icev",1984,23
"buick","electra","icev",1985,83
"buick","electra","icev",1986,104
"buick","electra","icev",1987,99
"buick","electra","icev",1988,134
"buick","electra","icev",1989,152
"buick","electra","icev",1990,91
"buick","enclave","icev",2008,731
"buick","enclave","icev",2009,431
"buick","enclave","icev",2010,591
"buick","enclave","icev",2011,857
"buick","enclave","icev",2012,894
"buick","enclave","icev",2013,436
"buick","enclave","icev",2014,529
"buick","enclave","icev",2015,379
"buick","enclave","icev",2016,306
"buick","enclave","icev",2017,386
"buick","enclave","icev",2018,198
"buick","enclave","icev",2019,200
"buick","enclave","icev",2020,169
"buick","enclave","icev",2021,102
"buick","enclave","icev",2022,26
"buick","enclave","icev",2023,1
"buick","enclave","icev",2024,9
"buick","encore","icev",2013,321
"buick","encore","icev",2014,317
"buick","encore","icev",2015,322
"buick","encore","icev",2016,311
"buick","encore","icev",2017,314
"buick","encore","icev",2018,311
"buick","encore","icev",2019,296
"buick","encore","icev",2020,96
"buick","encore","icev",2021,19
"buick","encore","icev",2022,22
"buick","encore gx","icev",2020,48
"buick","encore gx","icev",2021,85
"buick","encore gx","icev",2022,36
"buick","encore gx","icev",2024,4
"buick","envision","icev",2016,43
"buick","envision","icev",2017,242
"buick","envision","icev",2018,76
"buick","envision","icev",2019,154
"buick","envision","icev",2020,132
"buick","envision","icev",2021,64
"buick","envision","icev",2022,54
"buick","envision","icev",2023,8
"buick","envista","icev",2024,1
"buick","estate","icev",1990,13
"buick","lacrosse","icev",2005,665
"buick","lacrosse","icev",2006,613
"buick","lacrosse","icev",2007,368
"buick","lacrosse","icev",2008,412
"buick","lacrosse","icev",2009,187
"buick","lacrosse","icev",2010,622
"buick","lacrosse","icev",2011,764
"buick","lacrosse","icev",2012,725
"buick","lacrosse","icev",2013,597
"buick","lacrosse","icev",2014,216
"buick","lacrosse","icev",2015,163
"buick","lacrosse","icev",2016,180
"buick","lacrosse","icev",2017,158
"buick","lacrosse","icev",2018,55
"buick","lacrosse","icev",2019,37
"buick","lesabre","icev",1981,9
"buick","lesabre","icev",1982,29
"buick","lesabre","icev",1983,57
"buick","lesabre","icev",1984,83
"buick","lesabre","icev",1985,84
"buick","lesabre","icev",1986,58
"buick","lesabre","icev",1987,145
"buick","lesabre","icev",1988,178
"buick","lesabre","icev",1989,261
"buick","lesabre","icev",1990,346
"buick","lesabre","icev",1991,243
"buick","lesabre","icev",1992,466
"buick","lesabre","icev",1993,454
"buick","lesabre","icev",1994,530
"buick","lesabre","icev",1995,581
"buick","lesabre","icev",1996,225
"buick","lesabre","icev",1997,1007
"buick","lesabre","icev",1998,766
"buick","lesabre","icev",1999,536
"buick","lesabre","icev",2000,1186
"buick","lesabre","icev",2001,991
"buick","lesabre","icev",2002,1107
"buick","lesabre","icev",2003,1008
"buick","lesabre","icev",2004,849
"buick","lesabre","icev",2005,819
"buick","lucerne","icev",2006,849
"buick","lucerne","icev",2007,798
"buick","lucerne","icev",2008,736
"buick","lucerne","icev",2009,398
"buick","lucerne","icev",2010,234
"buick","lucerne","icev",2011,396
"buick","park avenue","icev",1991,264
"buick","park avenue","icev",1992,195
"buick","park avenue","icev",1993,154
"buick","park avenue","icev",1994,261
"buick","park avenue","icev",1995,262
"buick","park avenue","icev",1996,197
"buick","park avenue","icev",1997,306
"buick","park avenue","icev",1998,313
"buick","park avenue","icev",1999,368
"buick","park avenue","icev",2000,346
"buick","park avenue","icev",2001,247
"buick","park avenue","icev",2002,248
"buick","park avenue","icev",2003,221
"buick","park avenue","icev",2004,131
"buick","park avenue","icev",2005,71
"buick","rainier","icev",2004,258
"buick","rainier","icev",2005,157
"buick","rainier","icev",2006,151
"buick","rainier","icev",2007,73
"buick","reatta","icev",1988,18
"buick","reatta","icev",1989,19
"buick","reatta","icev",1990,33
"buick","reatta","icev",1991,8
"buick","regal","icev",1981,32
"buick","regal","icev",1982,46
"buick","regal","icev",1983,68
"buick","regal","icev",1984,85
"buick","regal","icev",1985,58
"buick","regal","icev",1986,92
"buick","regal","icev",1987,112
"buick","regal","icev",1988,116
"buick","regal","icev",1989,95
"buick","regal","icev",1990,104
"buick","regal","icev",1991,272
"buick","regal","icev",1992,268
"buick","regal","icev",1993,231
"buick","regal","icev",1994,264
"buick","regal","icev",1995,333
"buick","regal","icev",1996,421
"buick","regal","icev",1997,98
"buick","regal","icev",1998,348
"buick","regal","icev",1999,417
"buick","regal","icev",2000,396
"buick","regal","icev",2001,366
"buick","regal","icev",2002,309
"buick","regal","icev",2003,292
"buick","regal","icev",2004,169
"buick","regal","icev",2011,615
"buick","regal","icev",2012,340
"buick","regal","icev",2013,199
"buick","regal","icev",2014,71
"buick","regal","icev",2015,75
"buick","regal","icev",2016,99
"buick","regal","icev",2017,71
"buick","regal sportback","icev",2018,34
"buick","regal sportback","icev",2019,13
"buick","regal sportback","icev",2020,4
"buick","regal tourx","icev",2018,22
"buick","regal tourx","icev",2019,7
"buick","rendezvous","icev",2002,606
"buick","rendezvous","icev",2003,566
"buick","rendezvous","icev",2004,592
"buick","rendezvous","icev",2005,444
"buick","rendezvous","icev",2006,443
"buick","rendezvous","icev",2007,279
"buick","riviera","icev",1981,6
"buick","riviera","icev",1982,10
"buick","riviera","icev",1983,19
"buick","riviera","icev",1984,31
"buick","riviera","icev",1985,46
"buick","riviera","icev",1986,14
"buick","riviera","icev",1987,17
"buick","riviera","icev",1988,8
"buick","riviera","icev",1989,36
"buick","riviera","icev",1990,62
"buick","riviera","icev",1991,33
"buick","riviera","icev",1992,44
"buick","riviera","icev",1993,17
"buick","riviera","icev",1995,118
"buick","riviera","icev",1996,88
"buick","riviera","icev",1997,105
"buick","riviera","icev",1998,52
"buick","riviera","icev",1999,10
"buick","roadmaster","icev",1991,15
"buick","roadmaster","icev",1992,214
"buick","roadmaster","icev",1993,108
"buick","roadmaster","icev",1994,103
"buick","roadmaster","icev",1995,112
"buick","roadmaster","icev",1996,93
"buick","skyhawk","icev",1982,4
"buick","skyhawk","icev",1983,10
"buick","skyhawk","icev",1984,42
"buick","skyhawk","icev",1985,18
"buick","skyhawk","icev",1986,29
"buick","skyhawk","icev",1987,22
"buick","skyhawk","icev",1988,16
"buick","skyhawk","icev",1989,10
"buick","skylark","icev",1981,17
"buick","skylark","icev",1982,16
"buick","skylark","icev",1983,18
"buick","skylark","icev",1984,24
"buick","skylark","icev",1985,35
"buick","skylark","icev",1986,27
"buick","skylark","icev",1987,30
"buick","skylark","icev",1988,40
"buick","skylark","icev",1989,49
"buick","skylark","icev",1990,102
"buick","skylark","icev",1991,112
"buick","skylark","icev",1992,85
"buick","skylark","icev",1993,110
"buick","skylark","icev",1994,127
"buick","skylark","icev",1995,148
"buick","skylark","icev",1996,125
"buick","skylark","icev",1997,189
"buick","skylark","icev",1998,67
"buick","somerset","icev",1986,14
"buick","somerset","icev",1987,22
"buick","somerset regal","icev",1985,22
"buick","terraza","icev",2005,162
"buick","terraza","icev",2006,124
"buick","terraza","icev",2007,68
"buick","verano","icev",2012,405
"buick","verano","icev",2013,499
"buick","verano","icev",2014,183
"buick","verano","icev",2015,81
"buick","verano","icev",2016,144
"buick","verano","icev",2017,46
"cadillac","allante","icev",1987,3
"cadillac","allante","icev",1988,8
"cadillac","allante","icev",1989,11
"cadillac","allante","icev",1990,7
"cadillac","allante","icev",1991,16
"cadillac","allante","icev",1992,13
"cadillac","allante","icev",1993,18
"cadillac","ats","icev",2013,421
"cadillac","ats","icev",2014,159
"cadillac","ats","icev",2015,86
"cadillac","ats","icev",2016,82
"cadillac","ats","icev",2017,108
"cadillac","ats","icev",2018,34
"cadillac","ats","icev",2019,7
"cadillac","ats-v","icev",2016,22
"cadillac","ats-v","icev",2017,6
"cadillac","ats-v","icev",2019,1
"cadillac","brougham","icev",1987,71
"cadillac","brougham","icev",1988,60
"cadillac","brougham","icev",1989,62
"cadillac","brougham","icev",1990,68
"cadillac","brougham","icev",1991,69
"cadillac","brougham","icev",1992,41
"cadillac","catera","icev",1997,107
"cadillac","catera","icev",1998,126
"cadillac","catera","icev",1999,68
"cadillac","catera","icev",2000,90
"cadillac","catera","icev",2001,85
"cadillac","cimarron","icev",1982,3
"cadillac","cimarron","icev",1983,6
"cadillac","cimarron","icev",1984,4
"cadillac","cimarron","icev",1985,5
"cadillac","cimarron","icev",1986,11
"cadillac","cimarron","icev",1987,5
"cadillac","cimarron","icev",1988,13
"cadillac","ct4","icev",2020,18
"cadillac","ct4","icev",2021,15
"cadillac","ct4","icev",2022,4
"cadillac","ct4","icev",2023,1
"cadillac","ct4-v","icev",2022,5
"cadillac","ct5","icev",2020,37
"cadillac","ct5","icev",2021,36
"cadillac","ct5","icev",2022,9
"cadillac","ct5","icev",2024,5
"cadillac","ct5-v","icev",2022,3
"cadillac","ct6","icev",2016,35
"cadillac","ct6","icev",2017,50
"cadillac","ct6","icev",2018,44
"cadillac","ct6","icev",2019,23
"cadillac","ct6","icev",2020,6
"cadillac","ct6 plug-in","phev",2017,2
"cadillac","ct6 plug-in","phev",2018,1
"cadillac","ct6-v","icev",2019,1
"cadillac","ct6-v","icev",2020,1
"cadillac","cts","icev",2003,507
"cadillac","cts","icev",2004,428
"cadillac","cts","icev",2005,529
"cadillac","cts","icev",2006,544
"cadillac","cts","icev",2007,520
"cadillac","cts","icev",2008,658
"cadillac","cts","icev",2009,512
"cadillac","cts","icev",2010,418
"cadillac","cts","icev",2011,671
"cadillac","cts","icev",2012,620
"cadillac","cts","icev",2013,338
"cadillac","cts","icev",2014,164
"cadillac","cts","icev",2015,44
"cadillac","cts","icev",2016,80
"cadillac","cts","icev",2017,56
"cadillac","cts","icev",2018,24
"cadillac","cts","icev",2019,38
"cadillac","cts-v","icev",2004,29
"cadillac","cts-v","icev",2005,38
"cadillac","cts-v","icev",2006,13
"cadillac","cts-v","icev",2007,8
"cadillac","cts-v","icev",2009,28
"cadillac","cts-v","icev",2010,17
"cadillac","cts-v","icev",2011,60
"cadillac","cts-v","icev",2012,42
"cadillac","cts-v","icev",2013,23
"cadillac","cts-v","icev",2014,10
"cadillac","cts-v","icev",2015,1
"cadillac","cts-v","icev",2016,6
"cadillac","cts-v","icev",2017,9
"cadillac","cts-v","icev",2018,8
"cadillac","cts-v","icev",2019,6
"cadillac","deville","icev",1981,18
"cadillac","deville","icev",1982,35
"cadillac","deville","icev",1983,45
"cadillac","deville","icev",1984,71
"cadillac","deville","icev",1985,80
"cadillac","deville","icev",1986,125
"cadillac","deville","icev",1987,157
"cadillac","deville","icev",1988,179
"cadillac","deville","icev",1989,233
"cadillac","deville","icev",1990,281
"cadillac","deville","icev",1991,317
"cadillac","deville","icev",1992,370
"cadillac","deville","icev",1993,394
"cadillac","deville","icev",1994,375
"cadillac","deville","icev",1995,394
"cadillac","deville","icev",1996,393
"cadillac","deville","icev",1997,412
"cadillac","deville","icev",1998,480
"cadillac","deville","icev",1999,522
"cadillac","deville","icev",2000,529
"cadillac","deville","icev",2001,510
"cadillac","deville","icev",2002,758
"cadillac","deville","icev",2003,564
"cadillac","deville","icev",2004,523
"cadillac","deville","icev",2005,489
"cadillac","dts","icev",2006,661
"cadillac","dts","icev",2007,444
"cadillac","dts","icev",2008,400
"cadillac","dts","icev",2009,164
"cadillac","dts","icev",2010,169
"cadillac","dts","icev",2011,163
"cadillac","dts pro","icev",2010,4
"cadillac","dts pro","icev",2011,2
"cadillac","eldorado","icev",1981,12
"cadillac","eldorado","icev",1982,15
"cadillac","eldorado","icev",1983,31
"cadillac","eldorado","icev",1984,50
"cadillac","eldorado","icev",1985,62
"cadillac","eldorado","icev",1986,21
"cadillac","eldorado","icev",1987,12
"cadillac","eldorado","icev",1988,53
"cadillac","eldorado","icev",1989,46
"cadillac","eldorado","icev",1990,54
"cadillac","eldorado","icev",1991,40
"cadillac","eldorado","icev",1992,84
"cadillac","eldorado","icev",1993,72
"cadillac","eldorado","icev",1994,71
"cadillac","eldorado","icev",1995,135
"cadillac","eldorado","icev",1996,79
"cadillac","eldorado","icev",1997,87
"cadillac","eldorado","icev",1998,88
"cadillac","eldorado","icev",1999,103
"cadillac","eldorado","icev",2000,68
"cadillac","eldorado","icev",2001,67
"cadillac","eldorado","icev",2002,70
"cadillac","elr","hev",2014,8
"cadillac","elr","phev",2014,3
"cadillac","elr","phev",2016,3
"cadillac","escalade","hev",2009,35
"cadillac","escalade","hev",2010,14
"cadillac","escalade","hev",2011,12
"cadillac","escalade","hev",2012,8
"cadillac","escalade","hev",2013,9
"cadillac","escalade","icev",1999,111
"cadillac","escalade","icev",2000,192
"cadillac","escalade","icev",2002,374
"cadillac","escalade","icev",2003,299
"cadillac","escalade","icev",2004,332
"cadillac","escalade","icev",2005,299
"cadillac","escalade","icev",2006,151
"cadillac","escalade","icev",2007,483
"cadillac","escalade","icev",2008,279
"cadillac","escalade","icev",2009,123
"cadillac","escalade","icev",2010,120
"cadillac","escalade","icev",2011,151
"cadillac","escalade","icev",2012,103
"cadillac","escalade","icev",2013,118
"cadillac","escalade","icev",2014,38
"cadillac","escalade","icev",2015,101
"cadillac","escalade","icev",2016,119
"cadillac","escalade","icev",2017,119
"cadillac","escalade","icev",2018,96
"cadillac","escalade","icev",2019,65
"cadillac","escalade","icev",2020,52
"cadillac","escalade","icev",2021,74
"cadillac","escalade","icev",2022,28
"cadillac","escalade","icev",2023,5
"cadillac","escalade","icev",2024,3
"cadillac","escalade esv","icev",2003,84
"cadillac","escalade esv","icev",2004,143
"cadillac","escalade esv","icev",2005,120
"cadillac","escalade esv","icev",2006,56
"cadillac","escalade esv","icev",2007,215
"cadillac","escalade esv","icev",2008,151
"cadillac","escalade esv","icev",2009,41
"cadillac","escalade esv","icev",2010,50
"cadillac","escalade esv","icev",2011,114
"cadillac","escalade esv","icev",2012,55
"cadillac","escalade esv","icev",2013,60
"cadillac","escalade esv","icev",2014,16
"cadillac","escalade esv","icev",2015,67
"cadillac","escalade esv","icev",2016,73
"cadillac","escalade esv","icev",2017,60
"cadillac","escalade esv","icev",2018,61
"cadillac","escalade esv","icev",2019,39
"cadillac","escalade esv","icev",2020,22
"cadillac","escalade esv","icev",2021,25
"cadillac","escalade esv","icev",2022,11
"cadillac","escalade esv","icev",2023,2
"cadillac","escalade esv","icev",2024,2
"cadillac","escalade ext","icev",2002,76
"cadillac","escalade ext","icev",2003,67
"cadillac","escalade ext","icev",2004,92
"cadillac","escalade ext","icev",2005,80
"cadillac","escalade ext","icev",2006,24
"cadillac","escalade ext","icev",2007,110
"cadillac","escalade ext","icev",2008,54
"cadillac","escalade ext","icev",2009,12
"cadillac","escalade ext","icev",2010,11
"cadillac","escalade ext","icev",2011,23
"cadillac","escalade ext","icev",2012,9
"cadillac","escalade ext","icev",2013,28
"cadillac","fleetwood","icev",1985,39
"cadillac","fleetwood","icev",1987,17
"cadillac","fleetwood","icev",1988,23
"cadillac","fleetwood","icev",1989,46
"cadillac","fleetwood","icev",1990,41
"cadillac","fleetwood","icev",1991,33
"cadillac","fleetwood","icev",1992,22
"cadillac","fleetwood","icev",1993,78
"cadillac","fleetwood","icev",1994,74
"cadillac","fleetwood","icev",1995,46
"cadillac","fleetwood","icev",1996,46
"cadillac","fleetwood brougham","icev",1981,11
"cadillac","fleetwood brougham","icev",1982,14
"cadillac","fleetwood brougham","icev",1983,20
"cadillac","fleetwood brougham","icev",1984,27
"cadillac","fleetwood brougham","icev",1985,51
"cadillac","fleetwood brougham","icev",1986,50
"cadillac","lyriq","bev",2024,1
"cadillac","seville","icev",1981,4
"cadillac","seville","icev",1982,5
"cadillac","seville","icev",1983,9
"cadillac","seville","icev",1984,22
"cadillac","seville","icev",1985,33
"cadillac","seville","icev",1986,14
"cadillac","seville","icev",1987,16
"cadillac","seville","icev",1988,27
"cadillac","seville","icev",1989,35
"cadillac","seville","icev",1990,67
"cadillac","seville","icev",1991,68
"cadillac","seville","icev",1992,113
"cadillac","seville","icev",1993,96
"cadillac","seville","icev",1994,132
"cadillac","seville","icev",1995,155
"cadillac","seville","icev",1996,151
"cadillac","seville","icev",1997,177
"cadillac","seville","icev",1998,142
"cadillac","seville","icev",1999,204
"cadillac","seville","icev",2000,226
"cadillac","seville","icev",2001,145
"cadillac","seville","icev",2002,210
"cadillac","seville","icev",2003,154
"cadillac","seville","icev",2004,53
"cadillac","sixty special","icev",1993,11
"cadillac","srx","icev",2004,223
"cadillac","srx","icev",2005,229
"cadillac","srx","icev",2006,274
"cadillac","srx","icev",2007,181
"cadillac","srx","icev",2008,261
"cadillac","srx","icev",2009,82
"cadillac","srx","icev",2010,545
"cadillac","srx","icev",2011,687
"cadillac","srx","icev",2012,867
"cadillac","srx","icev",2013,547
"cadillac","srx","icev",2014,338
"cadillac","srx","icev",2015,326
"cadillac","srx","icev",2016,271
"cadillac","sts","icev",2005,348
"cadillac","sts","icev",2006,317
"cadillac","sts","icev",2007,170
"cadillac","sts","icev",2008,177
"cadillac","sts","icev",2009,72
"cadillac","sts","icev",2010,32
"cadillac","sts","icev",2011,48
"cadillac","sts-v","icev",2006,6
"cadillac","sts-v","icev",2007,7
"cadillac","sts-v","icev",2008,4
"cadillac","xlr","icev",2004,35
"cadillac","xlr","icev",2005,34
"cadillac","xlr","icev",2006,36
"cadillac","xlr","icev",2007,11
"cadillac","xlr","icev",2008,15
"cadillac","xlr","icev",2009,6
"cadillac","xlr-v","icev",2006,17
"cadillac","xlr-v","icev",2007,5
"cadillac","xlr-v","icev",2008,3
"cadillac","xlr-v","icev",2009,3
"cadillac","xt4","icev",2019,111
"cadillac","xt4","icev",2020,73
"cadillac","xt4","icev",2021,35
"cadillac","xt4","icev",2022,19
"cadillac","xt4","icev",2024,1
"cadillac","xt5","icev",2017,363
"cadillac","xt5","icev",2018,243
"cadillac","xt5","icev",2019,180
"cadillac","xt5","icev",2020,94
"cadillac","xt5","icev",2021,53
"cadillac","xt5","icev",2022,17
"cadillac","xt5","icev",2024,4
"cadillac","xt6","icev",2020,95
"cadillac","xt6","icev",2021,29
"cadillac","xt6","icev",2022,21
"cadillac","xt6","icev",2023,1
"cadillac","xt6","icev",2024,1
"cadillac","xts","icev",2013,442
"cadillac","xts","icev",2014,130
"cadillac","xts","icev",2015,62
"cadillac","xts","icev",2016,105
"cadillac","xts","icev",2017,102
"cadillac","xts","icev",2018,51
"cadillac","xts","icev",2019,66
"cadillac","xts pro","icev",2013,1
"cadillac","xts pro","icev",2015,1
"cadillac","xts pro","icev",2016,1
"cadillac","xts pro","icev",2017,1
"cadillac","xts pro","icev",2018,1
"cadillac","xts pro","icev",2019,1
"chevrolet","1 ton chassis-cabs","icev",1987,8
"chevrolet","1 ton chassis-cabs","icev",1988,8
"chevrolet","1 ton chassis-cabs","icev",1989,12
"chevrolet","1/2 ton s","icev",1989,1
"chevrolet","1500 s","icev",1991,7
"chevrolet","2500 chassis-cabs","icev",1991,1
"chevrolet","3/4 ton chassis-cabs","icev",1989,1
"chevrolet","3500 chassis-cabs","icev",1990,1
"chevrolet","3500 chassis-cabs","icev",1991,5
"chevrolet","astro","icev",1985,25
"chevrolet","astro","icev",1986,77
"chevrolet","astro","icev",1987,82
"chevrolet","astro","icev",1988,109
"chevrolet","astro","icev",1989,102
"chevrolet","astro","icev",1990,113
"chevrolet","astro","icev",1991,119
"chevrolet","astro","icev",1992,170
"chevrolet","astro","icev",1993,156
"chevrolet","astro","icev",1994,176
"chevrolet","astro","icev",1995,264
"chevrolet","astro","icev",1996,168
"chevrolet","astro","icev",1997,253
"chevrolet","astro","icev",1998,217
"chevrolet","astro","icev",1999,239
"chevrolet","astro","icev",2000,326
"chevrolet","astro","icev",2001,159
"chevrolet","astro","icev",2002,208
"chevrolet","astro","icev",2003,204
"chevrolet","astro","icev",2004,91
"chevrolet","astro","icev",2005,62
"chevrolet","astro cargo","icev",1985,22
"chevrolet","astro cargo","icev",1986,16
"chevrolet","astro cargo","icev",1987,12
"chevrolet","astro cargo","icev",1988,12
"chevrolet","astro cargo","icev",1989,19
"chevrolet","astro cargo","icev",1990,23
"chevrolet","astro cargo","icev",1991,15
"chevrolet","astro cargo","icev",1992,15
"chevrolet","astro cargo","icev",1993,17
"chevrolet","astro cargo","icev",1994,21
"chevrolet","astro cargo","icev",1995,65
"chevrolet","astro cargo","icev",1996,55
"chevrolet","astro cargo","icev",1997,54
"chevrolet","astro cargo","icev",1998,55
"chevrolet","astro cargo","icev",1999,52
"chevrolet","astro cargo","icev",2000,110
"chevrolet","astro cargo","icev",2001,33
"chevrolet","astro cargo","icev",2002,53
"chevrolet","astro cargo","icev",2003,50
"chevrolet","astro cargo","icev",2004,37
"chevrolet","astro cargo","icev",2005,50
"chevrolet","astro cargo van","icev",1994,20
"chevrolet","astro cargo van","icev",1995,9
"chevrolet","astro cargo van","icev",1997,16
"chevrolet","astro cargo van","icev",1998,34
"chevrolet","astro cargo van","icev",1999,33
"chevrolet","astro cargo van","icev",2000,7
"chevrolet","astro cargo van","icev",2001,7
"chevrolet","astro cargo van","icev",2002,18
"chevrolet","astro cargo van","icev",2003,15
"chevrolet","avalanche","icev",2002,942
"chevrolet","avalanche","icev",2003,687
"chevrolet","avalanche","icev",2004,845
"chevrolet","avalanche","icev",2005,499
"chevrolet","avalanche","icev",2006,229
"chevrolet","avalanche","icev",2007,847
"chevrolet","avalanche","icev",2008,438
"chevrolet","avalanche","icev",2009,181
"chevrolet","avalanche","icev",2010,131
"chevrolet","avalanche","icev",2011,294
"chevrolet","avalanche","icev",2012,185
"chevrolet","avalanche","icev",2013,285
"chevrolet","aveo","icev",2004,295
"chevrolet","aveo","icev",2005,365
"chevrolet","aveo","icev",2006,318
"chevrolet","aveo","icev",2007,412
"chevrolet","aveo","icev",2008,367
"chevrolet","aveo","icev",2009,450
"chevrolet","aveo","icev",2010,174
"chevrolet","aveo","icev",2011,218
"chevrolet","beretta","icev",1987,2
"chevrolet","beretta","icev",1988,146
"chevrolet","beretta","icev",1989,134
"chevrolet","beretta","icev",1990,100
"chevrolet","beretta","icev",1991,102
"chevrolet","beretta","icev",1992,73
"chevrolet","beretta","icev",1993,58
"chevrolet","beretta","icev",1994,137
"chevrolet","beretta","icev",1995,173
"chevrolet","beretta","icev",1996,110
"chevrolet","blazer","icev",1981,14
"chevrolet","blazer","icev",1982,12
"chevrolet","blazer","icev",1983,22
"chevrolet","blazer","icev",1984,71
"chevrolet","blazer","icev",1985,61
"chevrolet","blazer","icev",1986,60
"chevrolet","blazer","icev",1987,66
"chevrolet","blazer","icev",1988,53
"chevrolet","blazer","icev",1989,57
"chevrolet","blazer","icev",1990,52
"chevrolet","blazer","icev",1991,27
"chevrolet","blazer","icev",1992,55
"chevrolet","blazer","icev",1993,75
"chevrolet","blazer","icev",1994,112
"chevrolet","blazer","icev",1995,797
"chevrolet","blazer","icev",1996,1004
"chevrolet","blazer","icev",1997,951
"chevrolet","blazer","icev",1998,1210
"chevrolet","blazer","icev",1999,1055
"chevrolet","blazer","icev",2000,1473
"chevrolet","blazer","icev",2001,1208
"chevrolet","blazer","icev",2002,729
"chevrolet","blazer","icev",2003,421
"chevrolet","blazer","icev",2004,345
"chevrolet","blazer","icev",2005,35
"chevrolet","blazer","icev",2019,160
"chevrolet","blazer","icev",2020,202
"chevrolet","blazer","icev",2021,116
"chevrolet","blazer","icev",2022,63
"chevrolet","blazer","icev",2023,3
"chevrolet","blazer","icev",2024,6
"chevrolet","blazer ev","bev",2024,1
"chevrolet","bolt euv","bev",2022,18
"chevrolet","bolt euv","bev",2023,5
"chevrolet","bolt ev","bev",2017,55
"chevrolet","bolt ev","bev",2018,16
"chevrolet","bolt ev","bev",2019,43
"chevrolet","bolt ev","bev",2020,41
"chevrolet","bolt ev","bev",2021,12
"chevrolet","bolt ev","bev",2022,8
"chevrolet","c 3500 hd","icev",1992,2
"chevrolet","c 3500 hd","icev",1993,1
"chevrolet","c 3500 hd","icev",1994,1
"chevrolet","c 3500 hd","icev",1995,3
"chevrolet","c 3500 hd","icev",1996,1
"chevrolet","c 3500 hd","icev",1997,1
"chevrolet","c 3500 hd","icev",1998,4
"chevrolet","c 3500 hd","icev",1999,3
"chevrolet","c 3500 hd","icev",2000,6
"chevrolet","c 3500 hd","icev",2001,4
"chevrolet","c 3500 hd","icev",2002,2
"chevrolet","c/k 10 series","icev",1981,263
"chevrolet","c/k 10 series","icev",1982,229
"chevrolet","c/k 10 series","icev",1983,330
"chevrolet","c/k 10 series","icev",1984,504
"chevrolet","c/k 10 series","icev",1985,586
"chevrolet","c/k 10 series","icev",1986,633
"chevrolet","c/k 1500","icev",1992,18
"chevrolet","c/k 1500","icev",1993,25
"chevrolet","c/k 1500","icev",1994,53
"chevrolet","c/k 1500","icev",1995,72
"chevrolet","c/k 1500","icev",1996,36
"chevrolet","c/k 1500 lt","icev",1994,32
"chevrolet","c/k 1500 series","icev",1988,955
"chevrolet","c/k 1500 series","icev",1989,987
"chevrolet","c/k 1500 series","icev",1990,1171
"chevrolet","c/k 1500 series","icev",1991,988
"chevrolet","c/k 1500 series","icev",1992,1129
"chevrolet","c/k 1500 series","icev",1993,1333
"chevrolet","c/k 1500 series","icev",1994,1887
"chevrolet","c/k 1500 series","icev",1995,1700
"chevrolet","c/k 1500 series","icev",1996,1549
"chevrolet","c/k 1500 series","icev",1997,2099
"chevrolet","c/k 1500 series","icev",1998,2180
"chevrolet","c/k 1500 series","icev",1999,233
"chevrolet","c/k 1500 sport","icev",1992,5
"chevrolet","c/k 1500 sport","icev",1993,14
"chevrolet","c/k 1500 work","icev",1994,7
"chevrolet","c/k 20 series","icev",1981,87
"chevrolet","c/k 20 series","icev",1982,66
"chevrolet","c/k 20 series","icev",1983,80
"chevrolet","c/k 20 series","icev",1984,143
"chevrolet","c/k 20 series","icev",1985,157
"chevrolet","c/k 20 series","icev",1986,148
"chevrolet","c/k 2500","icev",1991,1
"chevrolet","c/k 2500","icev",1992,1
"chevrolet","c/k 2500","icev",1994,2
"chevrolet","c/k 2500","icev",1995,2
"chevrolet","c/k 2500","icev",1996,2
"chevrolet","c/k 2500","icev",1997,1
"chevrolet","c/k 2500","icev",1998,2
"chevrolet","c/k 2500","icev",1999,4
"chevrolet","c/k 2500","icev",2000,6
"chevrolet","c/k 2500 series","icev",1988,208
"chevrolet","c/k 2500 series","icev",1989,262
"chevrolet","c/k 2500 series","icev",1990,227
"chevrolet","c/k 2500 series","icev",1991,178
"chevrolet","c/k 2500 series","icev",1992,164
"chevrolet","c/k 2500 series","icev",1993,172
"chevrolet","c/k 2500 series","icev",1994,322
"chevrolet","c/k 2500 series","icev",1995,355
"chevrolet","c/k 2500 series","icev",1996,180
"chevrolet","c/k 2500 series","icev",1997,270
"chevrolet","c/k 2500 series","icev",1998,400
"chevrolet","c/k 2500 series","icev",1999,147
"chevrolet","c/k 2500 series","icev",2000,223
"chevrolet","c/k 30 series","icev",1981,18
"chevrolet","c/k 30 series","icev",1982,20
"chevrolet","c/k 30 series","icev",1983,21
"chevrolet","c/k 30 series","icev",1984,27
"chevrolet","c/k 30 series","icev",1985,18
"chevrolet","c/k 30 series","icev",1986,37
"chevrolet","c/k 3500","icev",1992,1
"chevrolet","c/k 3500","icev",1993,1
"chevrolet","c/k 3500","icev",1994,2
"chevrolet","c/k 3500","icev",1995,3
"chevrolet","c/k 3500","icev",1996,1
"chevrolet","c/k 3500","icev",1997,5
"chevrolet","c/k 3500","icev",1998,9
"chevrolet","c/k 3500","icev",1999,12
"chevrolet","c/k 3500","icev",2000,17
"chevrolet","c/k 3500 crew cab","icev",1993,1
"chevrolet","c/k 3500 crew cab","icev",1997,1
"chevrolet","c/k 3500 crew cab","icev",1998,1
"chevrolet","c/k 3500 series","icev",1988,71
"chevrolet","c/k 3500 series","icev",1989,65
"chevrolet","c/k 3500 series","icev",1990,45
"chevrolet","c/k 3500 series","icev",1991,18
"chevrolet","c/k 3500 series","icev",1992,38
"chevrolet","c/k 3500 series","icev",1993,48
"chevrolet","c/k 3500 series","icev",1994,55
"chevrolet","c/k 3500 series","icev",1995,57
"chevrolet","c/k 3500 series","icev",1996,78
"chevrolet","c/k 3500 series","icev",1997,84
"chevrolet","c/k 3500 series","icev",1998,147
"chevrolet","c/k 3500 series","icev",1999,91
"chevrolet","c/k 3500 series","icev",2000,167
"chevrolet","camaro","icev",1981,82
"chevrolet","camaro","icev",1982,60
"chevrolet","camaro","icev",1983,71
"chevrolet","camaro","icev",1984,139
"chevrolet","camaro","icev",1985,128
"chevrolet","camaro","icev",1986,153
"chevrolet","camaro","icev",1987,147
"chevrolet","camaro","icev",1988,123
"chevrolet","camaro","icev",1989,178
"chevrolet","camaro","icev",1990,59
"chevrolet","camaro","icev",1991,225
"chevrolet","camaro","icev",1992,198
"chevrolet","camaro","icev",1993,110
"chevrolet","camaro","icev",1994,365
"chevrolet","camaro","icev",1995,412
"chevrolet","camaro","icev",1996,248
"chevrolet","camaro","icev",1997,224
"chevrolet","camaro","icev",1998,203
"chevrolet","camaro","icev",1999,202
"chevrolet","camaro","icev",2000,247
"chevrolet","camaro","icev",2001,176
"chevrolet","camaro","icev",2002,283
"chevrolet","camaro","icev",2010,1213
"chevrolet","camaro","icev",2011,917
"chevrolet","camaro","icev",2012,888
"chevrolet","camaro","icev",2013,740
"chevrolet","camaro","icev",2014,369
"chevrolet","camaro","icev",2015,389
"chevrolet","camaro","icev",2016,231
"chevrolet","camaro","icev",2017,293
"chevrolet","camaro","icev",2018,238
"chevrolet","camaro","icev",2019,135
"chevrolet","camaro","icev",2020,98
"chevrolet","camaro","icev",2021,65
"chevrolet","camaro","icev",2022,44
"chevrolet","camaro","icev",2023,6
"chevrolet","camaro","icev",2024,3
"chevrolet","caprice","icev",1981,14
"chevrolet","caprice","icev",1982,27
"chevrolet","caprice","icev",1983,73
"chevrolet","caprice","icev",1984,109
"chevrolet","caprice","icev",1985,128
"chevrolet","caprice","icev",1986,130
"chevrolet","caprice","icev",1987,141
"chevrolet","caprice","icev",1988,136
"chevrolet","caprice","icev",1989,165
"chevrolet","caprice","icev",1990,80
"chevrolet","caprice","icev",1991,258
"chevrolet","caprice","icev",1992,148
"chevrolet","caprice","icev",1993,149
"chevrolet","caprice","icev",1994,185
"chevrolet","caprice","icev",1995,93
"chevrolet","caprice","icev",1996,220
"chevrolet","caprice","icev",2011,5
"chevrolet","caprice","icev",2012,3
"chevrolet","caprice","icev",2013,3
"chevrolet","caprice","icev",2014,5
"chevrolet","captiva sport","icev",2012,298
"chevrolet","captiva sport","icev",2013,165
"chevrolet","captiva sport","icev",2014,219
"chevrolet","captiva sport","icev",2015,45
"chevrolet","cavalier","icev",1982,7
"chevrolet","cavalier","icev",1983,29
"chevrolet","cavalier","icev",1984,93
"chevrolet","cavalier","icev",1985,94
"chevrolet","cavalier","icev",1986,121
"chevrolet","cavalier","icev",1987,162
"chevrolet","cavalier","icev",1988,178
"chevrolet","cavalier","icev",1989,242
"chevrolet","cavalier","icev",1990,269
"chevrolet","cavalier","icev",1991,370
"chevrolet","cavalier","icev",1992,320
"chevrolet","cavalier","icev",1993,451
"chevrolet","cavalier","icev",1994,578
"chevrolet","cavalier","icev",1995,367
"chevrolet","cavalier","icev",1996,790
"chevrolet","cavalier","icev",1997,1171
"chevrolet","cavalier","icev",1998,1139
"chevrolet","cavalier","icev",1999,990
"chevrolet","cavalier","icev",2000,1324
"chevrolet","cavalier","icev",2001,1289
"chevrolet","cavalier","icev",2002,1545
"chevrolet","cavalier","icev",2003,1354
"chevrolet","cavalier","icev",2004,1287
"chevrolet","cavalier","icev",2005,653
"chevrolet","celebrity","icev",1982,15
"chevrolet","celebrity","icev",1983,21
"chevrolet","celebrity","icev",1984,81
"chevrolet","celebrity","icev",1985,128
"chevrolet","celebrity","icev",1986,193
"chevrolet","celebrity","icev",1987,205
"chevrolet","celebrity","icev",1988,202
"chevrolet","celebrity","icev",1989,222
"chevrolet","celebrity","icev",1990,40
"chevrolet","chevette","icev",1981,24
"chevrolet","chevette","icev",1982,15
"chevrolet","chevette","icev",1983,20
"chevrolet","chevette","icev",1984,29
"chevrolet","chevette","icev",1985,22
"chevrolet","chevette","icev",1986,23
"chevrolet","chevette","icev",1987,14
"chevrolet","chevy cargo van","icev",1997,20
"chevrolet","chevy cargo van","icev",1998,28
"chevrolet","chevy van","icev",1981,15
"chevrolet","chevy van","icev",1982,23
"chevrolet","chevy van","icev",1983,31
"chevrolet","chevy van","icev",1984,42
"chevrolet","chevy van","icev",1985,68
"chevrolet","chevy van","icev",1986,39
"chevrolet","chevy van","icev",1987,35
"chevrolet","chevy van","icev",1988,41
"chevrolet","chevy van","icev",1989,46
"chevrolet","chevy van","icev",1990,62
"chevrolet","chevy van","icev",1991,32
"chevrolet","chevy van","icev",1992,38
"chevrolet","chevy van","icev",1993,77
"chevrolet","chevy van","icev",1994,62
"chevrolet","chevy van","icev",1995,153
"chevrolet","chevy van","icev",1996,50
"chevrolet","chevy van","icev",1997,59
"chevrolet","chevy van","icev",1998,77
"chevrolet","chevy van classic","icev",1996,23
"chevrolet","citation","icev",1981,32
"chevrolet","citation","icev",1982,26
"chevrolet","citation","icev",1983,16
"chevrolet","citation","icev",1984,20
"chevrolet","citation","icev",1985,20
"chevrolet","city express cargo","icev",2015,10
"chevrolet","city express cargo","icev",2017,4
"chevrolet","classic","icev",2004,589
"chevrolet","classic","icev",2005,551
"chevrolet","classic chevy van","icev",1996,1
"chevrolet","cobalt","icev",2005,957
"chevrolet","cobalt","icev",2006,1583
"chevrolet","cobalt","icev",2007,1529
"chevrolet","cobalt","icev",2008,1510
"chevrolet","cobalt","icev",2009,1235
"chevrolet","cobalt","icev",2010,921
"chevrolet","colorado","icev",2004,668
"chevrolet","colorado","icev",2005,1081
"chevrolet","colorado","icev",2006,779
"chevrolet","colorado","icev",2007,446
"chevrolet","colorado","icev",2008,515
"chevrolet","colorado","icev",2009,253
"chevrolet","colorado","icev",2010,193
"chevrolet","colorado","icev",2011,207
"chevrolet","colorado","icev",2012,369
"chevrolet","colorado","icev",2015,286
"chevrolet","colorado","icev",2016,540
"chevrolet","colorado","icev",2017,378
"chevrolet","colorado","icev",2018,471
"chevrolet","colorado","icev",2019,369
"chevrolet","colorado","icev",2020,186
"chevrolet","colorado","icev",2021,164
"chevrolet","colorado","icev",2022,141
"chevrolet","colorado","icev",2023,7
"chevrolet","corsica","icev",1987,6
"chevrolet","corsica","icev",1988,156
"chevrolet","corsica","icev",1989,173
"chevrolet","corsica","icev",1990,182
"chevrolet","corsica","icev",1991,278
"chevrolet","corsica","icev",1992,187
"chevrolet","corsica","icev",1993,217
"chevrolet","corsica","icev",1994,298
"chevrolet","corsica","icev",1995,292
"chevrolet","corsica","icev",1996,389
"chevrolet","corvette","icev",1981,110
"chevrolet","corvette","icev",1982,79
"chevrolet","corvette","icev",1984,151
"chevrolet","corvette","icev",1985,122
"chevrolet","corvette","icev",1986,119
"chevrolet","corvette","icev",1987,95
"chevrolet","corvette","icev",1988,79
"chevrolet","corvette","icev",1989,111
"chevrolet","corvette","icev",1990,92
"chevrolet","corvette","icev",1991,88
"chevrolet","corvette","icev",1992,112
"chevrolet","corvette","icev",1993,118
"chevrolet","corvette","icev",1994,117
"chevrolet","corvette","icev",1995,121
"chevrolet","corvette","icev",1996,150
"chevrolet","corvette","icev",1997,58
"chevrolet","corvette","icev",1998,194
"chevrolet","corvette","icev",1999,206
"chevrolet","corvette","icev",2000,247
"chevrolet","corvette","icev",2001,284
"chevrolet","corvette","icev",2002,300
"chevrolet","corvette","icev",2003,303
"chevrolet","corvette","icev",2004,294
"chevrolet","corvette","icev",2005,370
"chevrolet","corvette","icev",2006,307
"chevrolet","corvette","icev",2007,390
"chevrolet","corvette","icev",2008,384
"chevrolet","corvette","icev",2009,160
"chevrolet","corvette","icev",2010,117
"chevrolet","corvette","icev",2011,147
"chevrolet","corvette","icev",2012,129
"chevrolet","corvette","icev",2013,123
"chevrolet","corvette","icev",2014,194
"chevrolet","corvette","icev",2015,129
"chevrolet","corvette","icev",2016,179
"chevrolet","corvette","icev",2017,156
"chevrolet","corvette","icev",2018,47
"chevrolet","corvette","icev",2019,125
"chevrolet","corvette","icev",2020,48
"chevrolet","corvette","icev",2021,76
"chevrolet","corvette","icev",2022,64
"chevrolet","corvette","icev",2023,4
"chevrolet","corvette","icev",2024,3
"chevrolet","cruze","icev",2011,1837
"chevrolet","cruze","icev",2012,2849
"chevrolet","cruze","icev",2013,1827
"chevrolet","cruze","icev",2014,1269
"chevrolet","cruze","icev",2015,582
"chevrolet","cruze","icev",2016,315
"chevrolet","cruze","icev",2017,760
"chevrolet","cruze","icev",2018,446
"chevrolet","cruze","icev",2019,146
"chevrolet","cruze limited","icev",2016,427
"chevrolet","el camino","icev",1981,59
"chevrolet","el camino","icev",1982,41
"chevrolet","el camino","icev",1983,35
"chevrolet","el camino","icev",1984,43
"chevrolet","el camino","icev",1985,73
"chevrolet","el camino","icev",1986,56
"chevrolet","el camino","icev",1987,43
"chevrolet","equinox","icev",2005,1448
"chevrolet","equinox","icev",2006,905
"chevrolet","equinox","icev",2007,701
"chevrolet","equinox","icev",2008,828
"chevrolet","equinox","icev",2009,331
"chevrolet","equinox","icev",2010,1579
"chevrolet","equinox","icev",2011,2314
"chevrolet","equinox","icev",2012,2651
"chevrolet","equinox","icev",2013,2930
"chevrolet","equinox","icev",2014,1030
"chevrolet","equinox","icev",2015,1193
"chevrolet","equinox","icev",2016,918
"chevrolet","equinox","icev",2017,1014
"chevrolet","equinox","icev",2018,1359
"chevrolet","equinox","icev",2019,816
"chevrolet","equinox","icev",2020,781
"chevrolet","equinox","icev",2021,268
"chevrolet","equinox","icev",2022,201
"chevrolet","equinox","icev",2023,2
"chevrolet","equinox","icev",2024,23
"chevrolet","express","icev",1997,12
"chevrolet","express","icev",1998,22
"chevrolet","express","icev",1999,37
"chevrolet","express","icev",2000,47
"chevrolet","express","icev",2001,57
"chevrolet","express","icev",2002,48
"chevrolet","express","icev",2003,60
"chevrolet","express","icev",2004,53
"chevrolet","express","icev",2005,58
"chevrolet","express","icev",2006,42
"chevrolet","express","icev",2007,44
"chevrolet","express","icev",2008,30
"chevrolet","express","icev",2009,14
"chevrolet","express","icev",2010,16
"chevrolet","express","icev",2011,22
"chevrolet","express","icev",2012,24
"chevrolet","express","icev",2013,17
"chevrolet","express","icev",2014,13
"chevrolet","express","icev",2015,10
"chevrolet","express cargo","icev",1999,135
"chevrolet","express cargo","icev",2000,146
"chevrolet","express cargo","icev",2001,144
"chevrolet","express cargo","icev",2002,170
"chevrolet","express cargo","icev",2003,185
"chevrolet","express cargo","icev",2004,150
"chevrolet","express cargo","icev",2005,196
"chevrolet","express cargo","icev",2006,224
"chevrolet","express cargo","icev",2007,134
"chevrolet","express cargo","icev",2008,113
"chevrolet","express cargo","icev",2009,78
"chevrolet","express cargo","icev",2010,58
"chevrolet","express cargo","icev",2011,67
"chevrolet","express cargo","icev",2012,60
"chevrolet","express cargo","icev",2013,57
"chevrolet","express cargo","icev",2014,45
"chevrolet","express cargo","icev",2015,42
"chevrolet","express cargo","icev",2016,22
"chevrolet","express cargo","icev",2017,49
"chevrolet","express cargo","icev",2018,15
"chevrolet","express cargo","icev",2019,16
"chevrolet","express cargo","icev",2020,20
"chevrolet","express cargo","icev",2021,5
"chevrolet","express cargo","icev",2022,1
"chevrolet","express cargo van","icev",2000,112
"chevrolet","express cargo van","icev",2001,43
"chevrolet","express cargo van","icev",2002,1
"chevrolet","express cargo van","icev",2003,59
"chevrolet","express cargo van","icev",2005,19
"chevrolet","express cargo van","icev",2006,11
"chevrolet","express cargo van","icev",2007,4
"chevrolet","express cutaway","icev",2010,9
"chevrolet","express cutaway","icev",2011,4
"chevrolet","express cutaway","icev",2012,18
"chevrolet","express cutaway","icev",2013,14
"chevrolet","express cutaway","icev",2014,15
"chevrolet","express cutaway","icev",2015,6
"chevrolet","express cutaway","icev",2016,7
"chevrolet","express cutaway","icev",2017,8
"chevrolet","express cutaway","icev",2018,4
"chevrolet","express cutaway","icev",2019,5
"chevrolet","express cutaway","icev",2021,3
"chevrolet","express passenger","icev",2000,1
"chevrolet","express passenger","icev",2001,3
"chevrolet","express passenger","icev",2002,2
"chevrolet","express passenger","icev",2004,41
"chevrolet","express passenger","icev",2005,4
"chevrolet","express passenger","icev",2006,3
"chevrolet","express passenger","icev",2007,5
"chevrolet","express passenger","icev",2008,10
"chevrolet","express passenger","icev",2009,2
"chevrolet","express passenger","icev",2010,3
"chevrolet","express passenger","icev",2011,5
"chevrolet","express passenger","icev",2013,4
"chevrolet","express passenger","icev",2014,10
"chevrolet","express passenger","icev",2015,6
"chevrolet","express passenger","icev",2016,17
"chevrolet","express passenger","icev",2017,21
"chevrolet","express passenger","icev",2018,11
"chevrolet","express passenger","icev",2019,5
"chevrolet","express passenger","icev",2020,4
"chevrolet","express passenger","icev",2021,1
"chevrolet","express van","icev",1999,52
"chevrolet","express van","icev",2002,72
"chevrolet","forward control chassis","icev",1991,1
"chevrolet","forward control chassis","icev",1999,1
"chevrolet","hhr","icev",2006,878
"chevrolet","hhr","icev",2007,801
"chevrolet","hhr","icev",2008,737
"chevrolet","hhr","icev",2009,727
"chevrolet","hhr","icev",2010,411
"chevrolet","hhr","icev",2011,492
"chevrolet","impala","icev",1981,10
"chevrolet","impala","icev",1982,9
"chevrolet","impala","icev",1983,12
"chevrolet","impala","icev",1984,17
"chevrolet","impala","icev",1985,25
"chevrolet","impala","icev",1994,1
"chevrolet","impala","icev",1995,121
"chevrolet","impala","icev",1996,6
"chevrolet","impala","icev",2000,1186
"chevrolet","impala","icev",2001,1265
"chevrolet","impala","icev",2002,1424
"chevrolet","impala","icev",2003,1842
"chevrolet","impala","icev",2004,1931
"chevrolet","impala","icev",2005,1654
"chevrolet","impala","icev",2006,1939
"chevrolet","impala","icev",2007,2035
"chevrolet","impala","icev",2008,2764
"chevrolet","impala","icev",2009,1670
"chevrolet","impala","icev",2010,1229
"chevrolet","impala","icev",2011,1372
"chevrolet","impala","icev",2012,1430
"chevrolet","impala","icev",2013,767
"chevrolet","impala","icev",2014,564
"chevrolet","impala","icev",2015,336
"chevrolet","impala","icev",2016,267
"chevrolet","impala","icev",2017,315
"chevrolet","impala","icev",2018,246
"chevrolet","impala","icev",2019,149
"chevrolet","impala","icev",2020,51
"chevrolet","impala limited","icev",2014,283
"chevrolet","impala limited","icev",2015,92
"chevrolet","impala limited","icev",2016,95
"chevrolet","lumina","icev",1990,440
"chevrolet","lumina","icev",1991,349
"chevrolet","lumina","icev",1992,455
"chevrolet","lumina","icev",1993,546
"chevrolet","lumina","icev",1994,225
"chevrolet","lumina","icev",1995,733
"chevrolet","lumina","icev",1996,732
"chevrolet","lumina","icev",1997,1002
"chevrolet","lumina","icev",1998,771
"chevrolet","lumina","icev",1999,637
"chevrolet","lumina","icev",2000,182
"chevrolet","lumina","icev",2001,274
"chevrolet","lumina minivan","icev",1990,95
"chevrolet","lumina minivan","icev",1991,67
"chevrolet","lumina minivan","icev",1992,93
"chevrolet","lumina minivan","icev",1993,88
"chevrolet","lumina minivan","icev",1994,102
"chevrolet","lumina minivan","icev",1995,151
"chevrolet","lumina minivan","icev",1996,66
"chevrolet","luv","icev",1981,19
"chevrolet","malibu","hev",2008,14
"chevrolet","malibu","hev",2009,30
"chevrolet","malibu","hev",2016,12
"chevrolet","malibu","hev",2017,16
"chevrolet","malibu","hev",2018,10
"chevrolet","malibu","hev",2019,1
"chevrolet","malibu","icev",1981,45
"chevrolet","malibu","icev",1982,21
"chevrolet","malibu","icev",1983,36
"chevrolet","malibu","icev",1997,353
"chevrolet","malibu","icev",1998,979
"chevrolet","malibu","icev",1999,968
"chevrolet","malibu","icev",2000,1084
"chevrolet","malibu","icev",2001,1241
"chevrolet","malibu","icev",2002,971
"chevrolet","malibu","icev",2003,1257
"chevrolet","malibu","icev",2004,694
"chevrolet","malibu","icev",2005,1232
"chevrolet","malibu","icev",2006,1030
"chevrolet","malibu","icev",2007,728
"chevrolet","malibu","icev",2008,1246
"chevrolet","malibu","icev",2009,1672
"chevrolet","malibu","icev",2010,1780
"chevrolet","malibu","icev",2011,2053
"chevrolet","malibu","icev",2012,2088
"chevrolet","malibu","icev",2013,1921
"chevrolet","malibu","icev",2014,588
"chevrolet","malibu","icev",2015,738
"chevrolet","malibu","icev",2016,605
"chevrolet","malibu","icev",2017,660
"chevrolet","malibu","icev",2018,572
"chevrolet","malibu","icev",2019,194
"chevrolet","malibu","icev",2020,266
"chevrolet","malibu","icev",2021,102
"chevrolet","malibu","icev",2022,1
"chevrolet","malibu","icev",2024,3
"chevrolet","malibu classic","icev",2008,173
"chevrolet","malibu limited","icev",2016,297
"chevrolet","malibu maxx","icev",2004,296
"chevrolet","malibu maxx","icev",2005,375
"chevrolet","malibu maxx","icev",2006,261
"chevrolet","malibu maxx","icev",2007,113
"chevrolet","metro","icev",1998,109
"chevrolet","metro","icev",1999,93
"chevrolet","metro","icev",2000,112
"chevrolet","metro","icev",2001,52
"chevrolet","monte carlo","icev",1981,39
"chevrolet","monte carlo","icev",1982,15
"chevrolet","monte carlo","icev",1983,39
"chevrolet","monte carlo","icev",1984,97
"chevrolet","monte carlo","icev",1985,118
"chevrolet","monte carlo","icev",1986,139
"chevrolet","monte carlo","icev",1987,119
"chevrolet","monte carlo","icev",1988,52
"chevrolet","monte carlo","icev",1995,282
"chevrolet","monte carlo","icev",1996,283
"chevrolet","monte carlo","icev",1997,292
"chevrolet","monte carlo","icev",1998,310
"chevrolet","monte carlo","icev",1999,371
"chevrolet","monte carlo","icev",2000,347
"chevrolet","monte carlo","icev",2001,473
"chevrolet","monte carlo","icev",2002,524
"chevrolet","monte carlo","icev",2003,523
"chevrolet","monte carlo","icev",2004,479
"chevrolet","monte carlo","icev",2005,274
"chevrolet","monte carlo","icev",2006,299
"chevrolet","monte carlo","icev",2007,162
"chevrolet","motor home chassis","icev",1991,1
"chevrolet","nova","icev",1985,14
"chevrolet","nova","icev",1986,73
"chevrolet","nova","icev",1987,88
"chevrolet","nova","icev",1988,83
"chevrolet","p forward control chassis","icev",1995,1
"chevrolet","p forward control chassis","icev",1996,1
"chevrolet","p forward control chassis","icev",1998,1
"chevrolet","p motor home chassis","icev",1992,1
"chevrolet","p motor home chassis","icev",1995,2
"chevrolet","p motor home cutaway","icev",1993,2
"chevrolet","p series van","icev",1981,2
"chevrolet","p series van","icev",1982,2
"chevrolet","prizm","icev",1998,180
"chevrolet","prizm","icev",1999,205
"chevrolet","prizm","icev",2000,217
"chevrolet","prizm","icev",2001,355
"chevrolet","prizm","icev",2002,217
"chevrolet","r/v 10 series","icev",1987,479
"chevrolet","r/v 20 series","icev",1987,106
"chevrolet","r/v 2500 series","icev",1987,1
"chevrolet","r/v 2500 series","icev",1988,10
"chevrolet","r/v 2500 series","icev",1989,4
"chevrolet","r/v 30 series","icev",1987,15
"chevrolet","r/v 3500 series","icev",1987,15
"chevrolet","r/v 3500 series","icev",1988,18
"chevrolet","r/v 3500 series","icev",1989,22
"chevrolet","r/v 3500 series","icev",1990,8
"chevrolet","r/v 3500 series","icev",1991,10
"chevrolet","s-10","icev",1982,97
"chevrolet","s-10","icev",1983,151
"chevrolet","s-10","icev",1984,198
"chevrolet","s-10","icev",1985,243
"chevrolet","s-10","icev",1986,205
"chevrolet","s-10","icev",1987,249
"chevrolet","s-10","icev",1988,374
"chevrolet","s-10","icev",1989,420
"chevrolet","s-10","icev",1990,138
"chevrolet","s-10","icev",1991,824
"chevrolet","s-10","icev",1992,537
"chevrolet","s-10","icev",1993,580
"chevrolet","s-10","icev",1994,741
"chevrolet","s-10","icev",1995,882
"chevrolet","s-10","icev",1996,799
"chevrolet","s-10","icev",1997,776
"chevrolet","s-10","icev",1998,1163
"chevrolet","s-10","icev",1999,942
"chevrolet","s-10","icev",2000,1462
"chevrolet","s-10","icev",2001,1104
"chevrolet","s-10","icev",2002,994
"chevrolet","s-10","icev",2003,1211
"chevrolet","s-10","icev",2004,96
"chevrolet","s-10 blazer","icev",1983,40
"chevrolet","s-10 blazer","icev",1984,86
"chevrolet","s-10 blazer","icev",1985,200
"chevrolet","s-10 blazer","icev",1986,136
"chevrolet","s-10 blazer","icev",1987,181
"chevrolet","s-10 blazer","icev",1988,205
"chevrolet","s-10 blazer","icev",1989,275
"chevrolet","s-10 blazer","icev",1990,81
"chevrolet","s-10 blazer","icev",1991,385
"chevrolet","s-10 blazer","icev",1992,292
"chevrolet","s-10 blazer","icev",1993,365
"chevrolet","s-10 blazer","icev",1994,448
"chevrolet","silverado 1500","hev",2009,14
"chevrolet","silverado 1500","hev",2010,9
"chevrolet","silverado 1500","hev",2011,5
"chevrolet","silverado 1500","hev",2012,1
"chevrolet","silverado 1500","hev",2013,2
"chevrolet","silverado 1500","icev",1999,2463
"chevrolet","silverado 1500","icev",2000,3671
"chevrolet","silverado 1500","icev",2001,2867
"chevrolet","silverado 1500","icev",2002,3071
"chevrolet","silverado 1500","icev",2003,3600
"chevrolet","silverado 1500","icev",2004,3553
"chevrolet","silverado 1500","icev",2005,3434
"chevrolet","silverado 1500","icev",2006,3019
"chevrolet","silverado 1500","icev",2007,2454
"chevrolet","silverado 1500","icev",2008,3721
"chevrolet","silverado 1500","icev",2009,2655
"chevrolet","silverado 1500","icev",2010,2107
"chevrolet","silverado 1500","icev",2011,3716
"chevrolet","silverado 1500","icev",2012,2751
"chevrolet","silverado 1500","icev",2013,3033
"chevrolet","silverado 1500","icev",2014,2671
"chevrolet","silverado 1500","icev",2015,2084
"chevrolet","silverado 1500","icev",2016,1501
"chevrolet","silverado 1500","icev",2017,2197
"chevrolet","silverado 1500","icev",2018,2207
"chevrolet","silverado 1500","icev",2019,1194
"chevrolet","silverado 1500","icev",2020,1216
"chevrolet","silverado 1500","icev",2021,966
"chevrolet","silverado 1500","icev",2022,2
"chevrolet","silverado 1500","icev",2023,15
"chevrolet","silverado 1500","icev",2024,34
"chevrolet","silverado 1500 classic","icev",2007,1367
"chevrolet","silverado 1500 ld","icev",2019,141
"chevrolet","silverado 1500 limited","icev",2022,241
"chevrolet","silverado 1500 ss","icev",2003,84
"chevrolet","silverado 1500 ss","icev",2004,30
"chevrolet","silverado 1500 ss","icev",2005,24
"chevrolet","silverado 1500 ss","icev",2006,28
"chevrolet","silverado 1500 ss classic","icev",2007,3
"chevrolet","silverado 1500hd","icev",2001,112
"chevrolet","silverado 1500hd","icev",2002,206
"chevrolet","silverado 1500hd","icev",2003,306
"chevrolet","silverado 1500hd","icev",2005,82
"chevrolet","silverado 1500hd","icev",2006,44
"chevrolet","silverado 1500hd classic","icev",2007,27
"chevrolet","silverado 2500","icev",1999,243
"chevrolet","silverado 2500","icev",2000,500
"chevrolet","silverado 2500","icev",2001,103
"chevrolet","silverado 2500","icev",2002,43
"chevrolet","silverado 2500","icev",2003,58
"chevrolet","silverado 2500","icev",2004,172
"chevrolet","silverado 2500hd","icev",2001,748
"chevrolet","silverado 2500hd","icev",2002,764
"chevrolet","silverado 2500hd","icev",2003,828
"chevrolet","silverado 2500hd","icev",2004,788
"chevrolet","silverado 2500hd","icev",2005,700
"chevrolet","silverado 2500hd","icev",2006,553
"chevrolet","silverado 2500hd","icev",2007,303
"chevrolet","silverado 2500hd","icev",2008,357
"chevrolet","silverado 2500hd","icev",2009,347
"chevrolet","silverado 2500hd","icev",2010,193
"chevrolet","silverado 2500hd","icev",2011,439
"chevrolet","silverado 2500hd","icev",2012,278
"chevrolet","silverado 2500hd","icev",2013,338
"chevrolet","silverado 2500hd","icev",2014,75
"chevrolet","silverado 2500hd","icev",2015,312
"chevrolet","silverado 2500hd","icev",2016,222
"chevrolet","silverado 2500hd","icev",2017,148
"chevrolet","silverado 2500hd","icev",2018,125
"chevrolet","silverado 2500hd","icev",2019,91
"chevrolet","silverado 2500hd","icev",2020,113
"chevrolet","silverado 2500hd","icev",2021,71
"chevrolet","silverado 2500hd","icev",2022,51
"chevrolet","silverado 2500hd","icev",2023,1
"chevrolet","silverado 2500hd","icev",2024,7
"chevrolet","silverado 2500hd classic","icev",2007,205
"chevrolet","silverado 3500","icev",2001,98
"chevrolet","silverado 3500","icev",2002,39
"chevrolet","silverado 3500","icev",2003,43
"chevrolet","silverado 3500","icev",2004,38
"chevrolet","silverado 3500","icev",2005,35
"chevrolet","silverado 3500","icev",2006,34
"chevrolet","silverado 3500 classic","icev",2007,12
"chevrolet","silverado 3500hd","icev",2007,20
"chevrolet","silverado 3500hd","icev",2008,31
"chevrolet","silverado 3500hd","icev",2009,35
"chevrolet","silverado 3500hd","icev",2010,19
"chevrolet","silverado 3500hd","icev",2011,28
"chevrolet","silverado 3500hd","icev",2012,23
"chevrolet","silverado 3500hd","icev",2013,23
"chevrolet","silverado 3500hd","icev",2014,5
"chevrolet","silverado 3500hd","icev",2015,26
"chevrolet","silverado 3500hd","icev",2016,35
"chevrolet","silverado 3500hd","icev",2017,14
"chevrolet","silverado 3500hd","icev",2018,15
"chevrolet","silverado 3500hd","icev",2019,11
"chevrolet","silverado 3500hd","icev",2020,10
"chevrolet","silverado 3500hd","icev",2021,3
"chevrolet","silverado 3500hd","icev",2022,6
"chevrolet","silverado 3500hd","icev",2023,1
"chevrolet","silverado 3500hd cc","icev",2008,7
"chevrolet","silverado 3500hd cc","icev",2009,8
"chevrolet","silverado 3500hd cc","icev",2010,4
"chevrolet","silverado 3500hd cc","icev",2011,8
"chevrolet","silverado 3500hd cc","icev",2012,6
"chevrolet","silverado 3500hd cc","icev",2013,5
"chevrolet","silverado 3500hd cc","icev",2017,8
"chevrolet","silverado 3500hd cc","icev",2018,2
"chevrolet","silverado 3500hd cc","icev",2019,1
"chevrolet","silverado 3500hd cc","icev",2021,2
"chevrolet","silverado 3500hd cc","icev",2022,1
"chevrolet","sonic","icev",2012,770
"chevrolet","sonic","icev",2013,675
"chevrolet","sonic","icev",2014,250
"chevrolet","sonic","icev",2015,234
"chevrolet","sonic","icev",2016,164
"chevrolet","sonic","icev",2017,167
"chevrolet","sonic","icev",2018,77
"chevrolet","sonic","icev",2019,38
"chevrolet","sonic","icev",2020,30
"chevrolet","spark","icev",2013,244
"chevrolet","spark","icev",2014,228
"chevrolet","spark","icev",2015,104
"chevrolet","spark","icev",2016,93
"chevrolet","spark","icev",2017,134
"chevrolet","spark","icev",2018,41
"chevrolet","spark","icev",2019,70
"chevrolet","spark","icev",2020,80
"chevrolet","spark","icev",2021,46
"chevrolet","spark","icev",2022,25
"chevrolet","spark ev","bev",2014,5
"chevrolet","spark ev","bev",2015,4
"chevrolet","spark ev","bev",2016,3
"chevrolet","spectrum","icev",1985,6
"chevrolet","spectrum","icev",1986,24
"chevrolet","spectrum","icev",1987,28
"chevrolet","spectrum","icev",1988,16
"chevrolet","sportvan","icev",1981,5
"chevrolet","sportvan","icev",1982,7
"chevrolet","sportvan","icev",1983,10
"chevrolet","sportvan","icev",1984,18
"chevrolet","sportvan","icev",1985,12
"chevrolet","sportvan","icev",1986,17
"chevrolet","sportvan","icev",1987,11
"chevrolet","sportvan","icev",1988,19
"chevrolet","sportvan","icev",1989,9
"chevrolet","sportvan","icev",1990,14
"chevrolet","sportvan","icev",1991,18
"chevrolet","sportvan","icev",1992,11
"chevrolet","sportvan","icev",1993,3
"chevrolet","sportvan","icev",1994,14
"chevrolet","sportvan","icev",1995,15
"chevrolet","sportvan","icev",1996,2
"chevrolet","sprint","icev",1985,8
"chevrolet","sprint","icev",1986,26
"chevrolet","sprint","icev",1987,22
"chevrolet","sprint","icev",1988,24
"chevrolet","ss","icev",2014,24
"chevrolet","ss","icev",2015,24
"chevrolet","ss","icev",2016,15
"chevrolet","ss","icev",2017,25
"chevrolet","ssr","icev",2003,17
"chevrolet","ssr","icev",2004,82
"chevrolet","ssr","icev",2005,52
"chevrolet","ssr","icev",2006,18
"chevrolet","suburban","icev",1981,15
"chevrolet","suburban","icev",1982,8
"chevrolet","suburban","icev",1983,21
"chevrolet","suburban","icev",1984,54
"chevrolet","suburban","icev",1985,77
"chevrolet","suburban","icev",1986,82
"chevrolet","suburban","icev",1987,87
"chevrolet","suburban","icev",1988,141
"chevrolet","suburban","icev",1989,183
"chevrolet","suburban","icev",1990,197
"chevrolet","suburban","icev",1991,128
"chevrolet","suburban","icev",1992,121
"chevrolet","suburban","icev",1993,261
"chevrolet","suburban","icev",1994,345
"chevrolet","suburban","icev",1995,364
"chevrolet","suburban","icev",1996,317
"chevrolet","suburban","icev",1997,479
"chevrolet","suburban","icev",1998,270
"chevrolet","suburban","icev",1999,1317
"chevrolet","suburban","icev",2000,524
"chevrolet","suburban","icev",2001,1131
"chevrolet","suburban","icev",2002,1112
"chevrolet","suburban","icev",2003,1202
"chevrolet","suburban","icev",2004,1308
"chevrolet","suburban","icev",2005,857
"chevrolet","suburban","icev",2006,326
"chevrolet","suburban","icev",2007,1130
"chevrolet","suburban","icev",2008,751
"chevrolet","suburban","icev",2009,404
"chevrolet","suburban","icev",2010,329
"chevrolet","suburban","icev",2011,603
"chevrolet","suburban","icev",2012,424
"chevrolet","suburban","icev",2013,483
"chevrolet","suburban","icev",2014,133
"chevrolet","suburban","icev",2015,342
"chevrolet","suburban","icev",2016,344
"chevrolet","suburban","icev",2017,287
"chevrolet","suburban","icev",2018,265
"chevrolet","suburban","icev",2019,216
"chevrolet","suburban","icev",2020,111
"chevrolet","suburban","icev",2021,135
"chevrolet","suburban","icev",2022,73
"chevrolet","suburban","icev",2024,1
"chevrolet","tahoe","hev",2008,41
"chevrolet","tahoe","hev",2009,34
"chevrolet","tahoe","hev",2010,3
"chevrolet","tahoe","hev",2011,4
"chevrolet","tahoe","hev",2012,5
"chevrolet","tahoe","hev",2013,1
"chevrolet","tahoe","icev",1995,323
"chevrolet","tahoe","icev",1996,448
"chevrolet","tahoe","icev",1997,524
"chevrolet","tahoe","icev",1998,377
"chevrolet","tahoe","icev",1999,1221
"chevrolet","tahoe","icev",2000,564
"chevrolet","tahoe","icev",2001,1232
"chevrolet","tahoe","icev",2002,1394
"chevrolet","tahoe","icev",2003,1606
"chevrolet","tahoe","icev",2004,1727
"chevrolet","tahoe","icev",2005,1496
"chevrolet","tahoe","icev",2006,479
"chevrolet","tahoe","icev",2007,2326
"chevrolet","tahoe","icev",2008,1089
"chevrolet","tahoe","icev",2009,597
"chevrolet","tahoe","icev",2010,559
"chevrolet","tahoe","icev",2011,931
"chevrolet","tahoe","icev",2012,605
"chevrolet","tahoe","icev",2013,679
"chevrolet","tahoe","icev",2014,130
"chevrolet","tahoe","icev",2015,547
"chevrolet","tahoe","icev",2016,514
"chevrolet","tahoe","icev",2017,493
"chevrolet","tahoe","icev",2018,382
"chevrolet","tahoe","icev",2019,337
"chevrolet","tahoe","icev",2020,187
"chevrolet","tahoe","icev",2021,318
"chevrolet","tahoe","icev",2022,124
"chevrolet","tahoe","icev",2023,13
"chevrolet","tahoe","icev",2024,4
"chevrolet","tracker","icev",1998,101
"chevrolet","tracker","icev",1999,164
"chevrolet","tracker","icev",2000,264
"chevrolet","tracker","icev",2001,324
"chevrolet","tracker","icev",2002,317
"chevrolet","tracker","icev",2003,277
"chevrolet","tracker","icev",2004,86
"chevrolet","trailblazer","icev",2002,2216
"chevrolet","trailblazer","icev",2003,2437
"chevrolet","trailblazer","icev",2004,1552
"chevrolet","trailblazer","icev",2005,1582
"chevrolet","trailblazer","icev",2006,1606
"chevrolet","trailblazer","icev",2007,1314
"chevrolet","trailblazer","icev",2008,1048
"chevrolet","trailblazer","icev",2009,135
"chevrolet","trailblazer","icev",2021,136
"chevrolet","trailblazer","icev",2022,57
"chevrolet","trailblazer","icev",2023,1
"chevrolet","trailblazer","icev",2024,6
"chevrolet","trailblazer ext","icev",2004,523
"chevrolet","trailblazer ext","icev",2005,588
"chevrolet","trailblazer ext","icev",2006,383
"chevrolet","traverse","icev",2009,898
"chevrolet","traverse","icev",2010,917
"chevrolet","traverse","icev",2011,1580
"chevrolet","traverse","icev",2012,1417
"chevrolet","traverse","icev",2013,740
"chevrolet","traverse","icev",2014,480
"chevrolet","traverse","icev",2015,460
"chevrolet","traverse","icev",2016,482
"chevrolet","traverse","icev",2017,679
"chevrolet","traverse","icev",2018,598
"chevrolet","traverse","icev",2019,539
"chevrolet","traverse","icev",2020,496
"chevrolet","traverse","icev",2021,256
"chevrolet","traverse","icev",2022,66
"chevrolet","traverse","icev",2023,8
"chevrolet","trax","icev",2015,231
"chevrolet","trax","icev",2016,295
"chevrolet","trax","icev",2017,244
"chevrolet","trax","icev",2018,248
"chevrolet","trax","icev",2019,206
"chevrolet","trax","icev",2020,215
"chevrolet","trax","icev",2021,35
"chevrolet","trax","icev",2022,39
"chevrolet","trax","icev",2024,9
"chevrolet","uplander","icev",2005,435
"chevrolet","uplander","icev",2006,435
"chevrolet","uplander","icev",2007,406
"chevrolet","uplander","icev",2008,395
"chevrolet","van","icev",1984,4
"chevrolet","venture","icev",1997,328
"chevrolet","venture","icev",1998,451
"chevrolet","venture","icev",1999,495
"chevrolet","venture","icev",2000,615
"chevrolet","venture","icev",2001,621
"chevrolet","venture","icev",2002,621
"chevrolet","venture","icev",2003,772
"chevrolet","venture","icev",2004,526
"chevrolet","venture","icev",2005,181
"chevrolet","volt","phev",2011,52
"chevrolet","volt","phev",2012,192
"chevrolet","volt","phev",2013,310
"chevrolet","volt","phev",2014,74
"chevrolet","volt","phev",2015,30
"chevrolet","volt","phev",2016,13
"chevrolet","volt","phev",2017,101
"chevrolet","volt","phev",2018,50
"chevrolet","volt","phev",2019,12
"chrysler","200","icev",2011,635
"chrysler","200","icev",2012,1096
"chrysler","200","icev",2013,979
"chrysler","200","icev",2014,199
"chrysler","200","icev",2015,766
"chrysler","200","icev",2016,305
"chrysler","200","icev",2017,84
"chrysler","300","icev",2005,1272
"chrysler","300","icev",2006,1724
"chrysler","300","icev",2007,922
"chrysler","300","icev",2008,641
"chrysler","300","icev",2009,283
"chrysler","300","icev",2010,412
"chrysler","300","icev",2011,315
"chrysler","300","icev",2012,586
"chrysler","300","icev",2013,556
"chrysler","300","icev",2014,235
"chrysler","300","icev",2015,154
"chrysler","300","icev",2016,183
"chrysler","300","icev",2017,192
"chrysler","300","icev",2018,171
"chrysler","300","icev",2019,149
"chrysler","300","icev",2020,27
"chrysler","300","icev",2021,40
"chrysler","300","icev",2022,2
"chrysler","300","icev",2023,3
"chrysler","300m","icev",1999,483
"chrysler","300m","icev",2000,377
"chrysler","300m","icev",2001,289
"chrysler","300m","icev",2002,299
"chrysler","300m","icev",2003,118
"chrysler","300m","icev",2004,165
"chrysler","aspen","hev",2009,4
"chrysler","aspen","icev",2007,310
"chrysler","aspen","icev",2008,290
"chrysler","aspen","icev",2009,56
"chrysler","cirrus","icev",1995,206
"chrysler","cirrus","icev",1996,166
"chrysler","cirrus","icev",1997,115
"chrysler","cirrus","icev",1998,174
"chrysler","cirrus","icev",1999,183
"chrysler","cirrus","icev",2000,304
"chrysler","concorde","icev",1993,156
"chrysler","concorde","icev",1994,243
"chrysler","concorde","icev",1995,186
"chrysler","concorde","icev",1996,216
"chrysler","concorde","icev",1997,257
"chrysler","concorde","icev",1998,272
"chrysler","concorde","icev",1999,385
"chrysler","concorde","icev",2000,403
"chrysler","concorde","icev",2001,217
"chrysler","concorde","icev",2002,274
"chrysler","concorde","icev",2003,105
"chrysler","concorde","icev",2004,177
"chrysler","conquest","icev",1987,13
"chrysler","conquest","icev",1988,8
"chrysler","conquest","icev",1989,7
"chrysler","cordoba","icev",1981,6
"chrysler","cordoba","icev",1982,2
"chrysler","cordoba","icev",1983,2
"chrysler","crossfire","icev",2004,129
"chrysler","crossfire","icev",2005,184
"chrysler","crossfire","icev",2006,48
"chrysler","crossfire","icev",2007,27
"chrysler","crossfire","icev",2008,22
"chrysler","crossfire srt-6","icev",2005,27
"chrysler","e class","icev",1983,8
"chrysler","e class","icev",1984,12
"chrysler","fifth avenue","icev",1984,36
"chrysler","fifth avenue","icev",1985,59
"chrysler","fifth avenue","icev",1986,65
"chrysler","fifth avenue","icev",1987,89
"chrysler","fifth avenue","icev",1988,36
"chrysler","fifth avenue","icev",1989,24
"chrysler","grand voyager","icev",2000,275
"chrysler","imperial","icev",1981,4
"chrysler","imperial","icev",1990,43
"chrysler","imperial","icev",1991,26
"chrysler","imperial","icev",1992,21
"chrysler","imperial","icev",1993,19
"chrysler","intrepid","icev",1998,6
"chrysler","intrepid","icev",1999,15
"chrysler","intrepid","icev",2000,19
"chrysler","intrepid","icev",2001,22
"chrysler","intrepid","icev",2002,8
"chrysler","intrepid se","icev",2004,1
"chrysler","laser","icev",1984,2
"chrysler","laser","icev",1985,8
"chrysler","laser","icev",1986,10
"chrysler","le baron","icev",1981,8
"chrysler","le baron","icev",1982,26
"chrysler","le baron","icev",1983,26
"chrysler","le baron","icev",1984,54
"chrysler","le baron","icev",1985,57
"chrysler","le baron","icev",1986,89
"chrysler","le baron","icev",1987,102
"chrysler","le baron","icev",1988,124
"chrysler","le baron","icev",1989,120
"chrysler","le baron","icev",1990,152
"chrysler","le baron","icev",1991,120
"chrysler","le baron","icev",1992,152
"chrysler","le baron","icev",1993,155
"chrysler","le baron","icev",1994,194
"chrysler","le baron","icev",1995,124
"chrysler","lhs","icev",1994,205
"chrysler","lhs","icev",1995,92
"chrysler","lhs","icev",1996,142
"chrysler","lhs","icev",1997,177
"chrysler","lhs","icev",1999,239
"chrysler","lhs","icev",2000,143
"chrysler","lhs","icev",2001,103
"chrysler","new yorker","icev",1981,2
"chrysler","new yorker","icev",1982,7
"chrysler","new yorker","icev",1983,32
"chrysler","new yorker","icev",1984,20
"chrysler","new yorker","icev",1985,25
"chrysler","new yorker","icev",1986,21
"chrysler","new yorker","icev",1987,33
"chrysler","new yorker","icev",1988,87
"chrysler","new yorker","icev",1989,101
"chrysler","new yorker","icev",1990,157
"chrysler","new yorker","icev",1991,112
"chrysler","new yorker","icev",1992,135
"chrysler","new yorker","icev",1993,153
"chrysler","new yorker","icev",1994,125
"chrysler","new yorker","icev",1995,97
"chrysler","new yorker","icev",1996,15
"chrysler","newport","icev",1981,2
"chrysler","pacifica","icev",2004,808
"chrysler","pacifica","icev",2005,928
"chrysler","pacifica","icev",2006,664
"chrysler","pacifica","icev",2007,579
"chrysler","pacifica","icev",2008,158
"chrysler","pacifica","icev",2017,955
"chrysler","pacifica","icev",2018,449
"chrysler","pacifica","icev",2019,303
"chrysler","pacifica","icev",2020,294
"chrysler","pacifica","icev",2021,91
"chrysler","pacifica","icev",2022,44
"chrysler","pacifica","icev",2023,3
"chrysler","pacifica","phev",2017,18
"chrysler","pacifica","phev",2018,50
"chrysler","pacifica","phev",2019,8
"chrysler","pacifica","phev",2020,32
"chrysler","pacifica","phev",2021,41
"chrysler","pacifica","phev",2022,20
"chrysler","prowler","icev",2001,17
"chrysler","prowler","icev",2002,14
"chrysler","pt cruiser","icev",2001,1431
"chrysler","pt cruiser","icev",2002,1351
"chrysler","pt cruiser","icev",2003,914
"chrysler","pt cruiser","icev",2004,754
"chrysler","pt cruiser","icev",2005,992
"chrysler","pt cruiser","icev",2006,909
"chrysler","pt cruiser","icev",2007,703
"chrysler","pt cruiser","icev",2008,448
"chrysler","pt cruiser","icev",2009,173
"chrysler","pt cruiser","icev",2010,126
"chrysler","sebring","icev",1995,62
"chrysler","sebring","icev",1996,336
"chrysler","sebring","icev",1997,468
"chrysler","sebring","icev",1998,427
"chrysler","sebring","icev",1999,426
"chrysler","sebring","icev",2000,389
"chrysler","sebring","icev",2001,836
"chrysler","sebring","icev",2002,916
"chrysler","sebring","icev",2003,353
"chrysler","sebring","icev",2004,1124
"chrysler","sebring","icev",2005,629
"chrysler","sebring","icev",2006,509
"chrysler","sebring","icev",2007,563
"chrysler","sebring","icev",2008,777
"chrysler","sebring","icev",2009,182
"chrysler","sebring","icev",2010,428
"chrysler","tc","icev",1989,16
"chrysler","tc","icev",1990,8
"chrysler","tc","icev",1991,6
"chrysler","town and country","icev",1990,4
"chrysler","town and country","icev",1991,5
"chrysler","town and country","icev",1992,49
"chrysler","town and country","icev",1993,85
"chrysler","town and country","icev",1994,127
"chrysler","town and country","icev",1995,48
"chrysler","town and country","icev",1996,550
"chrysler","town and country","icev",1997,489
"chrysler","town and country","icev",1998,431
"chrysler","town and country","icev",1999,584
"chrysler","town and country","icev",2000,806
"chrysler","town and country","icev",2001,1270
"chrysler","town and country","icev",2002,1180
"chrysler","town and country","icev",2003,1181
"chrysler","town and country","icev",2004,528
"chrysler","town and country","icev",2005,2273
"chrysler","town and country","icev",2006,1551
"chrysler","town and country","icev",2007,1129
"chrysler","town and country","icev",2008,1635
"chrysler","town and country","icev",2009,736
"chrysler","town and country","icev",2010,1625
"chrysler","town and country","icev",2011,802
"chrysler","town and country","icev",2012,1293
"chrysler","town and country","icev",2013,1281
"chrysler","town and country","icev",2014,682
"chrysler","town and country","icev",2015,431
"chrysler","town and country","icev",2016,474
"chrysler","voyager","icev",2000,209
"chrysler","voyager","icev",2001,248
"chrysler","voyager","icev",2002,318
"chrysler","voyager","icev",2003,146
"chrysler","voyager","icev",2020,42
"chrysler","voyager","icev",2021,21
"chrysler","voyager","icev",2022,3
"daewoo","lanos","icev",1999,16
"daewoo","lanos","icev",2000,69
"daewoo","lanos","icev",2001,86
"daewoo","lanos","icev",2002,16
"daewoo","leganza","icev",1999,40
"daewoo","leganza","icev",2000,104
"daewoo","leganza","icev",2001,84
"daewoo","leganza","icev",2002,22
"daewoo","nubira","icev",1999,24
"daewoo","nubira","icev",2000,114
"daewoo","nubira","icev",2001,59
"daewoo","nubira","icev",2002,24
"daihatsu","charade","icev",1988,7
"daihatsu","charade","icev",1989,8
"daihatsu","charade","icev",1990,9
"daihatsu","charade","icev",1991,1
"daihatsu","charade","icev",1992,7
"daihatsu","rocky","icev",1990,6
"daihatsu","rocky","icev",1991,6
"daihatsu","rocky","icev",1992,5
"datsun","200sx","icev",1981,6
"datsun","200sx","icev",1982,1
"datsun","200sx","icev",1983,7
"datsun","210","icev",1981,13
"datsun","210","icev",1982,5
"datsun","280zx","icev",1981,28
"datsun","280zx","icev",1982,33
"datsun","280zx","icev",1983,52
"datsun","310","icev",1981,3
"datsun","310","icev",1982,6
"datsun","510","icev",1981,4
"datsun","810","icev",1981,3
"datsun","maxima","icev",1982,2
"datsun","maxima","icev",1983,11
"datsun","pulsar","icev",1983,4
"datsun","regular cab","icev",1983,1
"datsun","sentra","icev",1982,9
"datsun","sentra","icev",1983,34
"datsun","sentra","icev",1984,5
"datsun","stanza","icev",1982,4
"datsun","stanza","icev",1983,9
"delorean","dmc-12","icev",1981,14
"delorean","dmc-12","icev",1982,3
"delorean","dmc-12","icev",1983,1
"dodge","1 ton trucks","icev",1988,3
"dodge","1 ton trucks","icev",1989,2
"dodge","3/4 ton trucks","icev",1988,1
"dodge","400","icev",1982,4
"dodge","400","icev",1983,5
"dodge","600","icev",1983,4
"dodge","600","icev",1984,20
"dodge","600","icev",1985,26
"dodge","600","icev",1986,30
"dodge","600","icev",1987,22
"dodge","600","icev",1988,8
"dodge","aries america","icev",1988,79
"dodge","aries america","icev",1989,38
"dodge","aries k","icev",1981,12
"dodge","aries k","icev",1982,4
"dodge","aries k","icev",1983,20
"dodge","aries k","icev",1984,25
"dodge","aries k","icev",1985,39
"dodge","aries k","icev",1986,58
"dodge","aries k","icev",1987,52
"dodge","avenger","icev",1995,112
"dodge","avenger","icev",1996,150
"dodge","avenger","icev",1997,115
"dodge","avenger","icev",1998,136
"dodge","avenger","icev",1999,95
"dodge","avenger","icev",2000,30
"dodge","avenger","icev",2008,1075
"dodge","avenger","icev",2009,283
"dodge","avenger","icev",2010,499
"dodge","avenger","icev",2011,274
"dodge","avenger","icev",2012,542
"dodge","avenger","icev",2013,697
"dodge","avenger","icev",2014,230
"dodge","caliber","icev",2007,1235
"dodge","caliber","icev",2008,613
"dodge","caliber","icev",2009,440
"dodge","caliber","icev",2010,346
"dodge","caliber","icev",2011,323
"dodge","caliber","icev",2012,117
"dodge","caravan","icev",1984,12
"dodge","caravan","icev",1985,30
"dodge","caravan","icev",1986,55
"dodge","caravan","icev",1987,86
"dodge","caravan","icev",1988,94
"dodge","caravan","icev",1989,143
"dodge","caravan","icev",1990,155
"dodge","caravan","icev",1991,194
"dodge","caravan","icev",1992,238
"dodge","caravan","icev",1993,300
"dodge","caravan","icev",1994,371
"dodge","caravan","icev",1995,442
"dodge","caravan","icev",1996,480
"dodge","caravan","icev",1997,473
"dodge","caravan","icev",1998,528
"dodge","caravan","icev",1999,605
"dodge","caravan","icev",2000,712
"dodge","caravan","icev",2001,494
"dodge","caravan","icev",2002,625
"dodge","caravan","icev",2003,680
"dodge","caravan","icev",2004,159
"dodge","caravan","icev",2005,679
"dodge","caravan","icev",2006,430
"dodge","caravan","icev",2007,234
"dodge","caravan cargo","icev",1989,1
"dodge","caravan cargo","icev",1990,4
"dodge","caravan cargo","icev",1991,1
"dodge","caravan cargo","icev",1992,3
"dodge","caravan cargo","icev",1994,3
"dodge","caravan cargo","icev",1995,1
"dodge","challenger","icev",1981,3
"dodge","challenger","icev",1982,1
"dodge","challenger","icev",1983,2
"dodge","challenger","icev",2008,57
"dodge","challenger","icev",2009,300
"dodge","challenger","icev",2010,500
"dodge","challenger","icev",2011,222
"dodge","challenger","icev",2012,449
"dodge","challenger","icev",2013,449
"dodge","challenger","icev",2014,226
"dodge","challenger","icev",2015,262
"dodge","challenger","icev",2016,313
"dodge","challenger","icev",2017,194
"dodge","challenger","icev",2018,232
"dodge","challenger","icev",2019,199
"dodge","challenger","icev",2020,62
"dodge","challenger","icev",2021,141
"dodge","challenger","icev",2022,75
"dodge","challenger","icev",2023,4
"dodge","charger","icev",1983,2
"dodge","charger","icev",1984,4
"dodge","charger","icev",1985,14
"dodge","charger","icev",1986,4
"dodge","charger","icev",1987,15
"dodge","charger","icev",2006,885
"dodge","charger","icev",2007,827
"dodge","charger","icev",2008,784
"dodge","charger","icev",2009,416
"dodge","charger","icev",2010,609
"dodge","charger","icev",2011,386
"dodge","charger","icev",2012,618
"dodge","charger","icev",2013,559
"dodge","charger","icev",2014,373
"dodge","charger","icev",2015,298
"dodge","charger","icev",2016,344
"dodge","charger","icev",2017,278
"dodge","charger","icev",2018,287
"dodge","charger","icev",2019,309
"dodge","charger","icev",2020,108
"dodge","charger","icev",2021,171
"dodge","charger","icev",2022,5
"dodge","charger","icev",2023,10
"dodge","colt","icev",1981,6
"dodge","colt","icev",1982,2
"dodge","colt","icev",1983,3
"dodge","colt","icev",1984,6
"dodge","colt","icev",1985,8
"dodge","colt","icev",1986,10
"dodge","colt","icev",1987,28
"dodge","colt","icev",1988,21
"dodge","colt","icev",1989,34
"dodge","colt","icev",1990,9
"dodge","colt","icev",1991,25
"dodge","colt","icev",1992,16
"dodge","colt","icev",1993,25
"dodge","colt","icev",1994,14
"dodge","colt dl/vista","icev",1990,1
"dodge","conquest","icev",1984,2
"dodge","conquest","icev",1986,1
"dodge","d250 & w250","icev",1991,1
"dodge","d250 & w250","icev",1992,1
"dodge","d350 & w350","icev",1993,2
"dodge","dakota","icev",1987,170
"dodge","dakota","icev",1988,199
"dodge","dakota","icev",1989,207
"dodge","dakota","icev",1990,170
"dodge","dakota","icev",1991,250
"dodge","dakota","icev",1992,460
"dodge","dakota","icev",1993,481
"dodge","dakota","icev",1994,415
"dodge","dakota","icev",1995,523
"dodge","dakota","icev",1996,419
"dodge","dakota","icev",1997,688
"dodge","dakota","icev",1998,869
"dodge","dakota","icev",1999,826
"dodge","dakota","icev",2000,1331
"dodge","dakota","icev",2001,1193
"dodge","dakota","icev",2002,1189
"dodge","dakota","icev",2003,915
"dodge","dakota","icev",2004,898
"dodge","dakota","icev",2005,879
"dodge","dakota","icev",2006,741
"dodge","dakota","icev",2007,411
"dodge","dakota","icev",2008,294
"dodge","dakota","icev",2009,55
"dodge","dakota","icev",2010,81
"dodge","dart","icev",2013,881
"dodge","dart","icev",2014,219
"dodge","dart","icev",2015,291
"dodge","dart","icev",2016,197
"dodge","daytona","icev",1984,10
"dodge","daytona","icev",1985,4
"dodge","daytona","icev",1986,20
"dodge","daytona","icev",1987,22
"dodge","daytona","icev",1988,38
"dodge","daytona","icev",1989,66
"dodge","daytona","icev",1990,47
"dodge","daytona","icev",1991,17
"dodge","daytona","icev",1992,19
"dodge","daytona","icev",1993,21
"dodge","diplomat","icev",1981,3
"dodge","diplomat","icev",1982,6
"dodge","diplomat","icev",1983,4
"dodge","diplomat","icev",1984,7
"dodge","diplomat","icev",1985,20
"dodge","diplomat","icev",1986,13
"dodge","diplomat","icev",1987,17
"dodge","diplomat","icev",1988,8
"dodge","diplomat","icev",1989,5
"dodge","durango","hev",2009,4
"dodge","durango","icev",1998,655
"dodge","durango","icev",1999,1137
"dodge","durango","icev",2000,1360
"dodge","durango","icev",2001,1062
"dodge","durango","icev",2002,875
"dodge","durango","icev",2003,991
"dodge","durango","icev",2004,973
"dodge","durango","icev",2005,897
"dodge","durango","icev",2006,702
"dodge","durango","icev",2007,377
"dodge","durango","icev",2008,163
"dodge","durango","icev",2009,36
"dodge","durango","icev",2011,463
"dodge","durango","icev",2012,470
"dodge","durango","icev",2013,626
"dodge","durango","icev",2014,352
"dodge","durango","icev",2015,268
"dodge","durango","icev",2016,170
"dodge","durango","icev",2017,317
"dodge","durango","icev",2018,260
"dodge","durango","icev",2019,171
"dodge","durango","icev",2020,120
"dodge","durango","icev",2021,127
"dodge","durango","icev",2022,35
"dodge","dynasty","icev",1988,53
"dodge","dynasty","icev",1989,132
"dodge","dynasty","icev",1990,133
"dodge","dynasty","icev",1991,209
"dodge","dynasty","icev",1992,141
"dodge","dynasty","icev",1993,146
"dodge","grand caravan","icev",1987,16
"dodge","grand caravan","icev",1988,63
"dodge","grand caravan","icev",1989,100
"dodge","grand caravan","icev",1990,177
"dodge","grand caravan","icev",1991,195
"dodge","grand caravan","icev",1992,314
"dodge","grand caravan","icev",1993,401
"dodge","grand caravan","icev",1994,446
"dodge","grand caravan","icev",1995,258
"dodge","grand caravan","icev",1996,1021
"dodge","grand caravan","icev",1997,1060
"dodge","grand caravan","icev",1998,1032
"dodge","grand caravan","icev",1999,1108
"dodge","grand caravan","icev",2000,1547
"dodge","grand caravan","icev",2001,1377
"dodge","grand caravan","icev",2002,1628
"dodge","grand caravan","icev",2003,1383
"dodge","grand caravan","icev",2004,503
"dodge","grand caravan","icev",2005,2237
"dodge","grand caravan","icev",2006,1396
"dodge","grand caravan","icev",2007,981
"dodge","grand caravan","icev",2008,1278
"dodge","grand caravan","icev",2009,595
"dodge","grand caravan","icev",2010,1144
"dodge","grand caravan","icev",2011,620
"dodge","grand caravan","icev",2012,897
"dodge","grand caravan","icev",2013,909
"dodge","grand caravan","icev",2014,506
"dodge","grand caravan","icev",2015,301
"dodge","grand caravan","icev",2016,526
"dodge","grand caravan","icev",2017,550
"dodge","grand caravan","icev",2018,303
"dodge","grand caravan","icev",2019,408
"dodge","grand caravan","icev",2020,71
"dodge","hornet","icev",2024,1
"dodge","intrepid","icev",1993,171
"dodge","intrepid","icev",1994,383
"dodge","intrepid","icev",1995,530
"dodge","intrepid","icev",1996,520
"dodge","intrepid","icev",1997,661
"dodge","intrepid","icev",1998,336
"dodge","intrepid","icev",1999,674
"dodge","intrepid","icev",2000,988
"dodge","intrepid","icev",2001,759
"dodge","intrepid","icev",2002,793
"dodge","intrepid","icev",2003,292
"dodge","intrepid","icev",2004,415
"dodge","journey","icev",2009,794
"dodge","journey","icev",2010,707
"dodge","journey","icev",2011,355
"dodge","journey","icev",2012,758
"dodge","journey","icev",2013,735
"dodge","journey","icev",2014,382
"dodge","journey","icev",2015,426
"dodge","journey","icev",2016,376
"dodge","journey","icev",2017,461
"dodge","journey","icev",2018,385
"dodge","journey","icev",2019,143
"dodge","journey","icev",2020,68
"dodge","lancer","icev",1985,13
"dodge","lancer","icev",1986,16
"dodge","lancer","icev",1987,6
"dodge","lancer","icev",1988,4
"dodge","magnum","icev",2005,633
"dodge","magnum","icev",2006,324
"dodge","magnum","icev",2007,169
"dodge","magnum","icev",2008,107
"dodge","mini ram van","icev",1984,2
"dodge","mini ram van","icev",1985,8
"dodge","mini ram van","icev",1986,7
"dodge","mini ram van","icev",1987,13
"dodge","mini ram van","icev",1988,14
"dodge","mirada","icev",1981,2
"dodge","mirada","icev",1982,3
"dodge","mirada","icev",1983,3
"dodge","monaco","icev",1990,7
"dodge","monaco","icev",1991,9
"dodge","monaco","icev",1992,1
"dodge","neon","icev",1995,419
"dodge","neon","icev",1996,369
"dodge","neon","icev",1997,313
"dodge","neon","icev",1998,504
"dodge","neon","icev",1999,247
"dodge","neon","icev",2000,808
"dodge","neon","icev",2001,482
"dodge","neon","icev",2002,699
"dodge","neon","icev",2003,755
"dodge","neon","icev",2004,586
"dodge","neon","icev",2005,812
"dodge","neon srt-4","icev",2003,22
"dodge","neon srt-4","icev",2004,61
"dodge","neon srt-4","icev",2005,59
"dodge","nitro","icev",2007,690
"dodge","nitro","icev",2008,440
"dodge","nitro","icev",2009,83
"dodge","nitro","icev",2010,185
"dodge","nitro","icev",2011,331
"dodge","omni","icev",1981,4
"dodge","omni","icev",1982,3
"dodge","omni","icev",1983,3
"dodge","omni","icev",1984,10
"dodge","omni","icev",1985,14
"dodge","omni","icev",1986,12
"dodge","omni","icev",1987,35
"dodge","omni","icev",1988,31
"dodge","omni","icev",1989,32
"dodge","omni","icev",1990,19
"dodge","omni 024","icev",1981,5
"dodge","omni 024","icev",1982,2
"dodge","raider","icev",1987,26
"dodge","raider","icev",1988,15
"dodge","raider","icev",1989,18
"dodge","ram","icev",1981,2
"dodge","ram","icev",1982,2
"dodge","ram","icev",1983,25
"dodge","ram","icev",1984,17
"dodge","ram","icev",1985,23
"dodge","ram","icev",1986,25
"dodge","ram","icev",1987,31
"dodge","ram","icev",1988,13
"dodge","ram","icev",1989,24
"dodge","ram","icev",1990,15
"dodge","ram","icev",1991,26
"dodge","ram","icev",1992,27
"dodge","ram","icev",1993,8
"dodge","ram","icev",1994,62
"dodge","ram","icev",1995,37
"dodge","ram","icev",1996,45
"dodge","ram","icev",1997,38
"dodge","ram","icev",1998,34
"dodge","ram","icev",1999,65
"dodge","ram","icev",2000,64
"dodge","ram","icev",2001,49
"dodge","ram","icev",2002,46
"dodge","ram  1500","icev",1994,496
"dodge","ram  1500","icev",1995,764
"dodge","ram  1500","icev",1996,1166
"dodge","ram  1500","icev",1997,1417
"dodge","ram  1500","icev",1998,1600
"dodge","ram  1500","icev",1999,1623
"dodge","ram  1500","icev",2000,890
"dodge","ram  1500","icev",2001,2521
"dodge","ram  1500","icev",2002,2038
"dodge","ram  1500","icev",2003,2214
"dodge","ram  1500","icev",2004,2347
"dodge","ram  1500","icev",2005,1986
"dodge","ram  1500","icev",2006,1698
"dodge","ram  1500","icev",2007,1662
"dodge","ram  1500","icev",2008,1773
"dodge","ram  1500","icev",2009,1118
"dodge","ram  1500","icev",2010,1266
"dodge","ram  1500 srt-10","icev",2004,6
"dodge","ram  1500 srt-10","icev",2005,11
"dodge","ram  1500 srt-10","icev",2006,2
"dodge","ram  2500","icev",1994,92
"dodge","ram  2500","icev",1995,164
"dodge","ram  2500","icev",1996,147
"dodge","ram  2500","icev",1997,130
"dodge","ram  2500","icev",1998,180
"dodge","ram  2500","icev",1999,182
"dodge","ram  2500","icev",2000,117
"dodge","ram  2500","icev",2001,257
"dodge","ram  2500","icev",2002,107
"dodge","ram  2500","icev",2003,323
"dodge","ram  2500","icev",2004,264
"dodge","ram  2500","icev",2005,138
"dodge","ram  2500","icev",2006,157
"dodge","ram  2500","icev",2007,80
"dodge","ram  2500","icev",2008,89
"dodge","ram  2500","icev",2009,100
"dodge","ram  2500","icev",2010,72
"dodge","ram  3500","icev",1994,5
"dodge","ram  3500","icev",1995,13
"dodge","ram  3500","icev",1996,18
"dodge","ram  3500","icev",1997,7
"dodge","ram  3500","icev",1998,13
"dodge","ram  3500","icev",1999,4
"dodge","ram  3500","icev",2000,6
"dodge","ram  3500","icev",2001,9
"dodge","ram  3500","icev",2002,2
"dodge","ram  3500","icev",2003,12
"dodge","ram  3500","icev",2004,6
"dodge","ram  3500","icev",2005,4
"dodge","ram  3500","icev",2007,2
"dodge","ram  3500","icev",2008,2
"dodge","ram 100","icev",1984,56
"dodge","ram 100","icev",1985,85
"dodge","ram 100","icev",1986,36
"dodge","ram 100","icev",1987,44
"dodge","ram 100","icev",1988,81
"dodge","ram 100","icev",1989,70
"dodge","ram 150","icev",1981,36
"dodge","ram 150","icev",1982,66
"dodge","ram 150","icev",1983,74
"dodge","ram 150","icev",1984,76
"dodge","ram 150","icev",1985,73
"dodge","ram 150","icev",1986,116
"dodge","ram 150","icev",1987,124
"dodge","ram 150","icev",1988,54
"dodge","ram 150","icev",1989,75
"dodge","ram 150","icev",1990,130
"dodge","ram 150","icev",1991,74
"dodge","ram 150","icev",1992,75
"dodge","ram 150","icev",1993,87
"dodge","ram 1500","icev",2005,1
"dodge","ram 1500","icev",2006,2
"dodge","ram 1500","icev",2007,2
"dodge","ram 1500","icev",2009,1
"dodge","ram 1500","icev",2010,1
"dodge","ram 1500","icev",2011,370
"dodge","ram 250","icev",1981,4
"dodge","ram 250","icev",1982,7
"dodge","ram 250","icev",1983,16
"dodge","ram 250","icev",1984,23
"dodge","ram 250","icev",1985,42
"dodge","ram 250","icev",1986,48
"dodge","ram 250","icev",1987,30
"dodge","ram 250","icev",1988,14
"dodge","ram 250","icev",1989,16
"dodge","ram 250","icev",1990,52
"dodge","ram 250","icev",1991,25
"dodge","ram 250","icev",1992,18
"dodge","ram 250","icev",1993,26
"dodge","ram 2500","icev",1999,1
"dodge","ram 2500","icev",2006,1
"dodge","ram 2500 chassis cab","icev",1996,1
"dodge","ram 350","icev",1981,1
"dodge","ram 350","icev",1982,6
"dodge","ram 350","icev",1983,5
"dodge","ram 350","icev",1984,15
"dodge","ram 350","icev",1985,32
"dodge","ram 350","icev",1986,1
"dodge","ram 350","icev",1987,1
"dodge","ram 350","icev",1988,1
"dodge","ram 350","icev",1989,6
"dodge","ram 350","icev",1990,2
"dodge","ram 350","icev",1991,4
"dodge","ram 350","icev",1992,4
"dodge","ram 350","icev",1993,1
"dodge","ram 3500","icev",2007,3
"dodge","ram 3500 chassis cab","icev",1994,1
"dodge","ram 3500 chassis cab","icev",1995,2
"dodge","ram 3500 chassis cab","icev",1996,5
"dodge","ram 50","icev",1981,8
"dodge","ram 50","icev",1982,13
"dodge","ram 50","icev",1983,8
"dodge","ram 50","icev",1984,14
"dodge","ram 50","icev",1985,30
"dodge","ram 50","icev",1986,73
"dodge","ram 50","icev",1987,101
"dodge","ram 50","icev",1988,73
"dodge","ram 50","icev",1989,43
"dodge","ram 50","icev",1990,10
"dodge","ram 50","icev",1991,14
"dodge","ram 50","icev",1992,17
"dodge","ram 50","icev",1993,2
"dodge","ram b350","icev",1981,1
"dodge","ram br2500","icev",2001,2
"dodge","ram br2500","icev",2002,2
"dodge","ram br2500 chassis cab","icev",1998,4
"dodge","ram br3500","icev",1997,2
"dodge","ram br3500","icev",1998,4
"dodge","ram br3500","icev",1999,2
"dodge","ram br3500","icev",2001,4
"dodge","ram br3500","icev",2002,4
"dodge","ram cargo","icev",2001,20
"dodge","ram cargo","icev",2002,22
"dodge","ram cargo","icev",2003,28
"dodge","ram charger 150s","icev",1993,1
"dodge","ram van","icev",1981,5
"dodge","ram van","icev",1982,4
"dodge","ram van","icev",1983,15
"dodge","ram van","icev",1984,21
"dodge","ram van","icev",1985,14
"dodge","ram van","icev",1986,16
"dodge","ram van","icev",1987,20
"dodge","ram van","icev",1988,21
"dodge","ram van","icev",1989,27
"dodge","ram van","icev",1990,25
"dodge","ram van","icev",1991,24
"dodge","ram van","icev",1992,50
"dodge","ram van","icev",1993,20
"dodge","ram van","icev",1994,129
"dodge","ram van","icev",1995,99
"dodge","ram van","icev",1996,106
"dodge","ram van","icev",1997,142
"dodge","ram van","icev",1998,92
"dodge","ram van","icev",1999,186
"dodge","ram van","icev",2000,179
"dodge","ram van","icev",2001,86
"dodge","ram van","icev",2002,76
"dodge","ram van","icev",2003,62
"dodge","ram van cng","icev",1996,11
"dodge","ramcharger","icev",1981,5
"dodge","ramcharger","icev",1982,11
"dodge","ramcharger","icev",1983,20
"dodge","ramcharger","icev",1984,38
"dodge","ramcharger","icev",1985,57
"dodge","ramcharger","icev",1986,39
"dodge","ramcharger","icev",1987,29
"dodge","ramcharger","icev",1988,42
"dodge","ramcharger","icev",1989,60
"dodge","ramcharger","icev",1990,26
"dodge","ramcharger","icev",1991,13
"dodge","ramcharger","icev",1992,15
"dodge","ramcharger","icev",1993,10
"dodge","rampage","icev",1982,5
"dodge","rampage","icev",1983,7
"dodge","rampage","icev",1984,10
"dodge","shadow","icev",1987,19
"dodge","shadow","icev",1988,53
"dodge","shadow","icev",1989,50
"dodge","shadow","icev",1990,72
"dodge","shadow","icev",1991,89
"dodge","shadow","icev",1992,107
"dodge","shadow","icev",1993,159
"dodge","shadow","icev",1994,170
"dodge","spirit","icev",1989,64
"dodge","spirit","icev",1990,100
"dodge","spirit","icev",1991,165
"dodge","spirit","icev",1992,117
"dodge","spirit","icev",1993,148
"dodge","spirit","icev",1994,149
"dodge","spirit","icev",1995,79
"dodge","sprinter","icev",2007,4
"dodge","sprinter","icev",2008,1
"dodge","sprinter cargo","icev",2007,1
"dodge","sprinter cargo","icev",2008,1
"dodge","srt viper","icev",2015,2
"dodge","srt viper","icev",2016,1
"dodge","st. regis","icev",1981,1
"dodge","stealth","icev",1991,57
"dodge","stealth","icev",1992,59
"dodge","stealth","icev",1993,56
"dodge","stealth","icev",1994,34
"dodge","stealth","icev",1995,17
"dodge","stealth","icev",1996,3
"dodge","stratus","icev",1995,130
"dodge","stratus","icev",1996,324
"dodge","stratus","icev",1997,385
"dodge","stratus","icev",1998,432
"dodge","stratus","icev",1999,372
"dodge","stratus","icev",2000,579
"dodge","stratus","icev",2001,720
"dodge","stratus","icev",2002,734
"dodge","stratus","icev",2003,407
"dodge","stratus","icev",2004,800
"dodge","stratus","icev",2005,557
"dodge","stratus","icev",2006,431
"dodge","trucks","icev",1987,2
"dodge","van","icev",1983,1
"dodge","van","icev",1984,5
"dodge","vans","icev",1990,9
"dodge","viper","icev",1993,5
"dodge","viper","icev",1994,13
"dodge","viper","icev",1995,3
"dodge","viper","icev",1996,12
"dodge","viper","icev",1997,13
"dodge","viper","icev",1998,12
"dodge","viper","icev",1999,5
"dodge","viper","icev",2000,11
"dodge","viper","icev",2001,13
"dodge","viper","icev",2002,6
"dodge","viper","icev",2003,12
"dodge","viper","icev",2004,16
"dodge","viper","icev",2005,15
"dodge","viper","icev",2006,10
"dodge","viper","icev",2008,14
"dodge","viper","icev",2009,3
"dodge","viper","icev",2017,6
"dodge","w250","icev",1981,1
"eagle","eagle 30","icev",1988,4
"eagle","medallion","icev",1988,5
"eagle","medallion","icev",1989,5
"eagle","premier","icev",1988,21
"eagle","premier","icev",1989,22
"eagle","premier","icev",1990,7
"eagle","premier","icev",1991,11
"eagle","premier","icev",1992,11
"eagle","summit","icev",1989,23
"eagle","summit","icev",1990,14
"eagle","summit","icev",1991,17
"eagle","summit","icev",1992,32
"eagle","summit","icev",1993,35
"eagle","summit","icev",1994,11
"eagle","summit","icev",1995,25
"eagle","summit","icev",1996,4
"eagle","talon","icev",1990,37
"eagle","talon","icev",1991,65
"eagle","talon","icev",1992,57
"eagle","talon","icev",1993,57
"eagle","talon","icev",1994,43
"eagle","talon","icev",1995,117
"eagle","talon","icev",1996,48
"eagle","talon","icev",1997,52
"eagle","talon","icev",1998,11
"eagle","vision","icev",1993,77
"eagle","vision","icev",1994,75
"eagle","vision","icev",1995,101
"eagle","vision","icev",1996,63
"eagle","vision","icev",1997,30
"ferrari","360 modena","icev",2000,3
"ferrari","360 spider","icev",2003,1
"ferrari","430 scuderia","icev",2009,2
"ferrari","456m","icev",2001,2
"ferrari","458 italia","icev",2011,1
"ferrari","458 italia","icev",2012,2
"ferrari","458 italia","icev",2013,2
"ferrari","458 italia","icev",2014,1
"ferrari","458 speciale","icev",2015,1
"ferrari","458 spider","icev",2014,2
"ferrari","458 spider","icev",2015,3
"ferrari","488 gtb","icev",2016,1
"ferrari","488 gtb","icev",2017,1
"ferrari","488 gtb","icev",2018,1
"ferrari","488 pista","icev",2020,1
"ferrari","488 spider","icev",2017,2
"ferrari","488 spider","icev",2018,5
"ferrari","575m","icev",2002,1
"ferrari","599","icev",2007,2
"ferrari","599 gtb fiorano","icev",2008,2
"ferrari","612 scaglietti","icev",2005,1
"ferrari","612 scaglietti","icev",2009,1
"ferrari","812 gts","icev",2021,1
"ferrari","812 superfast","icev",2018,3
"ferrari","812 superfast","icev",2019,1
"ferrari","812 superfast","icev",2020,2
"ferrari","california","icev",2009,1
"ferrari","california","icev",2010,3
"ferrari","california","icev",2011,3
"ferrari","california","icev",2012,1
"ferrari","california","icev",2013,1
"ferrari","california","icev",2014,3
"ferrari","california t","icev",2015,1
"ferrari","california t","icev",2016,4
"ferrari","california t","icev",2017,1
"ferrari","california t","icev",2018,1
"ferrari","f430","icev",2005,2
"ferrari","f430","icev",2006,3
"ferrari","f430","icev",2007,5
"ferrari","f430","icev",2008,2
"ferrari","f430 spider","icev",2008,1
"ferrari","f8 spider","icev",2022,1
"ferrari","f8 tributo","icev",2021,1
"ferrari","ff","icev",2014,1
"ferrari","portofino","icev",2019,1
"ferrari","portofino","icev",2020,2
"ferrari","roma","icev",2022,1
"ferrari","roma","icev",2024,1
"ferrari","sf90 stradale","phev",2021,2
"fiat","124 spider","icev",2017,26
"fiat","124 spider","icev",2018,16
"fiat","124 spider","icev",2019,13
"fiat","124 spider","icev",2020,6
"fiat","2000","icev",1981,9
"fiat","2000","icev",1982,6
"fiat","500","icev",2012,375
"fiat","500","icev",2013,230
"fiat","500","icev",2014,47
"fiat","500","icev",2015,72
"fiat","500","icev",2016,15
"fiat","500","icev",2017,47
"fiat","500","icev",2018,8
"fiat","500","icev",2019,3
"fiat","500c","icev",2012,39
"fiat","500c","icev",2013,49
"fiat","500c","icev",2015,17
"fiat","500c","icev",2016,4
"fiat","500c","icev",2017,17
"fiat","500c","icev",2018,2
"fiat","500c","icev",2019,1
"fiat","500e","bev",2013,10
"fiat","500e","bev",2014,4
"fiat","500e","bev",2015,10
"fiat","500e","bev",2016,4
"fiat","500e","bev",2017,2
"fiat","500l","icev",2014,113
"fiat","500l","icev",2015,25
"fiat","500l","icev",2016,4
"fiat","500l","icev",2017,12
"fiat","500l","icev",2018,4
"fiat","500l","icev",2019,5
"fiat","500x","icev",2016,107
"fiat","500x","icev",2017,20
"fiat","500x","icev",2018,15
"fiat","500x","icev",2019,1
"fiat","500x","icev",2020,6
"fiat","500x","icev",2021,2
"fiat","x 1/9","icev",1981,3
"fiat","x 1/9","icev",1982,2
"fisker","karma","phev",2012,3
"ford","1 ton trucks","icev",1989,1
"ford","aerostar","icev",1986,47
"ford","aerostar","icev",1987,71
"ford","aerostar","icev",1988,89
"ford","aerostar","icev",1989,191
"ford","aerostar","icev",1990,196
"ford","aerostar","icev",1991,187
"ford","aerostar","icev",1992,240
"ford","aerostar","icev",1993,472
"ford","aerostar","icev",1994,278
"ford","aerostar","icev",1995,247
"ford","aerostar","icev",1996,184
"ford","aerostar","icev",1997,150
"ford","aerostar van","icev",1991,1
"ford","aspire","icev",1994,70
"ford","aspire","icev",1995,103
"ford","aspire","icev",1996,69
"ford","aspire","icev",1997,109
"ford","bronco","icev",1981,27
"ford","bronco","icev",1982,35
"ford","bronco","icev",1983,45
"ford","bronco","icev",1984,60
"ford","bronco","icev",1985,76
"ford","bronco","icev",1986,78
"ford","bronco","icev",1987,74
"ford","bronco","icev",1988,106
"ford","bronco","icev",1989,141
"ford","bronco","icev",1990,149
"ford","bronco","icev",1991,62
"ford","bronco","icev",1992,81
"ford","bronco","icev",1993,114
"ford","bronco","icev",1994,137
"ford","bronco","icev",1995,161
"ford","bronco","icev",1996,161
"ford","bronco","icev",2021,99
"ford","bronco","icev",2022,5
"ford","bronco","icev",2023,14
"ford","bronco ii","icev",1984,108
"ford","bronco ii","icev",1985,85
"ford","bronco ii","icev",1986,131
"ford","bronco ii","icev",1987,142
"ford","bronco ii","icev",1988,229
"ford","bronco ii","icev",1989,187
"ford","bronco ii","icev",1990,145
"ford","bronco sport","icev",2021,259
"ford","bronco sport","icev",2022,147
"ford","bronco sport","icev",2023,6
"ford","bronco sport","icev",2024,4
"ford","c-max","hev",2013,360
"ford","c-max","hev",2014,52
"ford","c-max","hev",2015,44
"ford","c-max","hev",2016,44
"ford","c-max","hev",2017,38
"ford","c-max","hev",2018,20
"ford","c-max energi","phev",2013,96
"ford","c-max energi","phev",2014,14
"ford","c-max energi","phev",2015,19
"ford","c-max energi","phev",2016,9
"ford","c-max energi","phev",2017,15
"ford","contour","icev",1995,417
"ford","contour","icev",1996,448
"ford","contour","icev",1997,280
"ford","contour","icev",1998,789
"ford","contour","icev",1999,527
"ford","contour","icev",2000,257
"ford","contour svt","icev",1998,23
"ford","contour svt","icev",1999,12
"ford","contour svt","icev",2000,12
"ford","courier","icev",1981,12
"ford","courier","icev",1982,5
"ford","crown victoria","icev",1983,2
"ford","crown victoria","icev",1992,254
"ford","crown victoria","icev",1993,200
"ford","crown victoria","icev",1994,187
"ford","crown victoria","icev",1995,191
"ford","crown victoria","icev",1996,154
"ford","crown victoria","icev",1997,278
"ford","crown victoria","icev",1998,181
"ford","crown victoria","icev",1999,318
"ford","crown victoria","icev",2000,273
"ford","crown victoria","icev",2001,256
"ford","crown victoria","icev",2002,172
"ford","crown victoria","icev",2003,338
"ford","crown victoria","icev",2004,205
"ford","crown victoria","icev",2005,150
"ford","crown victoria","icev",2006,92
"ford","crown victoria","icev",2007,72
"ford","crown victoria","icev",2008,101
"ford","crown victoria","icev",2009,38
"ford","crown victoria","icev",2010,34
"ford","crown victoria","icev",2011,64
"ford","crown victoria police pkg","icev",1995,25
"ford","crown victoria police pkg","icev",1996,51
"ford","e-100","icev",1981,5
"ford","e-100","icev",1982,8
"ford","e-100","icev",1983,7
"ford","e-150","icev",1981,16
"ford","e-150","icev",1982,35
"ford","e-150","icev",1983,31
"ford","e-150","icev",1984,46
"ford","e-150","icev",1985,40
"ford","e-150","icev",1986,38
"ford","e-150","icev",1987,36
"ford","e-150","icev",1988,45
"ford","e-150","icev",1989,50
"ford","e-150","icev",1990,32
"ford","e-150","icev",1991,30
"ford","e-150","icev",1992,47
"ford","e-150","icev",1993,37
"ford","e-150","icev",1994,69
"ford","e-150","icev",1995,78
"ford","e-150","icev",1996,44
"ford","e-150","icev",1997,68
"ford","e-150","icev",1998,93
"ford","e-150","icev",1999,111
"ford","e-150","icev",2000,89
"ford","e-250","icev",1981,1
"ford","e-250","icev",1982,2
"ford","e-250","icev",1983,6
"ford","e-250","icev",1984,10
"ford","e-250","icev",1985,6
"ford","e-250","icev",1986,12
"ford","e-250","icev",1987,10
"ford","e-250","icev",1988,12
"ford","e-250","icev",1989,16
"ford","e-250","icev",1990,23
"ford","e-250","icev",1991,26
"ford","e-250","icev",1992,23
"ford","e-250","icev",1993,50
"ford","e-250","icev",1994,42
"ford","e-250","icev",1995,72
"ford","e-250","icev",1996,67
"ford","e-250","icev",1997,69
"ford","e-250","icev",1998,90
"ford","e-250","icev",1999,44
"ford","e-250","icev",2000,1
"ford","e-350","icev",1981,2
"ford","e-350","icev",1982,4
"ford","e-350","icev",1983,6
"ford","e-350","icev",1984,8
"ford","e-350","icev",1985,11
"ford","e-350","icev",1986,11
"ford","e-350","icev",1987,11
"ford","e-350","icev",1988,15
"ford","e-350","icev",1989,12
"ford","e-350","icev",1990,14
"ford","e-350","icev",1991,13
"ford","e-350","icev",1992,23
"ford","e-350","icev",1993,35
"ford","e-350","icev",1994,31
"ford","e-350","icev",1995,68
"ford","e-350","icev",1996,48
"ford","e-350","icev",1997,61
"ford","e-350","icev",1998,62
"ford","e-350","icev",1999,2
"ford","e-350","icev",2000,16
"ford","e-350","icev",2004,16
"ford","e-350","icev",2006,11
"ford","e-350","icev",2008,6
"ford","e-350 super duty","icev",2001,7
"ford","e-350 super duty","icev",2002,22
"ford","e-350 super duty","icev",2003,13
"ford","e-350 super duty","icev",2005,11
"ford","e-350 super duty","icev",2007,4
"ford","e-450 sd","icev",2009,8
"ford","e-series","icev",2001,86
"ford","e-series","icev",2002,81
"ford","e-series","icev",2003,107
"ford","e-series","icev",2004,44
"ford","e-series","icev",2005,42
"ford","e-series","icev",2006,115
"ford","e-series","icev",2007,66
"ford","e-series","icev",2008,79
"ford","e-series","icev",2009,58
"ford","e-series","icev",2010,53
"ford","e-series","icev",2011,42
"ford","e-series","icev",2012,46
"ford","e-series","icev",2013,28
"ford","e-series","icev",2014,31
"ford","e-series cargo","icev",2001,157
"ford","e-series cargo","icev",2002,253
"ford","e-series cargo","icev",2003,245
"ford","e-series cargo","icev",2004,107
"ford","e-series cargo","icev",2005,181
"ford","e-series cargo","icev",2006,273
"ford","e-series cargo","icev",2007,121
"ford","e-series cargo","icev",2008,145
"ford","e-series cargo","icev",2009,60
"ford","e-series cargo","icev",2010,50
"ford","e-series cargo","icev",2011,87
"ford","e-series cargo","icev",2012,83
"ford","e-series cargo","icev",2013,52
"ford","e-series cargo","icev",2014,39
"ford","e-series cargo van","icev",1981,8
"ford","e-series cargo van","icev",1982,3
"ford","e-series chassis","icev",2002,5
"ford","e-series chassis","icev",2003,3
"ford","e-series chassis","icev",2004,7
"ford","e-series chassis","icev",2005,60
"ford","e-series chassis","icev",2006,6
"ford","e-series chassis","icev",2007,4
"ford","e-series chassis","icev",2009,5
"ford","e-series chassis","icev",2014,31
"ford","e-series chassis","icev",2015,13
"ford","e-series chassis","icev",2016,39
"ford","e-series chassis","icev",2017,15
"ford","e-series chassis","icev",2018,13
"ford","e-series chassis","icev",2019,14
"ford","e-series chassis","icev",2021,8
"ford","e-series chassis","icev",2022,11
"ford","e450","icev",2001,40
"ford","e450","icev",2004,71
"ford","e450","icev",2005,2
"ford","e450","icev",2008,45
"ford","econoline","icev",1999,102
"ford","econoline","icev",2000,192
"ford","econoline","icev",2003,1
"ford","econoline","icev",2006,2
"ford","econoline","icev",2007,1
"ford","econoline","icev",2008,1
"ford","econoline cargo van","icev",1987,38
"ford","econoline cargo van","icev",1989,11
"ford","econoline cargo van","icev",1990,9
"ford","econoline cargo van","icev",1991,16
"ford","econoline cargo van","icev",1992,16
"ford","econoline cargo van","icev",1993,41
"ford","econoline cargo van","icev",1994,43
"ford","econoline cargo van","icev",1995,26
"ford","econoline cargo van","icev",1996,17
"ford","econoline cargo van","icev",1998,28
"ford","econoline cargo van","icev",1999,74
"ford","econoline cargo van","icev",2000,77
"ford","econoline cargo van","icev",2001,50
"ford","econoline cargo van","icev",2002,67
"ford","econoline cargo van","icev",2003,60
"ford","econoline cargo van","icev",2004,30
"ford","econoline cargo van","icev",2005,13
"ford","econoline cargo van","icev",2006,6
"ford","econoline cargo van","icev",2007,4
"ford","econoline cargo van","icev",2008,13
"ford","econoline cargo van","icev",2009,2
"ford","econoline commercial chassis","icev",1997,38
"ford","econoline e-350","icev",2001,4
"ford","econoline e450","icev",2000,44
"ford","econoline e450","icev",2007,27
"ford","ecosport","icev",2018,191
"ford","ecosport","icev",2019,103
"ford","ecosport","icev",2020,99
"ford","ecosport","icev",2021,60
"ford","ecosport","icev",2022,9
"ford","edge","icev",2007,1205
"ford","edge","icev",2008,1294
"ford","edge","icev",2009,512
"ford","edge","icev",2010,1417
"ford","edge","icev",2011,1606
"ford","edge","icev",2012,835
"ford","edge","icev",2013,2249
"ford","edge","icev",2014,508
"ford","edge","icev",2015,517
"ford","edge","icev",2016,481
"ford","edge","icev",2017,616
"ford","edge","icev",2018,536
"ford","edge","icev",2019,408
"ford","edge","icev",2020,441
"ford","edge","icev",2021,86
"ford","edge","icev",2022,98
"ford","edge","icev",2023,1
"ford","edge","icev",2024,4
"ford","escape","hev",2005,62
"ford","escape","hev",2006,118
"ford","escape","hev",2007,82
"ford","escape","hev",2008,216
"ford","escape","hev",2009,133
"ford","escape","hev",2010,92
"ford","escape","hev",2011,47
"ford","escape","hev",2012,20
"ford","escape","hev",2020,59
"ford","escape","hev",2021,21
"ford","escape","hev",2022,7
"ford","escape","icev",2001,1066
"ford","escape","icev",2002,1192
"ford","escape","icev",2003,1078
"ford","escape","icev",2004,757
"ford","escape","icev",2005,1639
"ford","escape","icev",2006,1104
"ford","escape","icev",2007,759
"ford","escape","icev",2008,2090
"ford","escape","icev",2009,1492
"ford","escape","icev",2010,2052
"ford","escape","icev",2011,2247
"ford","escape","icev",2012,2642
"ford","escape","icev",2013,3067
"ford","escape","icev",2014,1738
"ford","escape","icev",2015,903
"ford","escape","icev",2016,1079
"ford","escape","icev",2017,1707
"ford","escape","icev",2018,1085
"ford","escape","icev",2019,604
"ford","escape","icev",2020,484
"ford","escape","icev",2021,131
"ford","escape","icev",2022,117
"ford","escape","icev",2023,10
"ford","escape plug-in","phev",2022,10
"ford","escape plug-in","phev",2023,1
"ford","escort","icev",1981,21
"ford","escort","icev",1982,19
"ford","escort","icev",1983,18
"ford","escort","icev",1984,28
"ford","escort","icev",1985,47
"ford","escort","icev",1986,73
"ford","escort","icev",1987,111
"ford","escort","icev",1988,208
"ford","escort","icev",1989,206
"ford","escort","icev",1990,159
"ford","escort","icev",1991,415
"ford","escort","icev",1992,255
"ford","escort","icev",1993,687
"ford","escort","icev",1994,551
"ford","escort","icev",1995,814
"ford","escort","icev",1996,342
"ford","escort","icev",1997,1026
"ford","escort","icev",1998,1215
"ford","escort","icev",1999,1229
"ford","escort","icev",2000,442
"ford","escort","icev",2001,510
"ford","escort","icev",2002,442
"ford","escort","icev",2003,155
"ford","excursion","icev",2000,305
"ford","excursion","icev",2001,129
"ford","excursion","icev",2002,97
"ford","excursion","icev",2003,91
"ford","excursion","icev",2004,55
"ford","excursion","icev",2005,58
"ford","exp","icev",1982,5
"ford","exp","icev",1983,2
"ford","exp","icev",1984,2
"ford","exp","icev",1985,5
"ford","exp","icev",1986,5
"ford","expedition","icev",1997,809
"ford","expedition","icev",1998,1025
"ford","expedition","icev",1999,1262
"ford","expedition","icev",2000,1362
"ford","expedition","icev",2001,1066
"ford","expedition","icev",2002,637
"ford","expedition","icev",2003,1666
"ford","expedition","icev",2004,1201
"ford","expedition","icev",2005,781
"ford","expedition","icev",2006,707
"ford","expedition","icev",2007,458
"ford","expedition","icev",2008,492
"ford","expedition","icev",2009,95
"ford","expedition","icev",2010,305
"ford","expedition","icev",2011,332
"ford","expedition","icev",2012,275
"ford","expedition","icev",2013,212
"ford","expedition","icev",2014,119
"ford","expedition","icev",2015,88
"ford","expedition","icev",2016,109
"ford","expedition","icev",2017,241
"ford","expedition","icev",2018,184
"ford","expedition","icev",2019,209
"ford","expedition","icev",2020,225
"ford","expedition","icev",2021,153
"ford","expedition","icev",2023,4
"ford","expedition","icev",2024,5
"ford","expedition el","icev",2007,357
"ford","expedition el","icev",2008,235
"ford","expedition el","icev",2009,45
"ford","expedition el","icev",2010,124
"ford","expedition el","icev",2011,165
"ford","expedition el","icev",2012,206
"ford","expedition el","icev",2013,142
"ford","expedition el","icev",2014,79
"ford","expedition el","icev",2015,90
"ford","expedition el","icev",2016,71
"ford","expedition el","icev",2017,169
"ford","expedition max","icev",2018,137
"ford","expedition max","icev",2019,144
"ford","expedition max","icev",2020,151
"ford","expedition max","icev",2021,101
"ford","expedition max","icev",2022,1
"ford","expedition max","icev",2023,2
"ford","expedition max","icev",2024,3
"ford","explorer","hev",2020,6
"ford","explorer","hev",2021,9
"ford","explorer","hev",2022,2
"ford","explorer","icev",1991,642
"ford","explorer","icev",1992,711
"ford","explorer","icev",1993,841
"ford","explorer","icev",1994,1164
"ford","explorer","icev",1995,875
"ford","explorer","icev",1996,1473
"ford","explorer","icev",1997,1704
"ford","explorer","icev",1998,1978
"ford","explorer","icev",1999,2044
"ford","explorer","icev",2000,2199
"ford","explorer","icev",2001,1291
"ford","explorer","icev",2002,3558
"ford","explorer","icev",2003,2261
"ford","explorer","icev",2004,2086
"ford","explorer","icev",2005,1420
"ford","explorer","icev",2006,1477
"ford","explorer","icev",2007,1003
"ford","explorer","icev",2008,839
"ford","explorer","icev",2009,239
"ford","explorer","icev",2010,663
"ford","explorer","icev",2011,979
"ford","explorer","icev",2012,1038
"ford","explorer","icev",2013,2340
"ford","explorer","icev",2014,923
"ford","explorer","icev",2015,829
"ford","explorer","icev",2016,1062
"ford","explorer","icev",2017,1655
"ford","explorer","icev",2018,932
"ford","explorer","icev",2019,363
"ford","explorer","icev",2020,674
"ford","explorer","icev",2021,430
"ford","explorer","icev",2022,260
"ford","explorer","icev",2023,16
"ford","explorer sport","icev",2001,98
"ford","explorer sport","icev",2002,266
"ford","explorer sport","icev",2003,210
"ford","explorer sport trac","icev",2001,806
"ford","explorer sport trac","icev",2002,559
"ford","explorer sport trac","icev",2003,439
"ford","explorer sport trac","icev",2004,426
"ford","explorer sport trac","icev",2005,396
"ford","explorer sport trac","icev",2007,407
"ford","explorer sport trac","icev",2008,226
"ford","explorer sport trac","icev",2009,42
"ford","explorer sport trac","icev",2010,148
"ford","f-100","icev",1981,97
"ford","f-100","icev",1982,90
"ford","f-100","icev",1983,69
"ford","f-150","hev",2022,60
"ford","f-150","hev",2023,13
"ford","f-150","icev",1981,154
"ford","f-150","icev",1982,162
"ford","f-150","icev",1983,224
"ford","f-150","icev",1984,501
"ford","f-150","icev",1985,492
"ford","f-150","icev",1986,688
"ford","f-150","icev",1987,493
"ford","f-150","icev",1988,699
"ford","f-150","icev",1989,890
"ford","f-150","icev",1990,973
"ford","f-150","icev",1991,928
"ford","f-150","icev",1992,1230
"ford","f-150","icev",1993,1302
"ford","f-150","icev",1994,1662
"ford","f-150","icev",1995,1914
"ford","f-150","icev",1996,1195
"ford","f-150","icev",1997,3170
"ford","f-150","icev",1998,2376
"ford","f-150","icev",1999,2644
"ford","f-150","icev",2000,2514
"ford","f-150","icev",2001,3833
"ford","f-150","icev",2002,3453
"ford","f-150","icev",2003,3666
"ford","f-150","icev",2004,3818
"ford","f-150","icev",2005,3702
"ford","f-150","icev",2006,4083
"ford","f-150","icev",2007,3352
"ford","f-150","icev",2008,2912
"ford","f-150","icev",2009,1922
"ford","f-150","icev",2010,4341
"ford","f-150","icev",2011,3692
"ford","f-150","icev",2012,3447
"ford","f-150","icev",2013,5405
"ford","f-150","icev",2014,2361
"ford","f-150","icev",2015,1959
"ford","f-150","icev",2016,2711
"ford","f-150","icev",2017,2399
"ford","f-150","icev",2018,3036
"ford","f-150","icev",2019,2069
"ford","f-150","icev",2020,1524
"ford","f-150","icev",2021,1095
"ford","f-150","icev",2022,526
"ford","f-150","icev",2023,44
"ford","f-150 heritage","icev",2004,462
"ford","f-150 lightning","bev",2023,3
"ford","f-150 svt lightning","icev",1993,31
"ford","f-150 svt lightning","icev",1994,16
"ford","f-150 svt lightning","icev",1995,10
"ford","f-150 svt lightning","icev",1999,22
"ford","f-150 svt lightning","icev",2000,29
"ford","f-150 svt lightning","icev",2001,47
"ford","f-150 svt lightning","icev",2002,33
"ford","f-150 svt lightning","icev",2003,36
"ford","f-150 svt lightning","icev",2004,26
"ford","f-250","icev",1981,44
"ford","f-250","icev",1982,52
"ford","f-250","icev",1983,84
"ford","f-250","icev",1984,121
"ford","f-250","icev",1985,156
"ford","f-250","icev",1986,220
"ford","f-250","icev",1987,129
"ford","f-250","icev",1988,239
"ford","f-250","icev",1989,291
"ford","f-250","icev",1990,283
"ford","f-250","icev",1991,205
"ford","f-250","icev",1992,200
"ford","f-250","icev",1993,225
"ford","f-250","icev",1994,269
"ford","f-250","icev",1995,281
"ford","f-250","icev",1996,312
"ford","f-250","icev",1997,502
"ford","f-250","icev",1998,121
"ford","f-250","icev",1999,113
"ford","f-250 hd","icev",1994,1
"ford","f-250 super duty","icev",1999,603
"ford","f-250 super duty","icev",2000,440
"ford","f-250 super duty","icev",2001,563
"ford","f-250 super duty","icev",2002,476
"ford","f-250 super duty","icev",2003,600
"ford","f-250 super duty","icev",2004,460
"ford","f-250 super duty","icev",2005,285
"ford","f-250 super duty","icev",2006,277
"ford","f-250 super duty","icev",2007,69
"ford","f-250 super duty","icev",2008,379
"ford","f-250 super duty","icev",2009,156
"ford","f-250 super duty","icev",2010,165
"ford","f-250 super duty","icev",2011,258
"ford","f-250 super duty","icev",2012,308
"ford","f-250 super duty","icev",2013,151
"ford","f-250 super duty","icev",2014,93
"ford","f-250 super duty","icev",2015,205
"ford","f-250 super duty","icev",2016,249
"ford","f-250 super duty","icev",2017,278
"ford","f-250 super duty","icev",2018,106
"ford","f-250 super duty","icev",2019,248
"ford","f-250 super duty","icev",2020,127
"ford","f-250 super duty","icev",2021,84
"ford","f-250 super duty","icev",2022,94
"ford","f-250 super duty","icev",2024,1
"ford","f-350","icev",1981,5
"ford","f-350","icev",1982,10
"ford","f-350","icev",1983,10
"ford","f-350","icev",1984,11
"ford","f-350","icev",1985,17
"ford","f-350","icev",1986,16
"ford","f-350","icev",1987,22
"ford","f-350","icev",1988,27
"ford","f-350","icev",1989,44
"ford","f-350","icev",1990,46
"ford","f-350","icev",1991,23
"ford","f-350","icev",1992,36
"ford","f-350","icev",1993,66
"ford","f-350","icev",1994,66
"ford","f-350","icev",1995,66
"ford","f-350","icev",1996,52
"ford","f-350","icev",1997,80
"ford","f-350 chassis cab","icev",1997,1
"ford","f-350 crew cab","icev",1995,1
"ford","f-350 sd","icev",2001,1
"ford","f-350 super duty","icev",1999,116
"ford","f-350 super duty","icev",2000,84
"ford","f-350 super duty","icev",2001,84
"ford","f-350 super duty","icev",2002,68
"ford","f-350 super duty","icev",2003,78
"ford","f-350 super duty","icev",2004,72
"ford","f-350 super duty","icev",2005,39
"ford","f-350 super duty","icev",2006,39
"ford","f-350 super duty","icev",2007,11
"ford","f-350 super duty","icev",2008,69
"ford","f-350 super duty","icev",2009,44
"ford","f-350 super duty","icev",2010,38
"ford","f-350 super duty","icev",2011,71
"ford","f-350 super duty","icev",2012,68
"ford","f-350 super duty","icev",2013,31
"ford","f-350 super duty","icev",2014,27
"ford","f-350 super duty","icev",2015,36
"ford","f-350 super duty","icev",2016,24
"ford","f-350 super duty","icev",2017,43
"ford","f-350 super duty","icev",2018,11
"ford","f-350 super duty","icev",2019,28
"ford","f-350 super duty","icev",2020,23
"ford","f-350 super duty","icev",2021,16
"ford","f-350 super duty","icev",2022,26
"ford","f-350 super duty","icev",2023,3
"ford","f-350 super duty","icev",2024,2
"ford","f-450 super duty","icev",2009,2
"ford","f-550 super duty","icev",2011,1
"ford","f-series","icev",1982,6
"ford","f-series","icev",1986,1
"ford","fairmont","icev",1981,27
"ford","fairmont","icev",1982,13
"ford","fairmont","icev",1983,12
"ford","festiva","icev",1988,60
"ford","festiva","icev",1989,67
"ford","festiva","icev",1990,62
"ford","festiva","icev",1991,70
"ford","festiva","icev",1992,36
"ford","festiva","icev",1993,75
"ford","fiesta","icev",2011,648
"ford","fiesta","icev",2012,401
"ford","fiesta","icev",2013,372
"ford","fiesta","icev",2014,328
"ford","fiesta","icev",2015,268
"ford","fiesta","icev",2016,304
"ford","fiesta","icev",2017,210
"ford","fiesta","icev",2018,144
"ford","fiesta","icev",2019,171
"ford","five hundred","icev",2005,721
"ford","five hundred","icev",2006,647
"ford","five hundred","icev",2007,470
"ford","flex","icev",2009,464
"ford","flex","icev",2010,407
"ford","flex","icev",2011,363
"ford","flex","icev",2012,254
"ford","flex","icev",2013,307
"ford","flex","icev",2014,146
"ford","flex","icev",2015,59
"ford","flex","icev",2016,84
"ford","flex","icev",2017,80
"ford","flex","icev",2018,78
"ford","flex","icev",2019,94
"ford","focus","bev",2012,6
"ford","focus","bev",2013,22
"ford","focus","bev",2014,8
"ford","focus","bev",2015,5
"ford","focus","bev",2017,4
"ford","focus","icev",2000,1461
"ford","focus","icev",2001,1496
"ford","focus","icev",2002,1572
"ford","focus","icev",2003,1617
"ford","focus","icev",2004,612
"ford","focus","icev",2005,1635
"ford","focus","icev",2006,930
"ford","focus","icev",2007,1585
"ford","focus","icev",2008,1417
"ford","focus","icev",2009,1385
"ford","focus","icev",2010,1586
"ford","focus","icev",2011,884
"ford","focus","icev",2012,2407
"ford","focus","icev",2013,1663
"ford","focus","icev",2014,1319
"ford","focus","icev",2015,569
"ford","focus","icev",2016,680
"ford","focus","icev",2017,739
"ford","focus","icev",2018,480
"ford","focus svt","icev",2002,27
"ford","focus svt","icev",2003,50
"ford","focus svt","icev",2004,21
"ford","freestar","icev",2004,699
"ford","freestar","icev",2005,488
"ford","freestar","icev",2006,303
"ford","freestar","icev",2007,98
"ford","freestar lx sport","icev",2004,4
"ford","freestyle","icev",2005,616
"ford","freestyle","icev",2006,506
"ford","freestyle","icev",2007,355
"ford","fusion","hev",2010,317
"ford","fusion","hev",2011,86
"ford","fusion","hev",2012,126
"ford","fusion","hev",2013,294
"ford","fusion","hev",2014,178
"ford","fusion","hev",2015,76
"ford","fusion","hev",2016,77
"ford","fusion","hev",2017,73
"ford","fusion","hev",2018,126
"ford","fusion","hev",2019,141
"ford","fusion","hev",2020,25
"ford","fusion","icev",2006,917
"ford","fusion","icev",2007,1182
"ford","fusion","icev",2008,1151
"ford","fusion","icev",2009,1043
"ford","fusion","icev",2010,2476
"ford","fusion","icev",2011,1935
"ford","fusion","icev",2012,2873
"ford","fusion","icev",2013,1929
"ford","fusion","icev",2014,1380
"ford","fusion","icev",2015,883
"ford","fusion","icev",2016,1247
"ford","fusion","icev",2017,936
"ford","fusion","icev",2018,366
"ford","fusion","icev",2019,323
"ford","fusion","icev",2020,266
"ford","fusion","phev",2017,85
"ford","fusion energi","phev",2013,44
"ford","fusion energi","phev",2014,37
"ford","fusion energi","phev",2015,26
"ford","fusion energi","phev",2016,28
"ford","fusion energi","phev",2017,44
"ford","fusion energi","phev",2018,6
"ford","fusion energi","phev",2019,10
"ford","fusion energi","phev",2020,3
"ford","granada","icev",1981,7
"ford","granada","icev",1982,10
"ford","gt","icev",2005,6
"ford","gt","icev",2006,9
"ford","gt","icev",2016,12
"ford","gt","icev",2017,15
"ford","gt","icev",2018,1
"ford","gt","icev",2020,1
"ford","ltd","icev",1981,25
"ford","ltd","icev",1982,24
"ford","ltd","icev",1983,35
"ford","ltd","icev",1984,39
"ford","ltd","icev",1985,52
"ford","ltd","icev",1986,30
"ford","ltd crown victoria","icev",1983,30
"ford","ltd crown victoria","icev",1984,81
"ford","ltd crown victoria","icev",1985,100
"ford","ltd crown victoria","icev",1986,73
"ford","ltd crown victoria","icev",1987,99
"ford","ltd crown victoria","icev",1988,122
"ford","ltd crown victoria","icev",1989,182
"ford","ltd crown victoria","icev",1990,108
"ford","ltd crown victoria","icev",1991,103
"ford","maverick","hev",2022,62
"ford","maverick","hev",2023,1
"ford","maverick","hev",2024,4
"ford","maverick","icev",2022,98
"ford","maverick","icev",2023,2
"ford","maverick","icev",2024,4
"ford","mustang","icev",1981,24
"ford","mustang","icev",1982,34
"ford","mustang","icev",1983,60
"ford","mustang","icev",1984,84
"ford","mustang","icev",1985,108
"ford","mustang","icev",1986,161
"ford","mustang","icev",1987,159
"ford","mustang","icev",1988,230
"ford","mustang","icev",1989,347
"ford","mustang","icev",1990,253
"ford","mustang","icev",1991,232
"ford","mustang","icev",1992,207
"ford","mustang","icev",1993,339
"ford","mustang","icev",1994,371
"ford","mustang","icev",1995,556
"ford","mustang","icev",1996,424
"ford","mustang","icev",1997,377
"ford","mustang","icev",1998,724
"ford","mustang","icev",1999,583
"ford","mustang","icev",2000,1009
"ford","mustang","icev",2001,889
"ford","mustang","icev",2002,867
"ford","mustang","icev",2003,889
"ford","mustang","icev",2004,850
"ford","mustang","icev",2005,977
"ford","mustang","icev",2006,1127
"ford","mustang","icev",2007,1232
"ford","mustang","icev",2008,821
"ford","mustang","icev",2009,366
"ford","mustang","icev",2010,623
"ford","mustang","icev",2011,598
"ford","mustang","icev",2012,645
"ford","mustang","icev",2013,566
"ford","mustang","icev",2014,545
"ford","mustang","icev",2015,461
"ford","mustang","icev",2016,471
"ford","mustang","icev",2017,501
"ford","mustang","icev",2018,304
"ford","mustang","icev",2019,319
"ford","mustang","icev",2020,267
"ford","mustang","icev",2021,142
"ford","mustang","icev",2022,1
"ford","mustang","icev",2024,9
"ford","mustang mach-e","bev",2021,57
"ford","mustang mach-e","bev",2022,40
"ford","mustang mach-e","bev",2023,1
"ford","mustang svt cobra","icev",1993,19
"ford","mustang svt cobra","icev",1994,30
"ford","mustang svt cobra","icev",1995,11
"ford","mustang svt cobra","icev",1996,56
"ford","mustang svt cobra","icev",1997,49
"ford","mustang svt cobra","icev",1998,51
"ford","mustang svt cobra","icev",1999,55
"ford","mustang svt cobra","icev",2001,47
"ford","mustang svt cobra","icev",2003,112
"ford","mustang svt cobra","icev",2004,41
"ford","probe","icev",1989,156
"ford","probe","icev",1990,116
"ford","probe","icev",1991,95
"ford","probe","icev",1992,65
"ford","probe","icev",1993,175
"ford","probe","icev",1994,173
"ford","probe","icev",1995,137
"ford","probe","icev",1996,84
"ford","probe","icev",1997,46
"ford","ranger","icev",1983,156
"ford","ranger","icev",1984,152
"ford","ranger","icev",1985,186
"ford","ranger","icev",1986,275
"ford","ranger","icev",1987,334
"ford","ranger","icev",1988,493
"ford","ranger","icev",1989,456
"ford","ranger","icev",1990,600
"ford","ranger","icev",1991,634
"ford","ranger","icev",1992,714
"ford","ranger","icev",1993,1054
"ford","ranger","icev",1994,1527
"ford","ranger","icev",1995,836
"ford","ranger","icev",1996,1096
"ford","ranger","icev",1997,1203
"ford","ranger","icev",1998,1393
"ford","ranger","icev",1999,1976
"ford","ranger","icev",2000,2023
"ford","ranger","icev",2001,1711
"ford","ranger","icev",2002,1612
"ford","ranger","icev",2003,1576
"ford","ranger","icev",2004,1177
"ford","ranger","icev",2005,684
"ford","ranger","icev",2006,547
"ford","ranger","icev",2007,449
"ford","ranger","icev",2008,549
"ford","ranger","icev",2009,338
"ford","ranger","icev",2010,440
"ford","ranger","icev",2011,826
"ford","ranger","icev",2019,385
"ford","ranger","icev",2020,306
"ford","ranger","icev",2021,237
"ford","ranger","icev",2022,66
"ford","ranger","icev",2023,1
"ford","shelby gt500","icev",2007,96
"ford","shelby gt500","icev",2008,85
"ford","shelby gt500","icev",2009,42
"ford","shelby gt500","icev",2010,31
"ford","shelby gt500","icev",2011,48
"ford","shelby gt500","icev",2012,38
"ford","shelby gt500","icev",2013,35
"ford","shelby gt500","icev",2014,38
"ford","super duty f-250","icev",1999,2
"ford","super duty f-250","icev",2000,4
"ford","super duty f-250","icev",2001,3
"ford","super duty f-250","icev",2002,2
"ford","super duty f-250","icev",2003,3
"ford","super duty f-250","icev",2004,3
"ford","super duty f-250","icev",2005,5
"ford","super duty f-250","icev",2006,2
"ford","super duty f-250","icev",2007,3
"ford","super duty f-250","icev",2008,4
"ford","super duty f-250","icev",2009,2
"ford","super duty f-350 drw","icev",1999,6
"ford","super duty f-350 drw","icev",2000,9
"ford","super duty f-350 drw","icev",2001,6
"ford","super duty f-350 drw","icev",2002,5
"ford","super duty f-350 drw","icev",2003,10
"ford","super duty f-350 drw","icev",2004,10
"ford","super duty f-350 drw","icev",2005,3
"ford","super duty f-350 drw","icev",2006,4
"ford","super duty f-350 drw","icev",2007,3
"ford","super duty f-350 drw","icev",2008,13
"ford","super duty f-350 srw","icev",2000,3
"ford","super duty f-350 srw","icev",2001,4
"ford","super duty f-350 srw","icev",2002,5
"ford","super duty f-350 srw","icev",2003,1
"ford","super duty f-350 srw","icev",2004,1
"ford","super duty f-350 srw","icev",2005,3
"ford","super duty f-350 srw","icev",2006,3
"ford","super duty f-350 srw","icev",2008,3
"ford","super duty f-350 srw","icev",2009,2
"ford","super duty f-450","icev",2000,4
"ford","super duty f-450 drw","icev",2002,1
"ford","super duty f-450 drw","icev",2003,6
"ford","super duty f-450 drw","icev",2004,2
"ford","super duty f-450 drw","icev",2005,4
"ford","super duty f-450 drw","icev",2006,2
"ford","super duty f-550","icev",1999,1
"ford","super duty f-550 drw","icev",2003,1
"ford","super duty f-550 drw","icev",2004,1
"ford","super duty f-550 drw","icev",2006,1
"ford","super duty f-550 motorhome","icev",2000,25
"ford","super duty f-550 motorhome","icev",2001,30
"ford","super duty f-550 motorhome","icev",2002,35
"ford","super duty f-550 motorhome","icev",2003,39
"ford","super duty f-550 motorhome","icev",2006,47
"ford","super duty f-550 motorhome","icev",2007,28
"ford","super duty f-550 motorhome","icev",2008,9
"ford","super duty f-550 motorhome","icev",2009,9
"ford","taurus","icev",1986,80
"ford","taurus","icev",1987,178
"ford","taurus","icev",1988,223
"ford","taurus","icev",1989,284
"ford","taurus","icev",1990,358
"ford","taurus","icev",1991,361
"ford","taurus","icev",1992,574
"ford","taurus","icev",1993,838
"ford","taurus","icev",1994,783
"ford","taurus","icev",1995,1087
"ford","taurus","icev",1996,1247
"ford","taurus","icev",1997,1506
"ford","taurus","icev",1998,1381
"ford","taurus","icev",1999,1971
"ford","taurus","icev",2000,2006
"ford","taurus","icev",2001,2149
"ford","taurus","icev",2002,2287
"ford","taurus","icev",2003,2468
"ford","taurus","icev",2004,1272
"ford","taurus","icev",2005,1269
"ford","taurus","icev",2006,1043
"ford","taurus","icev",2007,730
"ford","taurus","icev",2008,684
"ford","taurus","icev",2009,215
"ford","taurus","icev",2010,649
"ford","taurus","icev",2011,688
"ford","taurus","icev",2012,404
"ford","taurus","icev",2013,834
"ford","taurus","icev",2014,254
"ford","taurus","icev",2015,249
"ford","taurus","icev",2016,173
"ford","taurus","icev",2017,173
"ford","taurus","icev",2018,117
"ford","taurus","icev",2019,44
"ford","taurus se","icev",2002,1
"ford","taurus sel","icev",2002,3
"ford","taurus x","icev",2008,395
"ford","taurus x","icev",2009,46
"ford","tempo","icev",1984,51
"ford","tempo","icev",1985,68
"ford","tempo","icev",1986,94
"ford","tempo","icev",1987,82
"ford","tempo","icev",1988,149
"ford","tempo","icev",1989,144
"ford","tempo","icev",1990,265
"ford","tempo","icev",1991,242
"ford","tempo","icev",1992,279
"ford","tempo","icev",1993,411
"ford","tempo","icev",1994,269
"ford","thunderbird","icev",1981,6
"ford","thunderbird","icev",1982,6
"ford","thunderbird","icev",1983,36
"ford","thunderbird","icev",1984,45
"ford","thunderbird","icev",1985,54
"ford","thunderbird","icev",1986,69
"ford","thunderbird","icev",1987,77
"ford","thunderbird","icev",1988,122
"ford","thunderbird","icev",1989,95
"ford","thunderbird","icev",1990,112
"ford","thunderbird","icev",1991,99
"ford","thunderbird","icev",1992,114
"ford","thunderbird","icev",1993,248
"ford","thunderbird","icev",1994,283
"ford","thunderbird","icev",1995,275
"ford","thunderbird","icev",1996,263
"ford","thunderbird","icev",1997,278
"ford","thunderbird","icev",2002,239
"ford","thunderbird","icev",2003,113
"ford","thunderbird","icev",2004,118
"ford","thunderbird","icev",2005,79
"ford","transit","icev",2017,1
"ford","transit","icev",2019,1
"ford","transit cargo","icev",2015,82
"ford","transit cargo","icev",2016,69
"ford","transit cargo","icev",2017,52
"ford","transit cargo","icev",2018,48
"ford","transit cargo","icev",2019,38
"ford","transit cargo","icev",2020,32
"ford","transit cargo","icev",2021,14
"ford","transit cargo","icev",2022,1
"ford","transit chassis cab","icev",2017,1
"ford","transit connect","icev",2010,114
"ford","transit connect","icev",2011,62
"ford","transit connect","icev",2012,66
"ford","transit connect","icev",2013,76
"ford","transit connect","icev",2014,45
"ford","transit connect","icev",2015,28
"ford","transit connect","icev",2016,32
"ford","transit connect","icev",2017,11
"ford","transit connect","icev",2018,11
"ford","transit connect","icev",2019,12
"ford","transit connect","icev",2020,6
"ford","transit connect","icev",2021,2
"ford","transit connect cargo","icev",2014,34
"ford","transit connect cargo","icev",2015,35
"ford","transit connect cargo","icev",2016,38
"ford","transit connect cargo","icev",2017,25
"ford","transit connect cargo","icev",2018,9
"ford","transit connect cargo","icev",2019,16
"ford","transit connect cargo","icev",2020,12
"ford","transit connect cargo","icev",2022,2
"ford","transit crew","icev",2020,3
"ford","transit crew","icev",2021,1
"ford","transit cutaway","icev",2015,1
"ford","transit cutaway","icev",2016,5
"ford","transit cutaway","icev",2017,6
"ford","transit cutaway","icev",2018,3
"ford","transit cutaway","icev",2019,2
"ford","transit cutaway","icev",2020,1
"ford","transit cutaway","icev",2021,2
"ford","transit cutaway","icev",2022,1
"ford","transit cutaway","icev",2023,1
"ford","transit passenger","icev",2015,47
"ford","transit passenger","icev",2016,67
"ford","transit passenger","icev",2017,51
"ford","transit passenger","icev",2018,39
"ford","transit passenger","icev",2019,22
"ford","transit passenger","icev",2020,9
"ford","transit passenger","icev",2021,3
"ford","transit passenger","icev",2022,1
"ford","transit passenger","icev",2023,1
"ford","van","icev",1983,4
"ford","van","icev",1984,4
"ford","van","icev",1985,5
"ford","windstar","icev",1995,883
"ford","windstar","icev",1996,730
"ford","windstar","icev",1997,139
"ford","windstar","icev",1998,1486
"ford","windstar","icev",1999,1057
"ford","windstar","icev",2000,1528
"ford","windstar","icev",2001,1384
"ford","windstar","icev",2002,1085
"ford","windstar","icev",2003,1210
"ford","windstar cargo","icev",1995,2
"ford","windstar cargo","icev",1996,6
"ford","windstar cargo","icev",1998,21
"ford","windstar cargo","icev",1999,15
"ford","windstar cargo","icev",2000,18
"ford","windstar cargo","icev",2001,11
"ford","windstar cargo","icev",2002,12
"ford","windstar cargo","icev",2003,7
"genesis","electrified gv70","bev",2024,1
"genesis","g70","icev",2019,39
"genesis","g70","icev",2020,20
"genesis","g70","icev",2021,12
"genesis","g70","icev",2022,17
"genesis","g80","icev",2017,54
"genesis","g80","icev",2018,51
"genesis","g80","icev",2019,16
"genesis","g80","icev",2020,9
"genesis","g80","icev",2021,11
"genesis","g80","icev",2022,6
"genesis","g90","icev",2017,19
"genesis","g90","icev",2018,10
"genesis","g90","icev",2019,6
"genesis","g90","icev",2020,3
"genesis","g90","icev",2021,2
"genesis","g90","icev",2022,2
"genesis","gv70","icev",2022,21
"genesis","gv70","icev",2024,3
"genesis","gv80","icev",2021,30
"genesis","gv80","icev",2022,13
"genesis","gv80","icev",2023,1
"genesis","gv80","icev",2024,3
"geo","metro","icev",1989,23
"geo","metro","icev",1990,74
"geo","metro","icev",1991,159
"geo","metro","icev",1992,162
"geo","metro","icev",1993,179
"geo","metro","icev",1994,164
"geo","metro","icev",1995,164
"geo","metro","icev",1996,220
"geo","metro","icev",1997,166
"geo","prizm","icev",1989,5
"geo","prizm","icev",1990,233
"geo","prizm","icev",1991,187
"geo","prizm","icev",1992,171
"geo","prizm","icev",1993,167
"geo","prizm","icev",1994,270
"geo","prizm","icev",1995,290
"geo","prizm","icev",1996,236
"geo","prizm","icev",1997,223
"geo","spectrum","icev",1989,33
"geo","storm","icev",1990,60
"geo","storm","icev",1991,87
"geo","storm","icev",1992,88
"geo","storm","icev",1993,74
"geo","tracker","icev",1989,10
"geo","tracker","icev",1990,73
"geo","tracker","icev",1991,59
"geo","tracker","icev",1992,95
"geo","tracker","icev",1993,79
"geo","tracker","icev",1994,140
"geo","tracker","icev",1995,177
"geo","tracker","icev",1996,176
"geo","tracker","icev",1997,101
"gmc","1 ton","icev",1987,1
"gmc","1 ton chassis-cabs","icev",1988,4
"gmc","1 ton chassis-cabs","icev",1989,2
"gmc","1/2 ton s","icev",1987,1
"gmc","1500 s","icev",1991,3
"gmc","2500 chassis-cabs","icev",1991,1
"gmc","3500 chassis-cabs","icev",1990,5
"gmc","acadia","icev",2007,410
"gmc","acadia","icev",2008,1046
"gmc","acadia","icev",2009,529
"gmc","acadia","icev",2010,676
"gmc","acadia","icev",2011,1107
"gmc","acadia","icev",2012,1401
"gmc","acadia","icev",2013,663
"gmc","acadia","icev",2014,452
"gmc","acadia","icev",2015,402
"gmc","acadia","icev",2016,316
"gmc","acadia","icev",2017,489
"gmc","acadia","icev",2018,317
"gmc","acadia","icev",2019,386
"gmc","acadia","icev",2020,189
"gmc","acadia","icev",2021,124
"gmc","acadia","icev",2022,45
"gmc","acadia","icev",2023,7
"gmc","acadia limited","icev",2017,139
"gmc","c/k 1500 series","icev",1981,68
"gmc","c/k 1500 series","icev",1982,64
"gmc","c/k 1500 series","icev",1983,96
"gmc","c/k 1500 series","icev",1984,147
"gmc","c/k 1500 series","icev",1985,163
"gmc","c/k 1500 series","icev",1986,133
"gmc","c/k 2500 series","icev",1981,9
"gmc","c/k 2500 series","icev",1982,16
"gmc","c/k 2500 series","icev",1983,23
"gmc","c/k 2500 series","icev",1984,41
"gmc","c/k 2500 series","icev",1985,53
"gmc","c/k 2500 series","icev",1986,36
"gmc","c/k 2500 series","icev",1992,1
"gmc","c/k 2500 series","icev",1995,3
"gmc","c/k 2500 series","icev",1998,4
"gmc","c/k 2500 series","icev",2000,76
"gmc","c/k 3500 series","icev",1981,3
"gmc","c/k 3500 series","icev",1982,4
"gmc","c/k 3500 series","icev",1983,3
"gmc","c/k 3500 series","icev",1984,8
"gmc","c/k 3500 series","icev",1985,8
"gmc","c/k 3500 series","icev",1986,11
"gmc","c/k 3500 series","icev",2000,51
"gmc","caballero","icev",1981,5
"gmc","caballero","icev",1982,3
"gmc","caballero","icev",1983,3
"gmc","caballero","icev",1984,8
"gmc","caballero","icev",1985,5
"gmc","caballero","icev",1986,5
"gmc","caballero","icev",1987,5
"gmc","canyon","icev",2004,138
"gmc","canyon","icev",2005,324
"gmc","canyon","icev",2006,214
"gmc","canyon","icev",2007,118
"gmc","canyon","icev",2008,128
"gmc","canyon","icev",2009,76
"gmc","canyon","icev",2010,112
"gmc","canyon","icev",2011,73
"gmc","canyon","icev",2012,134
"gmc","canyon","icev",2015,117
"gmc","canyon","icev",2016,205
"gmc","canyon","icev",2017,111
"gmc","canyon","icev",2018,156
"gmc","canyon","icev",2019,105
"gmc","canyon","icev",2020,51
"gmc","canyon","icev",2021,69
"gmc","canyon","icev",2022,64
"gmc","canyon","icev",2023,3
"gmc","classic sierra 2500","icev",2000,3
"gmc","classic sierra 3500","icev",2000,2
"gmc","classic sierra 3500 hd","icev",2000,3
"gmc","envoy","icev",1998,321
"gmc","envoy","icev",1999,3
"gmc","envoy","icev",2000,406
"gmc","envoy","icev",2002,890
"gmc","envoy","icev",2003,688
"gmc","envoy","icev",2004,652
"gmc","envoy","icev",2005,613
"gmc","envoy","icev",2006,667
"gmc","envoy","icev",2007,551
"gmc","envoy","icev",2008,414
"gmc","envoy","icev",2009,75
"gmc","envoy xl","icev",2002,114
"gmc","envoy xl","icev",2003,451
"gmc","envoy xl","icev",2004,332
"gmc","envoy xl","icev",2005,295
"gmc","envoy xl","icev",2006,235
"gmc","envoy xuv","icev",2004,192
"gmc","envoy xuv","icev",2005,26
"gmc","g savana camper special","icev",1996,13
"gmc","g series van","icev",1986,1
"gmc","hummer ev","bev",2022,1
"gmc","jimmy","icev",1982,6
"gmc","jimmy","icev",1983,3
"gmc","jimmy","icev",1984,11
"gmc","jimmy","icev",1985,28
"gmc","jimmy","icev",1986,17
"gmc","jimmy","icev",1987,11
"gmc","jimmy","icev",1988,9
"gmc","jimmy","icev",1989,7
"gmc","jimmy","icev",1990,6
"gmc","jimmy","icev",1991,7
"gmc","jimmy","icev",1992,91
"gmc","jimmy","icev",1993,118
"gmc","jimmy","icev",1994,171
"gmc","jimmy","icev",1995,257
"gmc","jimmy","icev",1996,312
"gmc","jimmy","icev",1997,292
"gmc","jimmy","icev",1998,90
"gmc","jimmy","icev",1999,351
"gmc","jimmy","icev",2000,173
"gmc","jimmy","icev",2001,348
"gmc","jimmy","icev",2002,2
"gmc","r/v 1500 series","icev",1987,112
"gmc","r/v 2500 series","icev",1987,11
"gmc","r/v 3500 series","icev",1987,7
"gmc","r/v 3500 series","icev",1988,6
"gmc","r/v 3500 series","icev",1989,5
"gmc","r/v 3500 series","icev",1991,1
"gmc","rally","icev",1983,2
"gmc","rally","icev",1984,3
"gmc","rally","icev",1985,4
"gmc","rally","icev",1986,3
"gmc","rally","icev",1987,1
"gmc","rally","icev",1988,3
"gmc","rally","icev",1989,3
"gmc","rally","icev",1990,10
"gmc","rally","icev",1991,5
"gmc","rally","icev",1992,6
"gmc","rally","icev",1994,2
"gmc","rally","icev",1995,10
"gmc","rally","icev",1996,1
"gmc","s-15","icev",1982,17
"gmc","s-15","icev",1983,28
"gmc","s-15","icev",1984,33
"gmc","s-15","icev",1985,53
"gmc","s-15","icev",1986,57
"gmc","s-15","icev",1987,66
"gmc","s-15","icev",1988,75
"gmc","s-15","icev",1989,93
"gmc","s-15","icev",1990,43
"gmc","s-15 jimmy","icev",1983,12
"gmc","s-15 jimmy","icev",1984,24
"gmc","s-15 jimmy","icev",1985,45
"gmc","s-15 jimmy","icev",1986,38
"gmc","s-15 jimmy","icev",1987,45
"gmc","s-15 jimmy","icev",1988,53
"gmc","s-15 jimmy","icev",1989,82
"gmc","s-15 jimmy","icev",1990,38
"gmc","s-15 jimmy","icev",1991,104
"gmc","safari","icev",1985,10
"gmc","safari","icev",1986,22
"gmc","safari","icev",1987,16
"gmc","safari","icev",1988,17
"gmc","safari","icev",1989,26
"gmc","safari","icev",1990,43
"gmc","safari","icev",1991,60
"gmc","safari","icev",1992,60
"gmc","safari","icev",1993,75
"gmc","safari","icev",1994,73
"gmc","safari","icev",1995,95
"gmc","safari","icev",1996,73
"gmc","safari","icev",1997,120
"gmc","safari","icev",1998,102
"gmc","safari","icev",1999,109
"gmc","safari","icev",2000,146
"gmc","safari","icev",2001,65
"gmc","safari","icev",2002,65
"gmc","safari","icev",2003,62
"gmc","safari","icev",2004,22
"gmc","safari","icev",2005,23
"gmc","safari cargo","icev",1985,10
"gmc","safari cargo","icev",1986,2
"gmc","safari cargo","icev",1987,2
"gmc","safari cargo","icev",1988,5
"gmc","safari cargo","icev",1989,7
"gmc","safari cargo","icev",1990,7
"gmc","safari cargo","icev",1991,6
"gmc","safari cargo","icev",1992,20
"gmc","safari cargo","icev",1993,6
"gmc","safari cargo","icev",1994,9
"gmc","safari cargo","icev",1995,34
"gmc","safari cargo","icev",1996,7
"gmc","safari cargo","icev",1997,5
"gmc","safari cargo","icev",1998,10
"gmc","safari cargo","icev",1999,15
"gmc","safari cargo","icev",2000,12
"gmc","safari cargo","icev",2001,11
"gmc","safari cargo","icev",2002,3
"gmc","safari cargo","icev",2003,7
"gmc","safari cargo","icev",2004,3
"gmc","safari cargo","icev",2005,7
"gmc","safari cargo van","icev",1997,15
"gmc","safari cargo van","icev",1998,7
"gmc","safari cargo van","icev",1999,17
"gmc","safari cargo van","icev",2000,16
"gmc","safari cargo van","icev",2001,1
"gmc","safari cargo van","icev",2003,4
"gmc","safari cargo van","icev",2005,1
"gmc","savana","icev",1997,4
"gmc","savana","icev",1998,7
"gmc","savana","icev",1999,10
"gmc","savana","icev",2000,12
"gmc","savana","icev",2001,20
"gmc","savana","icev",2002,16
"gmc","savana","icev",2003,7
"gmc","savana","icev",2004,8
"gmc","savana","icev",2005,8
"gmc","savana","icev",2006,7
"gmc","savana","icev",2007,5
"gmc","savana","icev",2008,10
"gmc","savana","icev",2014,1
"gmc","savana cargo","icev",1996,5
"gmc","savana cargo","icev",1997,19
"gmc","savana cargo","icev",1998,24
"gmc","savana cargo","icev",1999,38
"gmc","savana cargo","icev",2000,55
"gmc","savana cargo","icev",2001,55
"gmc","savana cargo","icev",2002,52
"gmc","savana cargo","icev",2003,48
"gmc","savana cargo","icev",2004,36
"gmc","savana cargo","icev",2005,40
"gmc","savana cargo","icev",2006,42
"gmc","savana cargo","icev",2007,18
"gmc","savana cargo","icev",2008,24
"gmc","savana cargo","icev",2009,18
"gmc","savana cargo","icev",2010,18
"gmc","savana cargo","icev",2011,18
"gmc","savana cargo","icev",2012,12
"gmc","savana cargo","icev",2013,14
"gmc","savana cargo","icev",2014,21
"gmc","savana cargo","icev",2015,11
"gmc","savana cargo","icev",2016,19
"gmc","savana cargo","icev",2017,23
"gmc","savana cargo","icev",2018,9
"gmc","savana cargo","icev",2019,4
"gmc","savana cargo","icev",2020,3
"gmc","savana cargo","icev",2022,1
"gmc","savana cargo van","icev",1997,11
"gmc","savana cargo van","icev",1998,13
"gmc","savana cargo van","icev",1999,27
"gmc","savana cargo van","icev",2000,38
"gmc","savana cargo van","icev",2001,22
"gmc","savana cargo van","icev",2003,12
"gmc","savana cargo van","icev",2004,16
"gmc","savana cargo van","icev",2005,16
"gmc","savana cargo van","icev",2006,9
"gmc","savana cargo van","icev",2007,8
"gmc","savana cargo van","icev",2008,2
"gmc","savana cargo van","icev",2009,1
"gmc","savana cutaway","icev",2003,24
"gmc","savana cutaway","icev",2010,3
"gmc","savana cutaway","icev",2011,5
"gmc","savana cutaway","icev",2012,9
"gmc","savana cutaway","icev",2013,1
"gmc","savana cutaway","icev",2014,6
"gmc","savana cutaway","icev",2015,1
"gmc","savana cutaway","icev",2016,1
"gmc","savana cutaway","icev",2017,4
"gmc","savana cutaway","icev",2019,1
"gmc","savana passenger","icev",2002,37
"gmc","savana passenger","icev",2006,1
"gmc","savana passenger","icev",2007,1
"gmc","savana passenger","icev",2009,2
"gmc","savana passenger","icev",2010,7
"gmc","savana passenger","icev",2011,3
"gmc","savana passenger","icev",2012,4
"gmc","savana passenger","icev",2013,1
"gmc","savana passenger","icev",2014,1
"gmc","savana passenger","icev",2015,1
"gmc","savana passenger","icev",2017,3
"gmc","savana rv cutaway","icev",2002,1
"gmc","sierra 1500","hev",2009,7
"gmc","sierra 1500","hev",2010,2
"gmc","sierra 1500","hev",2011,1
"gmc","sierra 1500","hev",2013,1
"gmc","sierra 1500","icev",1988,239
"gmc","sierra 1500","icev",1989,279
"gmc","sierra 1500","icev",1990,346
"gmc","sierra 1500","icev",1991,284
"gmc","sierra 1500","icev",1992,418
"gmc","sierra 1500","icev",1993,437
"gmc","sierra 1500","icev",1994,694
"gmc","sierra 1500","icev",1995,640
"gmc","sierra 1500","icev",1996,575
"gmc","sierra 1500","icev",1997,705
"gmc","sierra 1500","icev",1998,701
"gmc","sierra 1500","icev",1999,734
"gmc","sierra 1500","icev",2000,1058
"gmc","sierra 1500","icev",2001,820
"gmc","sierra 1500","icev",2002,950
"gmc","sierra 1500","icev",2003,917
"gmc","sierra 1500","icev",2004,1179
"gmc","sierra 1500","icev",2005,1250
"gmc","sierra 1500","icev",2006,1176
"gmc","sierra 1500","icev",2007,813
"gmc","sierra 1500","icev",2008,1442
"gmc","sierra 1500","icev",2009,1041
"gmc","sierra 1500","icev",2010,751
"gmc","sierra 1500","icev",2011,1478
"gmc","sierra 1500","icev",2012,1162
"gmc","sierra 1500","icev",2013,1201
"gmc","sierra 1500","icev",2014,1065
"gmc","sierra 1500","icev",2015,915
"gmc","sierra 1500","icev",2016,585
"gmc","sierra 1500","icev",2017,750
"gmc","sierra 1500","icev",2018,920
"gmc","sierra 1500","icev",2019,579
"gmc","sierra 1500","icev",2020,607
"gmc","sierra 1500","icev",2021,518
"gmc","sierra 1500","icev",2023,4
"gmc","sierra 1500","icev",2024,26
"gmc","sierra 1500 classic","icev",1999,3
"gmc","sierra 1500 classic","icev",2007,405
"gmc","sierra 1500 limited","icev",2019,31
"gmc","sierra 1500 limited","icev",2022,131
"gmc","sierra 1500 slt","icev",1994,3
"gmc","sierra 1500 sport","icev",1993,8
"gmc","sierra 1500 sport","icev",1994,13
"gmc","sierra 1500hd","icev",2001,24
"gmc","sierra 1500hd","icev",2002,84
"gmc","sierra 1500hd","icev",2003,106
"gmc","sierra 1500hd","icev",2005,26
"gmc","sierra 1500hd","icev",2006,23
"gmc","sierra 1500hd classic","icev",2007,9
"gmc","sierra 2500","icev",1988,56
"gmc","sierra 2500","icev",1989,86
"gmc","sierra 2500","icev",1990,78
"gmc","sierra 2500","icev",1991,52
"gmc","sierra 2500","icev",1992,58
"gmc","sierra 2500","icev",1993,66
"gmc","sierra 2500","icev",1994,87
"gmc","sierra 2500","icev",1995,106
"gmc","sierra 2500","icev",1996,52
"gmc","sierra 2500","icev",1997,102
"gmc","sierra 2500","icev",1998,152
"gmc","sierra 2500","icev",1999,67
"gmc","sierra 2500","icev",2000,161
"gmc","sierra 2500","icev",2001,21
"gmc","sierra 2500","icev",2002,27
"gmc","sierra 2500","icev",2003,25
"gmc","sierra 2500","icev",2004,55
"gmc","sierra 2500 classic","icev",1999,6
"gmc","sierra 2500hd","icev",2001,224
"gmc","sierra 2500hd","icev",2002,260
"gmc","sierra 2500hd","icev",2003,227
"gmc","sierra 2500hd","icev",2004,218
"gmc","sierra 2500hd","icev",2005,208
"gmc","sierra 2500hd","icev",2006,179
"gmc","sierra 2500hd","icev",2007,88
"gmc","sierra 2500hd","icev",2008,128
"gmc","sierra 2500hd","icev",2009,152
"gmc","sierra 2500hd","icev",2010,70
"gmc","sierra 2500hd","icev",2011,155
"gmc","sierra 2500hd","icev",2012,132
"gmc","sierra 2500hd","icev",2013,144
"gmc","sierra 2500hd","icev",2014,30
"gmc","sierra 2500hd","icev",2015,108
"gmc","sierra 2500hd","icev",2016,75
"gmc","sierra 2500hd","icev",2017,66
"gmc","sierra 2500hd","icev",2018,33
"gmc","sierra 2500hd","icev",2019,21
"gmc","sierra 2500hd","icev",2020,47
"gmc","sierra 2500hd","icev",2021,13
"gmc","sierra 2500hd","icev",2022,30
"gmc","sierra 2500hd","icev",2023,1
"gmc","sierra 2500hd","icev",2024,1
"gmc","sierra 2500hd classic","icev",2007,68
"gmc","sierra 3500","icev",1988,21
"gmc","sierra 3500","icev",1989,22
"gmc","sierra 3500","icev",1990,14
"gmc","sierra 3500","icev",1991,11
"gmc","sierra 3500","icev",1992,19
"gmc","sierra 3500","icev",1993,17
"gmc","sierra 3500","icev",1994,11
"gmc","sierra 3500","icev",1995,16
"gmc","sierra 3500","icev",1996,20
"gmc","sierra 3500","icev",1997,26
"gmc","sierra 3500","icev",1998,33
"gmc","sierra 3500","icev",1999,2
"gmc","sierra 3500","icev",2001,31
"gmc","sierra 3500","icev",2002,15
"gmc","sierra 3500","icev",2003,5
"gmc","sierra 3500","icev",2004,12
"gmc","sierra 3500","icev",2005,13
"gmc","sierra 3500","icev",2006,14
"gmc","sierra 3500 classic","icev",1999,3
"gmc","sierra 3500 classic","icev",2007,7
"gmc","sierra 3500 crew cab","icev",1999,1
"gmc","sierra 3500hd","icev",1992,2
"gmc","sierra 3500hd","icev",2007,1
"gmc","sierra 3500hd","icev",2008,8
"gmc","sierra 3500hd","icev",2009,10
"gmc","sierra 3500hd","icev",2010,7
"gmc","sierra 3500hd","icev",2011,6
"gmc","sierra 3500hd","icev",2012,10
"gmc","sierra 3500hd","icev",2013,13
"gmc","sierra 3500hd","icev",2014,2
"gmc","sierra 3500hd","icev",2015,7
"gmc","sierra 3500hd","icev",2016,7
"gmc","sierra 3500hd","icev",2017,4
"gmc","sierra 3500hd","icev",2018,3
"gmc","sierra 3500hd","icev",2020,2
"gmc","sierra 3500hd","icev",2021,5
"gmc","sierra 3500hd","icev",2024,1
"gmc","sierra 3500hd cc","icev",2008,4
"gmc","sierra 3500hd cc","icev",2009,6
"gmc","sierra 3500hd cc","icev",2010,1
"gmc","sierra 3500hd cc","icev",2011,2
"gmc","sierra 3500hd cc","icev",2012,1
"gmc","sierra 3500hd cc","icev",2013,1
"gmc","sierra 3500hd cc","icev",2017,1
"gmc","sierra 3500hd cc","icev",2019,1
"gmc","sierra c3","icev",2001,35
"gmc","sierra classic 1500","icev",1999,62
"gmc","sierra classic 3500","icev",1999,15
"gmc","sonoma","icev",1991,220
"gmc","sonoma","icev",1992,145
"gmc","sonoma","icev",1993,142
"gmc","sonoma","icev",1994,190
"gmc","sonoma","icev",1995,226
"gmc","sonoma","icev",1996,192
"gmc","sonoma","icev",1997,166
"gmc","sonoma","icev",1998,295
"gmc","sonoma","icev",1999,257
"gmc","sonoma","icev",2000,334
"gmc","sonoma","icev",2001,262
"gmc","sonoma","icev",2002,268
"gmc","sonoma","icev",2003,322
"gmc","sonoma","icev",2004,20
"gmc","suburban","icev",1981,2
"gmc","suburban","icev",1982,3
"gmc","suburban","icev",1983,4
"gmc","suburban","icev",1984,11
"gmc","suburban","icev",1985,28
"gmc","suburban","icev",1986,29
"gmc","suburban","icev",1987,26
"gmc","suburban","icev",1988,36
"gmc","suburban","icev",1989,35
"gmc","suburban","icev",1990,55
"gmc","suburban","icev",1991,38
"gmc","suburban","icev",1992,49
"gmc","suburban","icev",1993,114
"gmc","suburban","icev",1994,136
"gmc","suburban","icev",1995,149
"gmc","suburban","icev",1996,155
"gmc","suburban","icev",1997,200
"gmc","suburban","icev",1998,128
"gmc","suburban","icev",1999,454
"gmc","syclone","icev",1991,12
"gmc","terrain","icev",2010,563
"gmc","terrain","icev",2011,958
"gmc","terrain","icev",2012,1264
"gmc","terrain","icev",2013,1223
"gmc","terrain","icev",2014,451
"gmc","terrain","icev",2015,443
"gmc","terrain","icev",2016,336
"gmc","terrain","icev",2017,391
"gmc","terrain","icev",2018,312
"gmc","terrain","icev",2019,232
"gmc","terrain","icev",2020,230
"gmc","terrain","icev",2021,97
"gmc","terrain","icev",2022,91
"gmc","terrain","icev",2023,1
"gmc","terrain","icev",2024,5
"gmc","typhoon","icev",1992,3
"gmc","typhoon","icev",1993,6
"gmc","van","icev",1985,1
"gmc","vandura","icev",1981,3
"gmc","vandura","icev",1982,8
"gmc","vandura","icev",1983,9
"gmc","vandura","icev",1984,10
"gmc","vandura","icev",1985,12
"gmc","vandura","icev",1986,10
"gmc","vandura","icev",1987,10
"gmc","vandura","icev",1988,15
"gmc","vandura","icev",1989,8
"gmc","vandura","icev",1990,14
"gmc","vandura","icev",1991,13
"gmc","vandura","icev",1992,17
"gmc","vandura","icev",1993,9
"gmc","vandura","icev",1994,6
"gmc","vandura","icev",1995,20
"gmc","vandura","icev",1996,4
"gmc","yukon","hev",2008,18
"gmc","yukon","hev",2009,13
"gmc","yukon","hev",2010,3
"gmc","yukon","hev",2011,7
"gmc","yukon","hev",2012,4
"gmc","yukon","hev",2013,3
"gmc","yukon","icev",1992,12
"gmc","yukon","icev",1993,36
"gmc","yukon","icev",1994,48
"gmc","yukon","icev",1995,132
"gmc","yukon","icev",1996,135
"gmc","yukon","icev",1997,166
"gmc","yukon","icev",1998,109
"gmc","yukon","icev",1999,482
"gmc","yukon","icev",2000,173
"gmc","yukon","icev",2001,505
"gmc","yukon","icev",2002,533
"gmc","yukon","icev",2003,691
"gmc","yukon","icev",2004,791
"gmc","yukon","icev",2005,749
"gmc","yukon","icev",2006,240
"gmc","yukon","icev",2007,1128
"gmc","yukon","icev",2008,466
"gmc","yukon","icev",2009,306
"gmc","yukon","icev",2010,209
"gmc","yukon","icev",2011,406
"gmc","yukon","icev",2012,327
"gmc","yukon","icev",2013,303
"gmc","yukon","icev",2014,65
"gmc","yukon","icev",2015,318
"gmc","yukon","icev",2016,275
"gmc","yukon","icev",2017,269
"gmc","yukon","icev",2018,253
"gmc","yukon","icev",2019,174
"gmc","yukon","icev",2020,114
"gmc","yukon","icev",2021,177
"gmc","yukon","icev",2022,68
"gmc","yukon","icev",2023,3
"gmc","yukon","icev",2024,2
"gmc","yukon denali","icev",2000,104
"gmc","yukon xl","icev",2000,217
"gmc","yukon xl","icev",2001,500
"gmc","yukon xl","icev",2002,531
"gmc","yukon xl","icev",2003,680
"gmc","yukon xl","icev",2004,654
"gmc","yukon xl","icev",2005,561
"gmc","yukon xl","icev",2006,275
"gmc","yukon xl","icev",2007,710
"gmc","yukon xl","icev",2008,381
"gmc","yukon xl","icev",2009,161
"gmc","yukon xl","icev",2010,170
"gmc","yukon xl","icev",2011,379
"gmc","yukon xl","icev",2012,240
"gmc","yukon xl","icev",2013,268
"gmc","yukon xl","icev",2014,79
"gmc","yukon xl","icev",2015,211
"gmc","yukon xl","icev",2016,204
"gmc","yukon xl","icev",2017,178
"gmc","yukon xl","icev",2018,176
"gmc","yukon xl","icev",2019,152
"gmc","yukon xl","icev",2020,80
"gmc","yukon xl","icev",2021,95
"gmc","yukon xl","icev",2022,58
"gmc","yukon xl","icev",2023,8
"gmc","yukon xl","icev",2024,2
"honda","accord","hev",2005,186
"honda","accord","hev",2006,45
"honda","accord","hev",2007,33
"honda","accord","hev",2014,44
"honda","accord","hev",2015,57
"honda","accord","hev",2017,134
"honda","accord","hev",2018,80
"honda","accord","hev",2019,52
"honda","accord","hev",2020,55
"honda","accord","hev",2021,57
"honda","accord","hev",2022,58
"honda","accord","hev",2024,13
"honda","accord","icev",1981,25
"honda","accord","icev",1982,34
"honda","accord","icev",1983,88
"honda","accord","icev",1984,97
"honda","accord","icev",1985,148
"honda","accord","icev",1986,243
"honda","accord","icev",1987,332
"honda","accord","icev",1988,483
"honda","accord","icev",1989,501
"honda","accord","icev",1990,789
"honda","accord","icev",1991,946
"honda","accord","icev",1992,1149
"honda","accord","icev",1993,903
"honda","accord","icev",1994,1152
"honda","accord","icev",1995,1092
"honda","accord","icev",1996,1287
"honda","accord","icev",1997,1527
"honda","accord","icev",1998,1785
"honda","accord","icev",1999,1889
"honda","accord","icev",2000,2293
"honda","accord","icev",2001,2392
"honda","accord","icev",2002,2768
"honda","accord","icev",2003,3003
"honda","accord","icev",2004,3129
"honda","accord","icev",2005,3023
"honda","accord","icev",2006,3007
"honda","accord","icev",2007,3563
"honda","accord","icev",2008,3668
"honda","accord","icev",2009,3118
"honda","accord","icev",2010,2830
"honda","accord","icev",2011,2085
"honda","accord","icev",2012,2607
"honda","accord","icev",2013,3120
"honda","accord","icev",2014,1357
"honda","accord","icev",2015,1158
"honda","accord","icev",2016,1114
"honda","accord","icev",2017,1554
"honda","accord","icev",2018,1009
"honda","accord","icev",2019,520
"honda","accord","icev",2020,449
"honda","accord","icev",2021,304
"honda","accord","icev",2022,192
"honda","accord","icev",2023,1
"honda","accord","icev",2024,12
"honda","accord crosstour","icev",2010,334
"honda","accord crosstour","icev",2011,133
"honda","accord plug-in","phev",2014,1
"honda","civic","hev",2003,190
"honda","civic","hev",2004,147
"honda","civic","hev",2005,167
"honda","civic","hev",2006,189
"honda","civic","hev",2007,296
"honda","civic","hev",2008,270
"honda","civic","hev",2009,167
"honda","civic","hev",2010,63
"honda","civic","hev",2011,13
"honda","civic","hev",2012,60
"honda","civic","hev",2013,61
"honda","civic","hev",2014,10
"honda","civic","hev",2015,14
"honda","civic","icev",1981,17
"honda","civic","icev",1982,23
"honda","civic","icev",1983,43
"honda","civic","icev",1984,38
"honda","civic","icev",1985,65
"honda","civic","icev",1986,90
"honda","civic","icev",1987,129
"honda","civic","icev",1988,180
"honda","civic","icev",1989,255
"honda","civic","icev",1990,385
"honda","civic","icev",1991,475
"honda","civic","icev",1992,406
"honda","civic","icev",1993,554
"honda","civic","icev",1994,548
"honda","civic","icev",1995,797
"honda","civic","icev",1996,761
"honda","civic","icev",1997,1178
"honda","civic","icev",1998,1469
"honda","civic","icev",1999,1106
"honda","civic","icev",2000,1578
"honda","civic","icev",2001,1826
"honda","civic","icev",2002,1911
"honda","civic","icev",2003,1690
"honda","civic","icev",2004,1409
"honda","civic","icev",2005,1574
"honda","civic","icev",2006,2040
"honda","civic","icev",2007,2129
"honda","civic","icev",2008,2440
"honda","civic","icev",2009,2043
"honda","civic","icev",2010,1867
"honda","civic","icev",2011,966
"honda","civic","icev",2012,2576
"honda","civic","icev",2013,1976
"honda","civic","icev",2014,928
"honda","civic","icev",2015,1022
"honda","civic","icev",2016,1123
"honda","civic","icev",2017,1143
"honda","civic","icev",2018,944
"honda","civic","icev",2019,682
"honda","civic","icev",2020,568
"honda","civic","icev",2021,258
"honda","civic","icev",2022,231
"honda","civic","icev",2024,15
"honda","civic crx","icev",1984,10
"honda","civic crx","icev",1985,30
"honda","civic crx","icev",1986,37
"honda","civic crx","icev",1987,59
"honda","civic crx","icev",1988,68
"honda","civic crx","icev",1989,67
"honda","civic crx","icev",1990,64
"honda","civic crx","icev",1991,96
"honda","civic del sol","icev",1993,125
"honda","civic del sol","icev",1994,62
"honda","civic del sol","icev",1995,86
"honda","civic del sol","icev",1996,14
"honda","civic del sol","icev",1997,33
"honda","civic dx","icev",2002,1
"honda","civic dx","icev",2003,1
"honda","clarity plug-in","phev",2018,49
"honda","clarity plug-in","phev",2019,4
"honda","clarity plug-in","phev",2021,2
"honda","cr-v","hev",2020,35
"honda","cr-v","hev",2021,72
"honda","cr-v","hev",2022,52
"honda","cr-v","hev",2024,20
"honda","cr-v","icev",1997,352
"honda","cr-v","icev",1998,413
"honda","cr-v","icev",1999,579
"honda","cr-v","icev",2000,635
"honda","cr-v","icev",2001,775
"honda","cr-v","icev",2002,1035
"honda","cr-v","icev",2003,1054
"honda","cr-v","icev",2004,1059
"honda","cr-v","icev",2005,1043
"honda","cr-v","icev",2006,1131
"honda","cr-v","icev",2007,2046
"honda","cr-v","icev",2008,2208
"honda","cr-v","icev",2009,1787
"honda","cr-v","icev",2010,2092
"honda","cr-v","icev",2011,2555
"honda","cr-v","icev",2012,2292
"honda","cr-v","icev",2013,2492
"honda","cr-v","icev",2014,1948
"honda","cr-v","icev",2015,1564
"honda","cr-v","icev",2016,1733
"honda","cr-v","icev",2017,1153
"honda","cr-v","icev",2018,1612
"honda","cr-v","icev",2019,1033
"honda","cr-v","icev",2020,259
"honda","cr-v","icev",2021,416
"honda","cr-v","icev",2022,186
"honda","cr-v","icev",2023,1
"honda","cr-v","icev",2024,38
"honda","cr-z","hev",2011,112
"honda","cr-z","hev",2012,32
"honda","cr-z","hev",2013,25
"honda","cr-z","hev",2014,9
"honda","cr-z","hev",2015,11
"honda","cr-z","hev",2016,10
"honda","crosstour","icev",2012,270
"honda","crosstour","icev",2013,184
"honda","crosstour","icev",2014,51
"honda","crosstour","icev",2015,45
"honda","element","icev",2003,549
"honda","element","icev",2004,384
"honda","element","icev",2005,498
"honda","element","icev",2006,427
"honda","element","icev",2007,321
"honda","element","icev",2008,386
"honda","element","icev",2009,105
"honda","element","icev",2010,175
"honda","element","icev",2011,128
"honda","fit","icev",2007,503
"honda","fit","icev",2008,581
"honda","fit","icev",2009,702
"honda","fit","icev",2010,551
"honda","fit","icev",2011,279
"honda","fit","icev",2012,297
"honda","fit","icev",2013,414
"honda","fit","icev",2015,356
"honda","fit","icev",2016,306
"honda","fit","icev",2017,160
"honda","fit","icev",2018,130
"honda","fit","icev",2019,118
"honda","fit","icev",2020,36
"honda","fit ev","bev",2013,1
"honda","fit ev","bev",2014,1
"honda","hr-v","icev",2016,518
"honda","hr-v","icev",2017,258
"honda","hr-v","icev",2018,250
"honda","hr-v","icev",2019,262
"honda","hr-v","icev",2020,94
"honda","hr-v","icev",2021,87
"honda","hr-v","icev",2022,91
"honda","hr-v","icev",2024,7
"honda","insight","hev",2000,35
"honda","insight","hev",2001,18
"honda","insight","hev",2002,12
"honda","insight","hev",2003,8
"honda","insight","hev",2004,3
"honda","insight","hev",2005,3
"honda","insight","hev",2006,4
"honda","insight","hev",2010,376
"honda","insight","hev",2011,100
"honda","insight","hev",2012,42
"honda","insight","hev",2013,45
"honda","insight","hev",2014,18
"honda","insight","hev",2019,52
"honda","insight","hev",2020,54
"honda","insight","hev",2021,23
"honda","insight","hev",2022,13
"honda","insight","phev",2019,49
"honda","odyssey","icev",1995,111
"honda","odyssey","icev",1996,83
"honda","odyssey","icev",1997,95
"honda","odyssey","icev",1998,71
"honda","odyssey","icev",1999,280
"honda","odyssey","icev",2000,825
"honda","odyssey","icev",2001,942
"honda","odyssey","icev",2002,1173
"honda","odyssey","icev",2003,1452
"honda","odyssey","icev",2004,1248
"honda","odyssey","icev",2005,1504
"honda","odyssey","icev",2006,1889
"honda","odyssey","icev",2007,2166
"honda","odyssey","icev",2008,1540
"honda","odyssey","icev",2009,844
"honda","odyssey","icev",2010,1472
"honda","odyssey","icev",2011,1328
"honda","odyssey","icev",2012,1958
"honda","odyssey","icev",2013,1076
"honda","odyssey","icev",2014,990
"honda","odyssey","icev",2015,782
"honda","odyssey","icev",2016,1065
"honda","odyssey","icev",2017,325
"honda","odyssey","icev",2018,576
"honda","odyssey","icev",2019,506
"honda","odyssey","icev",2020,273
"honda","odyssey","icev",2021,87
"honda","odyssey","icev",2022,73
"honda","odyssey","icev",2023,1
"honda","odyssey","icev",2024,7
"honda","passport","icev",1994,61
"honda","passport","icev",1995,112
"honda","passport","icev",1996,72
"honda","passport","icev",1997,95
"honda","passport","icev",1998,114
"honda","passport","icev",1999,124
"honda","passport","icev",2000,100
"honda","passport","icev",2001,110
"honda","passport","icev",2002,36
"honda","passport","icev",2019,109
"honda","passport","icev",2020,36
"honda","passport","icev",2021,101
"honda","passport","icev",2023,1
"honda","passport","icev",2024,1
"honda","pilot","icev",2003,1005
"honda","pilot","icev",2004,1041
"honda","pilot","icev",2005,1120
"honda","pilot","icev",2006,1581
"honda","pilot","icev",2007,1345
"honda","pilot","icev",2008,1050
"honda","pilot","icev",2009,1021
"honda","pilot","icev",2010,826
"honda","pilot","icev",2011,2103
"honda","pilot","icev",2012,1629
"honda","pilot","icev",2013,1467
"honda","pilot","icev",2014,450
"honda","pilot","icev",2015,494
"honda","pilot","icev",2016,1009
"honda","pilot","icev",2017,713
"honda","pilot","icev",2018,491
"honda","pilot","icev",2019,481
"honda","pilot","icev",2020,307
"honda","pilot","icev",2021,246
"honda","pilot","icev",2022,158
"honda","pilot","icev",2024,18
"honda","prelude","icev",1981,9
"honda","prelude","icev",1982,18
"honda","prelude","icev",1983,14
"honda","prelude","icev",1984,23
"honda","prelude","icev",1985,48
"honda","prelude","icev",1986,53
"honda","prelude","icev",1987,53
"honda","prelude","icev",1988,78
"honda","prelude","icev",1989,83
"honda","prelude","icev",1990,48
"honda","prelude","icev",1991,60
"honda","prelude","icev",1992,97
"honda","prelude","icev",1993,61
"honda","prelude","icev",1994,51
"honda","prelude","icev",1995,48
"honda","prelude","icev",1996,27
"honda","prelude","icev",1997,62
"honda","prelude","icev",1998,63
"honda","prelude","icev",1999,49
"honda","prelude","icev",2000,43
"honda","prelude","icev",2001,70
"honda","ridgeline","icev",2006,698
"honda","ridgeline","icev",2007,500
"honda","ridgeline","icev",2008,415
"honda","ridgeline","icev",2009,143
"honda","ridgeline","icev",2010,147
"honda","ridgeline","icev",2011,169
"honda","ridgeline","icev",2012,133
"honda","ridgeline","icev",2013,166
"honda","ridgeline","icev",2014,87
"honda","ridgeline","icev",2017,253
"honda","ridgeline","icev",2018,101
"honda","ridgeline","icev",2019,245
"honda","ridgeline","icev",2020,55
"honda","ridgeline","icev",2021,27
"honda","ridgeline","icev",2022,75
"honda","ridgeline","icev",2023,7
"honda","s2000","icev",2000,57
"honda","s2000","icev",2001,66
"honda","s2000","icev",2002,74
"honda","s2000","icev",2003,71
"honda","s2000","icev",2004,41
"honda","s2000","icev",2005,81
"honda","s2000","icev",2006,47
"honda","s2000","icev",2007,40
"honda","s2000","icev",2008,25
"honda","s2000","icev",2009,3
"hummer","h2","icev",2003,254
"hummer","h2","icev",2004,98
"hummer","h2","icev",2005,192
"hummer","h2","icev",2006,107
"hummer","h2","icev",2007,75
"hummer","h2","icev",2008,46
"hummer","h2","icev",2009,13
"hummer","h2 sut","icev",2005,42
"hummer","h2 sut","icev",2006,48
"hummer","h2 sut","icev",2007,20
"hummer","h2 sut","icev",2008,12
"hummer","h2 sut","icev",2009,3
"hummer","h3","icev",2006,600
"hummer","h3","icev",2007,362
"hummer","h3","icev",2008,264
"hummer","h3","icev",2009,80
"hummer","h3","icev",2010,18
"hummer","h3t","icev",2009,24
"hummer","h3t","icev",2010,7
"hyundai","accent","icev",1995,77
"hyundai","accent","icev",1996,77
"hyundai","accent","icev",1997,81
"hyundai","accent","icev",1998,83
"hyundai","accent","icev",1999,124
"hyundai","accent","icev",2000,213
"hyundai","accent","icev",2001,342
"hyundai","accent","icev",2002,434
"hyundai","accent","icev",2003,262
"hyundai","accent","icev",2004,233
"hyundai","accent","icev",2005,274
"hyundai","accent","icev",2006,119
"hyundai","accent","icev",2007,293
"hyundai","accent","icev",2008,417
"hyundai","accent","icev",2009,420
"hyundai","accent","icev",2010,398
"hyundai","accent","icev",2011,232
"hyundai","accent","icev",2012,695
"hyundai","accent","icev",2013,574
"hyundai","accent","icev",2014,259
"hyundai","accent","icev",2015,194
"hyundai","accent","icev",2016,325
"hyundai","accent","icev",2017,237
"hyundai","accent","icev",2018,59
"hyundai","accent","icev",2019,58
"hyundai","accent","icev",2020,51
"hyundai","accent","icev",2021,68
"hyundai","accent","icev",2022,44
"hyundai","azera","icev",2006,174
"hyundai","azera","icev",2007,196
"hyundai","azera","icev",2008,110
"hyundai","azera","icev",2009,63
"hyundai","azera","icev",2010,15
"hyundai","azera","icev",2011,35
"hyundai","azera","icev",2012,112
"hyundai","azera","icev",2013,138
"hyundai","azera","icev",2014,33
"hyundai","azera","icev",2015,29
"hyundai","azera","icev",2016,27
"hyundai","azera","icev",2017,19
"hyundai","elantra","hev",2021,4
"hyundai","elantra","hev",2022,9
"hyundai","elantra","hev",2023,3
"hyundai","elantra","icev",1992,14
"hyundai","elantra","icev",1993,33
"hyundai","elantra","icev",1994,40
"hyundai","elantra","icev",1995,66
"hyundai","elantra","icev",1996,55
"hyundai","elantra","icev",1997,99
"hyundai","elantra","icev",1998,100
"hyundai","elantra","icev",1999,219
"hyundai","elantra","icev",2000,512
"hyundai","elantra","icev",2001,542
"hyundai","elantra","icev",2002,625
"hyundai","elantra","icev",2003,697
"hyundai","elantra","icev",2004,611
"hyundai","elantra","icev",2005,798
"hyundai","elantra","icev",2006,609
"hyundai","elantra","icev",2007,648
"hyundai","elantra","icev",2008,1101
"hyundai","elantra","icev",2009,759
"hyundai","elantra","icev",2010,1254
"hyundai","elantra","icev",2011,911
"hyundai","elantra","icev",2012,1514
"hyundai","elantra","icev",2013,3134
"hyundai","elantra","icev",2014,612
"hyundai","elantra","icev",2015,544
"hyundai","elantra","icev",2016,776
"hyundai","elantra","icev",2017,996
"hyundai","elantra","icev",2018,675
"hyundai","elantra","icev",2019,270
"hyundai","elantra","icev",2020,317
"hyundai","elantra","icev",2021,136
"hyundai","elantra","icev",2022,86
"hyundai","elantra","icev",2023,3
"hyundai","elantra","icev",2024,8
"hyundai","elantra gt","icev",2013,407
"hyundai","elantra gt","icev",2014,119
"hyundai","elantra gt","icev",2015,40
"hyundai","elantra gt","icev",2016,135
"hyundai","elantra gt","icev",2017,38
"hyundai","elantra gt","icev",2018,58
"hyundai","elantra gt","icev",2019,13
"hyundai","elantra gt","icev",2020,11
"hyundai","elantra n","icev",2022,3
"hyundai","elantra touring","icev",2010,158
"hyundai","elantra touring","icev",2011,148
"hyundai","elantra touring","icev",2012,172
"hyundai","entourage","icev",2007,231
"hyundai","entourage","icev",2008,93
"hyundai","equus","icev",2011,31
"hyundai","equus","icev",2012,38
"hyundai","equus","icev",2013,20
"hyundai","equus","icev",2014,26
"hyundai","equus","icev",2015,13
"hyundai","equus","icev",2016,8
"hyundai","excel","icev",1986,17
"hyundai","excel","icev",1987,42
"hyundai","excel","icev",1988,55
"hyundai","excel","icev",1989,45
"hyundai","excel","icev",1990,33
"hyundai","excel","icev",1991,41
"hyundai","excel","icev",1992,19
"hyundai","excel","icev",1993,28
"hyundai","excel","icev",1994,49
"hyundai","genesis","icev",2009,244
"hyundai","genesis","icev",2010,274
"hyundai","genesis","icev",2011,306
"hyundai","genesis","icev",2012,366
"hyundai","genesis","icev",2013,421
"hyundai","genesis","icev",2014,51
"hyundai","genesis","icev",2015,243
"hyundai","genesis","icev",2016,79
"hyundai","ioniq","hev",2017,46
"hyundai","ioniq","hev",2018,29
"hyundai","ioniq","hev",2019,31
"hyundai","ioniq","hev",2020,13
"hyundai","ioniq","hev",2021,1
"hyundai","ioniq","hev",2022,6
"hyundai","ioniq 5","bev",2022,1
"hyundai","ioniq 5","bev",2023,4
"hyundai","ioniq 5","bev",2024,1
"hyundai","ioniq 6","bev",2024,1
"hyundai","ioniq electric","bev",2019,1
"hyundai","ioniq plug-in","phev",2019,4
"hyundai","ioniq plug-in","phev",2020,2
"hyundai","ioniq plug-in","phev",2021,1
"hyundai","kona","icev",2018,95
"hyundai","kona","icev",2019,127
"hyundai","kona","icev",2020,144
"hyundai","kona","icev",2021,87
"hyundai","kona","icev",2022,79
"hyundai","kona","icev",2023,2
"hyundai","kona","icev",2024,5
"hyundai","kona ev","bev",2019,1
"hyundai","kona ev","bev",2020,5
"hyundai","kona ev","bev",2021,5
"hyundai","kona ev","bev",2022,1
"hyundai","palisade","icev",2020,250
"hyundai","palisade","icev",2021,193
"hyundai","palisade","icev",2022,120
"hyundai","palisade","icev",2023,2
"hyundai","palisade","icev",2024,17
"hyundai","s","icev",1991,22
"hyundai","s","icev",1992,16
"hyundai","s","icev",1993,10
"hyundai","s","icev",1994,14
"hyundai","s","icev",1995,16
"hyundai","santa cruz","icev",2022,52
"hyundai","santa cruz","icev",2024,2
"hyundai","santa fe","hev",2021,9
"hyundai","santa fe","hev",2022,10
"hyundai","santa fe","hev",2023,4
"hyundai","santa fe","icev",2001,315
"hyundai","santa fe","icev",2002,505
"hyundai","santa fe","icev",2003,602
"hyundai","santa fe","icev",2004,861
"hyundai","santa fe","icev",2005,513
"hyundai","santa fe","icev",2006,243
"hyundai","santa fe","icev",2007,1066
"hyundai","santa fe","icev",2008,965
"hyundai","santa fe","icev",2009,875
"hyundai","santa fe","icev",2010,652
"hyundai","santa fe","icev",2011,768
"hyundai","santa fe","icev",2012,758
"hyundai","santa fe","icev",2013,178
"hyundai","santa fe","icev",2014,151
"hyundai","santa fe","icev",2015,98
"hyundai","santa fe","icev",2016,98
"hyundai","santa fe","icev",2017,273
"hyundai","santa fe","icev",2018,94
"hyundai","santa fe","icev",2019,322
"hyundai","santa fe","icev",2020,444
"hyundai","santa fe","icev",2021,122
"hyundai","santa fe","icev",2022,116
"hyundai","santa fe","icev",2023,12
"hyundai","santa fe plug-in","phev",2022,2
"hyundai","santa fe sport","icev",2013,947
"hyundai","santa fe sport","icev",2014,501
"hyundai","santa fe sport","icev",2015,279
"hyundai","santa fe sport","icev",2016,294
"hyundai","santa fe sport","icev",2017,667
"hyundai","santa fe sport","icev",2018,365
"hyundai","santa fe xl","icev",2019,37
"hyundai","sonata","hev",2011,143
"hyundai","sonata","hev",2012,231
"hyundai","sonata","hev",2013,157
"hyundai","sonata","hev",2014,48
"hyundai","sonata","hev",2015,71
"hyundai","sonata","hev",2016,80
"hyundai","sonata","hev",2017,33
"hyundai","sonata","hev",2018,6
"hyundai","sonata","hev",2019,7
"hyundai","sonata","hev",2020,1
"hyundai","sonata","hev",2021,12
"hyundai","sonata","hev",2022,8
"hyundai","sonata","hev",2023,1
"hyundai","sonata","icev",1989,13
"hyundai","sonata","icev",1990,10
"hyundai","sonata","icev",1991,12
"hyundai","sonata","icev",1992,19
"hyundai","sonata","icev",1993,10
"hyundai","sonata","icev",1994,3
"hyundai","sonata","icev",1995,47
"hyundai","sonata","icev",1996,22
"hyundai","sonata","icev",1997,49
"hyundai","sonata","icev",1998,50
"hyundai","sonata","icev",1999,95
"hyundai","sonata","icev",2000,247
"hyundai","sonata","icev",2001,253
"hyundai","sonata","icev",2002,424
"hyundai","sonata","icev",2003,488
"hyundai","sonata","icev",2004,611
"hyundai","sonata","icev",2005,536
"hyundai","sonata","icev",2006,1132
"hyundai","sonata","icev",2007,1047
"hyundai","sonata","icev",2008,881
"hyundai","sonata","icev",2009,1612
"hyundai","sonata","icev",2010,702
"hyundai","sonata","icev",2011,3119
"hyundai","sonata","icev",2012,2051
"hyundai","sonata","icev",2013,2753
"hyundai","sonata","icev",2014,672
"hyundai","sonata","icev",2015,1119
"hyundai","sonata","icev",2016,713
"hyundai","sonata","icev",2017,596
"hyundai","sonata","icev",2018,474
"hyundai","sonata","icev",2019,222
"hyundai","sonata","icev",2020,74
"hyundai","sonata","icev",2021,122
"hyundai","sonata","icev",2022,36
"hyundai","sonata","icev",2023,3
"hyundai","sonata plug-in","phev",2016,1
"hyundai","sonata plug-in","phev",2017,3
"hyundai","sonata plug-in","phev",2019,2
"hyundai","tiburon","icev",1997,36
"hyundai","tiburon","icev",1998,17
"hyundai","tiburon","icev",1999,40
"hyundai","tiburon","icev",2000,81
"hyundai","tiburon","icev",2001,135
"hyundai","tiburon","icev",2003,224
"hyundai","tiburon","icev",2004,119
"hyundai","tiburon","icev",2005,101
"hyundai","tiburon","icev",2006,146
"hyundai","tiburon","icev",2007,84
"hyundai","tiburon","icev",2008,110
"hyundai","tucson","hev",2022,62
"hyundai","tucson","hev",2024,3
"hyundai","tucson","icev",2005,416
"hyundai","tucson","icev",2006,388
"hyundai","tucson","icev",2007,294
"hyundai","tucson","icev",2008,209
"hyundai","tucson","icev",2009,117
"hyundai","tucson","icev",2010,263
"hyundai","tucson","icev",2011,472
"hyundai","tucson","icev",2012,622
"hyundai","tucson","icev",2013,552
"hyundai","tucson","icev",2014,221
"hyundai","tucson","icev",2015,199
"hyundai","tucson","icev",2016,450
"hyundai","tucson","icev",2017,462
"hyundai","tucson","icev",2018,330
"hyundai","tucson","icev",2019,270
"hyundai","tucson","icev",2020,236
"hyundai","tucson","icev",2021,117
"hyundai","tucson","icev",2022,228
"hyundai","tucson","icev",2023,4
"hyundai","tucson","icev",2024,11
"hyundai","tucson plug-in","phev",2022,2
"hyundai","veloster","icev",2012,265
"hyundai","veloster","icev",2013,256
"hyundai","veloster","icev",2014,52
"hyundai","veloster","icev",2015,57
"hyundai","veloster","icev",2016,137
"hyundai","veloster","icev",2017,73
"hyundai","veloster","icev",2019,29
"hyundai","veloster","icev",2020,12
"hyundai","veloster n","icev",2019,3
"hyundai","veloster n","icev",2020,10
"hyundai","veloster n","icev",2021,2
"hyundai","veloster n","icev",2022,5
"hyundai","veloster turbo","icev",2013,122
"hyundai","veloster turbo","icev",2014,48
"hyundai","veloster turbo","icev",2015,37
"hyundai","veloster turbo","icev",2016,74
"hyundai","veloster turbo","icev",2017,18
"hyundai","veloster turbo","icev",2019,9
"hyundai","veloster turbo","icev",2020,10
"hyundai","venue","icev",2020,47
"hyundai","venue","icev",2021,14
"hyundai","venue","icev",2022,34
"hyundai","venue","icev",2024,2
"hyundai","veracruz","icev",2007,119
"hyundai","veracruz","icev",2008,218
"hyundai","veracruz","icev",2009,32
"hyundai","veracruz","icev",2010,103
"hyundai","veracruz","icev",2011,147
"hyundai","veracruz","icev",2012,104
"hyundai","xg300","icev",2001,114
"hyundai","xg350","icev",2002,115
"hyundai","xg350","icev",2003,63
"hyundai","xg350","icev",2004,153
"hyundai","xg350","icev",2005,142
"ineos","grenadier","icev",2024,1
"infiniti","ex35","icev",2008,177
"infiniti","ex35","icev",2009,18
"infiniti","ex35","icev",2010,96
"infiniti","ex35","icev",2011,65
"infiniti","ex35","icev",2012,37
"infiniti","ex37","icev",2013,17
"infiniti","fx35","icev",2003,100
"infiniti","fx35","icev",2004,123
"infiniti","fx35","icev",2005,154
"infiniti","fx35","icev",2006,72
"infiniti","fx35","icev",2007,84
"infiniti","fx35","icev",2008,150
"infiniti","fx35","icev",2009,126
"infiniti","fx35","icev",2010,118
"infiniti","fx35","icev",2011,128
"infiniti","fx35","icev",2012,79
"infiniti","fx37","icev",2013,69
"infiniti","fx45","icev",2003,33
"infiniti","fx45","icev",2004,26
"infiniti","fx45","icev",2005,11
"infiniti","fx45","icev",2006,8
"infiniti","fx45","icev",2007,1
"infiniti","fx45","icev",2008,5
"infiniti","fx50","icev",2009,16
"infiniti","fx50","icev",2011,3
"infiniti","fx50","icev",2012,2
"infiniti","g20","icev",1991,21
"infiniti","g20","icev",1992,17
"infiniti","g20","icev",1993,40
"infiniti","g20","icev",1994,23
"infiniti","g20","icev",1995,43
"infiniti","g20","icev",1996,47
"infiniti","g20","icev",1999,98
"infiniti","g20","icev",2000,68
"infiniti","g20","icev",2001,35
"infiniti","g20","icev",2002,61
"infiniti","g25 sedan","icev",2011,118
"infiniti","g25 sedan","icev",2012,107
"infiniti","g35","icev",2003,501
"infiniti","g35","icev",2004,492
"infiniti","g35","icev",2005,381
"infiniti","g35","icev",2006,308
"infiniti","g35","icev",2007,457
"infiniti","g35","icev",2008,605
"infiniti","g37","icev",2008,291
"infiniti","g37","icev",2009,181
"infiniti","g37","icev",2010,147
"infiniti","g37","icev",2011,167
"infiniti","g37","icev",2012,138
"infiniti","g37","icev",2013,83
"infiniti","g37 sedan","icev",2009,388
"infiniti","g37 sedan","icev",2010,323
"infiniti","g37 sedan","icev",2011,402
"infiniti","g37 sedan","icev",2012,435
"infiniti","g37 sedan","icev",2013,454
"infiniti","i30","icev",1996,131
"infiniti","i30","icev",1997,108
"infiniti","i30","icev",1998,130
"infiniti","i30","icev",1999,108
"infiniti","i30","icev",2000,207
"infiniti","i30","icev",2001,255
"infiniti","i35","icev",2002,192
"infiniti","i35","icev",2003,113
"infiniti","i35","icev",2004,86
"infiniti","j30","icev",1993,87
"infiniti","j30","icev",1994,67
"infiniti","j30","icev",1995,54
"infiniti","j30","icev",1996,18
"infiniti","j30","icev",1997,34
"infiniti","jx35","icev",2013,521
"infiniti","m30","icev",1990,10
"infiniti","m30","icev",1991,10
"infiniti","m30","icev",1992,11
"infiniti","m35","icev",2006,197
"infiniti","m35","icev",2007,179
"infiniti","m35","icev",2008,158
"infiniti","m35","icev",2009,68
"infiniti","m35","icev",2010,51
"infiniti","m35h","hev",2012,9
"infiniti","m37","icev",2011,173
"infiniti","m37","icev",2012,155
"infiniti","m37","icev",2013,97
"infiniti","m45","icev",2003,40
"infiniti","m45","icev",2004,8
"infiniti","m45","icev",2006,54
"infiniti","m45","icev",2007,19
"infiniti","m45","icev",2008,21
"infiniti","m45","icev",2009,5
"infiniti","m45","icev",2010,2
"infiniti","m56","icev",2011,19
"infiniti","m56","icev",2012,13
"infiniti","m56","icev",2013,2
"infiniti","q40","icev",2015,49
"infiniti","q45","icev",1990,16
"infiniti","q45","icev",1991,26
"infiniti","q45","icev",1992,22
"infiniti","q45","icev",1993,17
"infiniti","q45","icev",1994,43
"infiniti","q45","icev",1995,23
"infiniti","q45","icev",1996,9
"infiniti","q45","icev",1997,47
"infiniti","q45","icev",1998,42
"infiniti","q45","icev",1999,35
"infiniti","q45","icev",2000,20
"infiniti","q45","icev",2001,10
"infiniti","q45","icev",2002,45
"infiniti","q45","icev",2003,18
"infiniti","q45","icev",2004,3
"infiniti","q45","icev",2005,13
"infiniti","q50","hev",2014,21
"infiniti","q50","hev",2015,6
"infiniti","q50","hev",2016,2
"infiniti","q50","hev",2017,5
"infiniti","q50","icev",2014,234
"infiniti","q50","icev",2015,197
"infiniti","q50","icev",2016,86
"infiniti","q50","icev",2017,102
"infiniti","q50","icev",2018,139
"infiniti","q50","icev",2019,68
"infiniti","q50","icev",2020,39
"infiniti","q50","icev",2021,28
"infiniti","q50","icev",2022,2
"infiniti","q60","icev",2014,49
"infiniti","q60","icev",2015,31
"infiniti","q60","icev",2017,43
"infiniti","q60","icev",2018,22
"infiniti","q60","icev",2019,14
"infiniti","q60","icev",2020,1
"infiniti","q60","icev",2021,8
"infiniti","q60","icev",2022,6
"infiniti","q70","hev",2016,1
"infiniti","q70","icev",2014,8
"infiniti","q70","icev",2015,30
"infiniti","q70","icev",2016,19
"infiniti","q70","icev",2017,15
"infiniti","q70","icev",2018,13
"infiniti","q70","icev",2019,5
"infiniti","q70l","icev",2015,26
"infiniti","q70l","icev",2016,17
"infiniti","q70l","icev",2017,8
"infiniti","q70l","icev",2018,11
"infiniti","q70l","icev",2019,11
"infiniti","qx30","icev",2017,39
"infiniti","qx30","icev",2018,37
"infiniti","qx30","icev",2019,9
"infiniti","qx4","icev",1997,83
"infiniti","qx4","icev",1998,67
"infiniti","qx4","icev",1999,87
"infiniti","qx4","icev",2000,72
"infiniti","qx4","icev",2001,229
"infiniti","qx4","icev",2002,109
"infiniti","qx4","icev",2003,42
"infiniti","qx50","icev",2014,11
"infiniti","qx50","icev",2015,13
"infiniti","qx50","icev",2016,82
"infiniti","qx50","icev",2017,99
"infiniti","qx50","icev",2019,118
"infiniti","qx50","icev",2020,53
"infiniti","qx50","icev",2021,49
"infiniti","qx50","icev",2023,2
"infiniti","qx55","icev",2022,11
"infiniti","qx55","icev",2024,1
"infiniti","qx56","icev",2004,65
"infiniti","qx56","icev",2005,95
"infiniti","qx56","icev",2006,72
"infiniti","qx56","icev",2007,40
"infiniti","qx56","icev",2008,139
"infiniti","qx56","icev",2009,29
"infiniti","qx56","icev",2010,111
"infiniti","qx56","icev",2011,195
"infiniti","qx56","icev",2012,182
"infiniti","qx56","icev",2013,104
"infiniti","qx60","hev",2014,14
"infiniti","qx60","hev",2015,3
"infiniti","qx60","hev",2017,2
"infiniti","qx60","icev",2014,261
"infiniti","qx60","icev",2015,257
"infiniti","qx60","icev",2016,114
"infiniti","qx60","icev",2017,213
"infiniti","qx60","icev",2018,121
"infiniti","qx60","icev",2019,151
"infiniti","qx60","icev",2020,110
"infiniti","qx60","icev",2022,16
"infiniti","qx60","icev",2024,2
"infiniti","qx70","icev",2014,31
"infiniti","qx70","icev",2015,34
"infiniti","qx70","icev",2016,34
"infiniti","qx70","icev",2017,61
"infiniti","qx80","icev",2014,127
"infiniti","qx80","icev",2015,106
"infiniti","qx80","icev",2016,94
"infiniti","qx80","icev",2017,141
"infiniti","qx80","icev",2018,62
"infiniti","qx80","icev",2019,114
"infiniti","qx80","icev",2020,34
"infiniti","qx80","icev",2021,46
"infiniti","qx80","icev",2022,19
"infiniti","qx80","icev",2023,1
"infiniti","qx80","icev",2024,6
"isuzu","amigo","icev",1989,8
"isuzu","amigo","icev",1990,17
"isuzu","amigo","icev",1991,10
"isuzu","amigo","icev",1992,16
"isuzu","amigo","icev",1993,23
"isuzu","amigo","icev",1994,8
"isuzu","amigo","icev",1998,38
"isuzu","amigo","icev",1999,63
"isuzu","amigo","icev",2000,16
"isuzu","ascender","icev",2003,25
"isuzu","ascender","icev",2004,65
"isuzu","ascender","icev",2005,36
"isuzu","ascender","icev",2006,33
"isuzu","ascender","icev",2007,15
"isuzu","ascender","icev",2008,6
"isuzu","axiom","icev",2002,127
"isuzu","axiom","icev",2003,19
"isuzu","axiom","icev",2004,18
"isuzu","hombre","icev",1996,39
"isuzu","hombre","icev",1997,32
"isuzu","hombre","icev",1998,79
"isuzu","hombre","icev",1999,13
"isuzu","hombre","icev",2000,22
"isuzu","i-mark","icev",1981,1
"isuzu","i-mark","icev",1983,1
"isuzu","i-mark","icev",1985,1
"isuzu","i-mark","icev",1986,5
"isuzu","i-mark","icev",1987,8
"isuzu","i-mark","icev",1988,12
"isuzu","i-mark","icev",1989,9
"isuzu","i-series","icev",2006,30
"isuzu","i-series","icev",2007,22
"isuzu","i-series","icev",2008,24
"isuzu","impulse","icev",1983,1
"isuzu","impulse","icev",1984,8
"isuzu","impulse","icev",1985,4
"isuzu","impulse","icev",1986,2
"isuzu","impulse","icev",1987,3
"isuzu","impulse","icev",1988,4
"isuzu","impulse","icev",1989,2
"isuzu","impulse","icev",1990,4
"isuzu","impulse","icev",1991,6
"isuzu","impulse","icev",1992,2
"isuzu","oasis","icev",1996,14
"isuzu","oasis","icev",1997,10
"isuzu","oasis","icev",1998,7
"isuzu","oasis","icev",1999,3
"isuzu","rodeo","icev",1991,50
"isuzu","rodeo","icev",1992,100
"isuzu","rodeo","icev",1993,76
"isuzu","rodeo","icev",1994,141
"isuzu","rodeo","icev",1995,256
"isuzu","rodeo","icev",1996,152
"isuzu","rodeo","icev",1997,168
"isuzu","rodeo","icev",1998,270
"isuzu","rodeo","icev",1999,313
"isuzu","rodeo","icev",2000,279
"isuzu","rodeo","icev",2001,362
"isuzu","rodeo","icev",2002,260
"isuzu","rodeo","icev",2003,87
"isuzu","rodeo","icev",2004,106
"isuzu","rodeo sport","icev",2001,36
"isuzu","rodeo sport","icev",2002,38
"isuzu","rodeo sport","icev",2003,3
"isuzu","stylus","icev",1991,12
"isuzu","stylus","icev",1992,4
"isuzu","stylus","icev",1993,4
"isuzu","trooper","icev",1990,54
"isuzu","trooper","icev",1991,63
"isuzu","trooper","icev",1992,55
"isuzu","trooper","icev",1993,56
"isuzu","trooper","icev",1994,111
"isuzu","trooper","icev",1995,82
"isuzu","trooper","icev",1996,68
"isuzu","trooper","icev",1997,29
"isuzu","trooper","icev",1998,82
"isuzu","trooper","icev",1999,117
"isuzu","trooper","icev",2000,115
"isuzu","trooper","icev",2001,128
"isuzu","trooper","icev",2002,90
"isuzu","trooper ii","icev",1984,3
"isuzu","trooper ii","icev",1985,8
"isuzu","trooper ii","icev",1986,48
"isuzu","trooper ii","icev",1987,30
"isuzu","trooper ii","icev",1988,62
"isuzu","trooper ii","icev",1989,61
"isuzu","vehicross","icev",1999,8
"isuzu","vehicross","icev",2000,8
"isuzu","vehicross","icev",2001,6
"jaguar","e-pace","icev",2018,7
"jaguar","e-pace","icev",2019,7
"jaguar","e-pace","icev",2020,17
"jaguar","f-pace","icev",2017,74
"jaguar","f-pace","icev",2018,57
"jaguar","f-pace","icev",2019,28
"jaguar","f-pace","icev",2020,39
"jaguar","f-pace","icev",2021,11
"jaguar","f-pace","icev",2022,8
"jaguar","f-pace","icev",2024,1
"jaguar","f-type","icev",2014,21
"jaguar","f-type","icev",2015,23
"jaguar","f-type","icev",2016,27
"jaguar","f-type","icev",2017,20
"jaguar","f-type","icev",2018,10
"jaguar","f-type","icev",2019,3
"jaguar","f-type","icev",2020,9
"jaguar","f-type","icev",2021,2
"jaguar","f-type","icev",2022,1
"jaguar","i-pace","bev",2019,8
"jaguar","i-pace","bev",2020,1
"jaguar","s-type","icev",2000,160
"jaguar","s-type","icev",2001,96
"jaguar","s-type","icev",2002,66
"jaguar","s-type","icev",2003,152
"jaguar","s-type","icev",2004,48
"jaguar","s-type","icev",2005,83
"jaguar","s-type","icev",2006,45
"jaguar","s-type","icev",2007,18
"jaguar","s-type","icev",2008,20
"jaguar","s-type r","icev",2003,11
"jaguar","s-type r","icev",2004,2
"jaguar","s-type r","icev",2005,13
"jaguar","s-type r","icev",2006,4
"jaguar","x-type","icev",2002,247
"jaguar","x-type","icev",2003,229
"jaguar","x-type","icev",2004,146
"jaguar","x-type","icev",2005,78
"jaguar","x-type","icev",2006,42
"jaguar","x-type","icev",2007,13
"jaguar","x-type","icev",2008,9
"jaguar","xe","icev",2017,39
"jaguar","xe","icev",2018,9
"jaguar","xe","icev",2019,7
"jaguar","xe","icev",2020,2
"jaguar","xf","icev",2009,81
"jaguar","xf","icev",2010,46
"jaguar","xf","icev",2011,60
"jaguar","xf","icev",2012,46
"jaguar","xf","icev",2013,66
"jaguar","xf","icev",2014,22
"jaguar","xf","icev",2015,26
"jaguar","xf","icev",2016,29
"jaguar","xf","icev",2017,21
"jaguar","xf","icev",2018,3
"jaguar","xf","icev",2019,1
"jaguar","xf","icev",2020,2
"jaguar","xf","icev",2021,1
"jaguar","xf","icev",2024,1
"jaguar","xf sportbrake","icev",2018,1
"jaguar","xj","icev",2009,2
"jaguar","xj","icev",2010,1
"jaguar","xj","icev",2011,15
"jaguar","xj","icev",2012,8
"jaguar","xj","icev",2013,18
"jaguar","xj","icev",2014,8
"jaguar","xj","icev",2015,7
"jaguar","xj","icev",2016,12
"jaguar","xj","icev",2017,2
"jaguar","xj","icev",2018,1
"jaguar","xj","icev",2019,5
"jaguar","xj-series","icev",1981,2
"jaguar","xj-series","icev",1982,8
"jaguar","xj-series","icev",1983,13
"jaguar","xj-series","icev",1984,20
"jaguar","xj-series","icev",1985,34
"jaguar","xj-series","icev",1986,38
"jaguar","xj-series","icev",1987,19
"jaguar","xj-series","icev",1988,50
"jaguar","xj-series","icev",1989,50
"jaguar","xj-series","icev",1990,43
"jaguar","xj-series","icev",1991,25
"jaguar","xj-series","icev",1992,27
"jaguar","xj-series","icev",1993,33
"jaguar","xj-series","icev",1994,54
"jaguar","xj-series","icev",1995,70
"jaguar","xj-series","icev",1996,65
"jaguar","xj-series","icev",1997,41
"jaguar","xj-series","icev",1998,73
"jaguar","xj-series","icev",1999,47
"jaguar","xj-series","icev",2000,60
"jaguar","xj-series","icev",2001,67
"jaguar","xj-series","icev",2002,36
"jaguar","xj-series","icev",2003,52
"jaguar","xj-series","icev",2004,93
"jaguar","xj-series","icev",2005,55
"jaguar","xj-series","icev",2006,31
"jaguar","xj-series","icev",2007,25
"jaguar","xj-series","icev",2008,39
"jaguar","xjl","icev",2011,47
"jaguar","xjl","icev",2012,31
"jaguar","xjl","icev",2013,23
"jaguar","xjl","icev",2014,20
"jaguar","xjl","icev",2015,14
"jaguar","xjl","icev",2016,18
"jaguar","xjl","icev",2017,5
"jaguar","xjl","icev",2018,2
"jaguar","xjl","icev",2019,4
"jaguar","xjr","icev",1995,2
"jaguar","xjr","icev",1996,2
"jaguar","xjr","icev",1998,6
"jaguar","xjr","icev",1999,5
"jaguar","xjr","icev",2000,4
"jaguar","xjr","icev",2001,10
"jaguar","xjr","icev",2002,5
"jaguar","xjr","icev",2003,9
"jaguar","xjr","icev",2004,16
"jaguar","xjr","icev",2005,6
"jaguar","xjr","icev",2006,2
"jaguar","xjr","icev",2014,1
"jaguar","xjr","icev",2016,1
"jaguar","xjr","icev",2017,1
"jaguar","xk","icev",2009,10
"jaguar","xk","icev",2010,14
"jaguar","xk","icev",2011,15
"jaguar","xk","icev",2012,10
"jaguar","xk","icev",2013,14
"jaguar","xk","icev",2014,5
"jaguar","xk","icev",2015,6
"jaguar","xk-series","icev",1997,47
"jaguar","xk-series","icev",1998,31
"jaguar","xk-series","icev",1999,29
"jaguar","xk-series","icev",2000,28
"jaguar","xk-series","icev",2001,29
"jaguar","xk-series","icev",2002,15
"jaguar","xk-series","icev",2003,13
"jaguar","xk-series","icev",2004,8
"jaguar","xk-series","icev",2005,9
"jaguar","xk-series","icev",2006,9
"jaguar","xk-series","icev",2007,70
"jaguar","xk-series","icev",2008,18
"jaguar","xkr","icev",2000,10
"jaguar","xkr","icev",2001,10
"jaguar","xkr","icev",2002,12
"jaguar","xkr","icev",2003,2
"jaguar","xkr","icev",2004,3
"jaguar","xkr","icev",2005,3
"jaguar","xkr","icev",2006,4
"jeep","cherokee","icev",1981,5
"jeep","cherokee","icev",1982,4
"jeep","cherokee","icev",1983,3
"jeep","cherokee","icev",1984,22
"jeep","cherokee","icev",1985,75
"jeep","cherokee","icev",1986,107
"jeep","cherokee","icev",1987,177
"jeep","cherokee","icev",1988,257
"jeep","cherokee","icev",1989,307
"jeep","cherokee","icev",1990,352
"jeep","cherokee","icev",1991,326
"jeep","cherokee","icev",1992,413
"jeep","cherokee","icev",1993,389
"jeep","cherokee","icev",1994,443
"jeep","cherokee","icev",1995,504
"jeep","cherokee","icev",1996,886
"jeep","cherokee","icev",1997,468
"jeep","cherokee","icev",1998,826
"jeep","cherokee","icev",1999,920
"jeep","cherokee","icev",2000,1001
"jeep","cherokee","icev",2001,908
"jeep","cherokee","icev",2014,709
"jeep","cherokee","icev",2015,805
"jeep","cherokee","icev",2016,889
"jeep","cherokee","icev",2017,678
"jeep","cherokee","icev",2018,381
"jeep","cherokee","icev",2019,922
"jeep","cherokee","icev",2020,301
"jeep","cherokee","icev",2021,216
"jeep","cherokee rh drive","icev",1997,6
"jeep","cherokee rh drive","icev",1998,4
"jeep","cherokee rh drive","icev",1999,7
"jeep","cherokee rh drive","icev",2000,18
"jeep","cherokee rh drive","icev",2001,6
"jeep","cherokee right-hand-drive","icev",1996,2
"jeep","cj","icev",1983,2
"jeep","cj-5","icev",1981,38
"jeep","cj-5","icev",1982,25
"jeep","cj-5","icev",1983,6
"jeep","cj-7","icev",1981,57
"jeep","cj-7","icev",1982,71
"jeep","cj-7","icev",1983,111
"jeep","cj-7","icev",1984,104
"jeep","cj-7","icev",1985,138
"jeep","cj-7","icev",1986,74
"jeep","comanche","icev",1986,65
"jeep","comanche","icev",1987,43
"jeep","comanche","icev",1988,77
"jeep","comanche","icev",1989,55
"jeep","comanche","icev",1990,29
"jeep","comanche","icev",1991,15
"jeep","comanche","icev",1992,11
"jeep","commander","icev",2006,928
"jeep","commander","icev",2007,563
"jeep","commander","icev",2008,369
"jeep","commander","icev",2009,84
"jeep","commander","icev",2010,106
"jeep","compass","icev",2007,450
"jeep","compass","icev",2008,209
"jeep","compass","icev",2009,82
"jeep","compass","icev",2010,142
"jeep","compass","icev",2011,390
"jeep","compass","icev",2012,377
"jeep","compass","icev",2013,160
"jeep","compass","icev",2014,327
"jeep","compass","icev",2015,127
"jeep","compass","icev",2016,306
"jeep","compass","icev",2017,278
"jeep","compass","icev",2018,468
"jeep","compass","icev",2019,232
"jeep","compass","icev",2020,157
"jeep","compass","icev",2021,78
"jeep","compass","icev",2022,82
"jeep","compass","icev",2024,4
"jeep","eer","icev",1981,8
"jeep","eer","icev",1982,12
"jeep","eer","icev",1983,19
"jeep","eer","icev",1984,22
"jeep","eer","icev",1985,21
"jeep","eer","icev",1986,19
"jeep","eer","icev",1987,23
"jeep","eer","icev",1988,19
"jeep","eer","icev",1989,10
"jeep","eer","icev",1990,11
"jeep","eer","icev",2022,1
"jeep","gladiator","icev",2020,351
"jeep","gladiator","icev",2021,285
"jeep","gladiator","icev",2022,130
"jeep","gladiator","icev",2023,8
"jeep","grand cherokee","icev",1993,677
"jeep","grand cherokee","icev",1994,868
"jeep","grand cherokee","icev",1995,1086
"jeep","grand cherokee","icev",1996,1269
"jeep","grand cherokee","icev",1997,1329
"jeep","grand cherokee","icev",1998,1388
"jeep","grand cherokee","icev",1999,1737
"jeep","grand cherokee","icev",2000,2074
"jeep","grand cherokee","icev",2001,1738
"jeep","grand cherokee","icev",2002,1786
"jeep","grand cherokee","icev",2003,965
"jeep","grand cherokee","icev",2004,2551
"jeep","grand cherokee","icev",2005,1800
"jeep","grand cherokee","icev",2006,1203
"jeep","grand cherokee","icev",2007,1032
"jeep","grand cherokee","icev",2008,963
"jeep","grand cherokee","icev",2009,437
"jeep","grand cherokee","icev",2010,450
"jeep","grand cherokee","icev",2011,1579
"jeep","grand cherokee","icev",2012,1771
"jeep","grand cherokee","icev",2013,967
"jeep","grand cherokee","icev",2014,1337
"jeep","grand cherokee","icev",2015,963
"jeep","grand cherokee","icev",2016,511
"jeep","grand cherokee","icev",2017,1077
"jeep","grand cherokee","icev",2018,905
"jeep","grand cherokee","icev",2019,476
"jeep","grand cherokee","icev",2020,507
"jeep","grand cherokee","icev",2021,338
"jeep","grand cherokee","icev",2022,2
"jeep","grand cherokee","icev",2023,2
"jeep","grand cherokee","icev",2024,2
"jeep","grand cherokee","phev",2022,2
"jeep","grand cherokee","phev",2023,1
"jeep","grand cherokee","phev",2024,1
"jeep","grand cherokee l","icev",2021,75
"jeep","grand cherokee l","icev",2022,4
"jeep","grand cherokee l","icev",2023,5
"jeep","grand cherokee l","icev",2024,7
"jeep","grand eer","icev",1984,18
"jeep","grand eer","icev",1985,18
"jeep","grand eer","icev",1986,37
"jeep","grand eer","icev",1987,29
"jeep","grand eer","icev",1988,35
"jeep","grand eer","icev",1989,38
"jeep","grand eer","icev",1990,31
"jeep","grand eer","icev",1991,19
"jeep","grand eer","icev",1993,27
"jeep","j-10","icev",1981,7
"jeep","j-10","icev",1982,1
"jeep","j-10","icev",1983,1
"jeep","j-10","icev",1984,8
"jeep","j-10","icev",1985,4
"jeep","j-10","icev",1986,2
"jeep","j-10","icev",1987,1
"jeep","j-20","icev",1985,2
"jeep","liberty","icev",2002,1583
"jeep","liberty","icev",2003,1362
"jeep","liberty","icev",2004,1249
"jeep","liberty","icev",2005,1382
"jeep","liberty","icev",2006,1187
"jeep","liberty","icev",2007,727
"jeep","liberty","icev",2008,849
"jeep","liberty","icev",2009,357
"jeep","liberty","icev",2010,527
"jeep","liberty","icev",2011,613
"jeep","liberty","icev",2012,1098
"jeep","patriot","icev",2007,252
"jeep","patriot","icev",2008,520
"jeep","patriot","icev",2009,291
"jeep","patriot","icev",2010,317
"jeep","patriot","icev",2011,488
"jeep","patriot","icev",2012,527
"jeep","patriot","icev",2013,289
"jeep","patriot","icev",2014,518
"jeep","patriot","icev",2015,324
"jeep","patriot","icev",2016,418
"jeep","patriot","icev",2017,259
"jeep","renegade","icev",2015,334
"jeep","renegade","icev",2016,375
"jeep","renegade","icev",2017,412
"jeep","renegade","icev",2018,357
"jeep","renegade","icev",2019,122
"jeep","renegade","icev",2020,137
"jeep","renegade","icev",2021,79
"jeep","renegade","icev",2022,10
"jeep","renegade","icev",2023,1
"jeep","scrambler","icev",1981,24
"jeep","scrambler","icev",1982,19
"jeep","scrambler","icev",1983,11
"jeep","scrambler","icev",1984,11
"jeep","scrambler","icev",1985,8
"jeep","wrangler","icev",1987,121
"jeep","wrangler","icev",1988,130
"jeep","wrangler","icev",1989,200
"jeep","wrangler","icev",1990,211
"jeep","wrangler","icev",1991,192
"jeep","wrangler","icev",1992,203
"jeep","wrangler","icev",1993,278
"jeep","wrangler","icev",1994,334
"jeep","wrangler","icev",1995,576
"jeep","wrangler","icev",1997,851
"jeep","wrangler","icev",1998,589
"jeep","wrangler","icev",1999,655
"jeep","wrangler","icev",2000,731
"jeep","wrangler","icev",2001,526
"jeep","wrangler","icev",2002,612
"jeep","wrangler","icev",2003,549
"jeep","wrangler","icev",2004,818
"jeep","wrangler","icev",2005,702
"jeep","wrangler","icev",2006,693
"jeep","wrangler","icev",2007,334
"jeep","wrangler","icev",2008,441
"jeep","wrangler","icev",2009,291
"jeep","wrangler","icev",2010,344
"jeep","wrangler","icev",2011,377
"jeep","wrangler","icev",2012,559
"jeep","wrangler","icev",2013,475
"jeep","wrangler","icev",2014,202
"jeep","wrangler","icev",2015,210
"jeep","wrangler","icev",2016,200
"jeep","wrangler","icev",2017,205
"jeep","wrangler","icev",2018,77
"jeep","wrangler","icev",2019,54
"jeep","wrangler","icev",2020,71
"jeep","wrangler","icev",2021,68
"jeep","wrangler","icev",2023,2
"jeep","wrangler","icev",2024,4
"jeep","wrangler","phev",2024,3
"jeep","wrangler jk","icev",2018,34
"jeep","wrangler jk unlimited","icev",2018,101
"jeep","wrangler unlimited","icev",2007,585
"jeep","wrangler unlimited","icev",2008,747
"jeep","wrangler unlimited","icev",2009,399
"jeep","wrangler unlimited","icev",2010,581
"jeep","wrangler unlimited","icev",2011,685
"jeep","wrangler unlimited","icev",2012,1024
"jeep","wrangler unlimited","icev",2013,1059
"jeep","wrangler unlimited","icev",2014,632
"jeep","wrangler unlimited","icev",2015,633
"jeep","wrangler unlimited","icev",2016,727
"jeep","wrangler unlimited","icev",2017,830
"jeep","wrangler unlimited","icev",2018,671
"jeep","wrangler unlimited","icev",2019,306
"jeep","wrangler unlimited","icev",2020,398
"jeep","wrangler unlimited","icev",2021,331
"jeep","wrangler unlimited","phev",2021,29
"jeep","wrangler unlimited","phev",2023,3
"kia","amanti","icev",2004,135
"kia","amanti","icev",2005,172
"kia","amanti","icev",2006,57
"kia","amanti","icev",2007,26
"kia","amanti","icev",2008,55
"kia","amanti","icev",2009,9
"kia","borrego","icev",2008,6
"kia","borrego","icev",2009,226
"kia","cadenza","icev",2014,113
"kia","cadenza","icev",2015,57
"kia","cadenza","icev",2016,27
"kia","cadenza","icev",2017,23
"kia","cadenza","icev",2018,5
"kia","cadenza","icev",2019,4
"kia","cadenza","icev",2020,1
"kia","carnival","icev",2022,47
"kia","carnival","icev",2023,2
"kia","carnival","icev",2024,4
"kia","ev9","bev",2024,3
"kia","forte","icev",2010,727
"kia","forte","icev",2011,415
"kia","forte","icev",2012,570
"kia","forte","icev",2013,326
"kia","forte","icev",2014,470
"kia","forte","icev",2015,346
"kia","forte","icev",2016,357
"kia","forte","icev",2017,463
"kia","forte","icev",2018,265
"kia","forte","icev",2019,234
"kia","forte","icev",2020,174
"kia","forte","icev",2021,209
"kia","forte","icev",2022,77
"kia","forte","icev",2023,2
"kia","forte","icev",2024,9
"kia","forte koup","icev",2010,138
"kia","forte koup","icev",2011,73
"kia","forte koup","icev",2012,96
"kia","forte koup","icev",2013,51
"kia","forte koup","icev",2014,26
"kia","forte koup","icev",2015,12
"kia","forte koup","icev",2016,18
"kia","forte koup","icev",2017,3
"kia","forte5","icev",2011,5
"kia","forte5","icev",2012,4
"kia","forte5","icev",2013,4
"kia","forte5","icev",2014,5
"kia","forte5","icev",2015,8
"kia","forte5","icev",2016,77
"kia","forte5","icev",2017,33
"kia","forte5","icev",2018,3
"kia","k5","icev",2021,109
"kia","k5","icev",2022,91
"kia","k5","icev",2023,1
"kia","k5","icev",2024,3
"kia","k900","icev",2015,22
"kia","k900","icev",2016,3
"kia","k900","icev",2017,1
"kia","niro","hev",2017,88
"kia","niro","hev",2018,63
"kia","niro","hev",2019,46
"kia","niro","hev",2020,8
"kia","niro","hev",2021,6
"kia","niro","hev",2022,7
"kia","niro ev","bev",2019,2
"kia","niro ev","bev",2020,3
"kia","niro ev","bev",2022,2
"kia","niro plug-in","phev",2018,5
"kia","niro plug-in","phev",2019,13
"kia","niro plug-in","phev",2020,2
"kia","niro plug-in","phev",2022,4
"kia","optima","hev",2011,1
"kia","optima","hev",2012,122
"kia","optima","hev",2013,118
"kia","optima","hev",2014,27
"kia","optima","hev",2015,35
"kia","optima","hev",2016,11
"kia","optima","hev",2017,6
"kia","optima","hev",2018,5
"kia","optima","hev",2019,2
"kia","optima","hev",2020,1
"kia","optima","icev",2001,118
"kia","optima","icev",2002,140
"kia","optima","icev",2003,129
"kia","optima","icev",2004,400
"kia","optima","icev",2005,188
"kia","optima","icev",2006,323
"kia","optima","icev",2007,264
"kia","optima","icev",2008,315
"kia","optima","icev",2009,339
"kia","optima","icev",2010,195
"kia","optima","icev",2011,624
"kia","optima","icev",2012,1017
"kia","optima","icev",2013,1768
"kia","optima","icev",2014,511
"kia","optima","icev",2015,877
"kia","optima","icev",2016,533
"kia","optima","icev",2017,190
"kia","optima","icev",2018,330
"kia","optima","icev",2019,230
"kia","optima","icev",2020,160
"kia","optima plug-in","phev",2017,4
"kia","rio","icev",2001,269
"kia","rio","icev",2002,254
"kia","rio","icev",2003,241
"kia","rio","icev",2004,206
"kia","rio","icev",2005,139
"kia","rio","icev",2006,158
"kia","rio","icev",2007,157
"kia","rio","icev",2008,177
"kia","rio","icev",2009,278
"kia","rio","icev",2010,123
"kia","rio","icev",2011,111
"kia","rio","icev",2012,128
"kia","rio","icev",2013,315
"kia","rio","icev",2014,94
"kia","rio","icev",2015,91
"kia","rio","icev",2016,127
"kia","rio","icev",2017,97
"kia","rio","icev",2018,56
"kia","rio","icev",2019,43
"kia","rio","icev",2020,91
"kia","rio","icev",2021,43
"kia","rio","icev",2022,24
"kia","rio","icev",2023,4
"kia","rio 5-","icev",2012,4
"kia","rio 5-","icev",2013,11
"kia","rio 5-","icev",2014,3
"kia","rio 5-","icev",2015,4
"kia","rio 5-","icev",2016,10
"kia","rio 5-","icev",2017,24
"kia","rio 5-","icev",2018,6
"kia","rio 5-","icev",2019,2
"kia","rio 5-","icev",2020,14
"kia","rio 5-","icev",2021,11
"kia","rio 5-","icev",2022,5
"kia","rio5","icev",2006,39
"kia","rio5","icev",2007,27
"kia","rio5","icev",2008,49
"kia","rio5","icev",2009,66
"kia","rio5","icev",2010,24
"kia","rio5","icev",2011,19
"kia","rio5","icev",2012,124
"kia","rio5","icev",2013,179
"kia","rio5","icev",2014,23
"kia","rio5","icev",2015,7
"kia","rio5","icev",2016,9
"kia","rio5","icev",2018,7
"kia","rio5","icev",2019,3
"kia","rondo","icev",2007,225
"kia","rondo","icev",2008,165
"kia","rondo","icev",2009,133
"kia","rondo","icev",2010,9
"kia","sedona","icev",2002,306
"kia","sedona","icev",2003,370
"kia","sedona","icev",2004,350
"kia","sedona","icev",2005,570
"kia","sedona","icev",2006,450
"kia","sedona","icev",2007,299
"kia","sedona","icev",2008,277
"kia","sedona","icev",2009,179
"kia","sedona","icev",2010,151
"kia","sedona","icev",2011,182
"kia","sedona","icev",2012,343
"kia","sedona","icev",2014,97
"kia","sedona","icev",2015,198
"kia","sedona","icev",2016,286
"kia","sedona","icev",2017,155
"kia","sedona","icev",2018,70
"kia","sedona","icev",2019,56
"kia","sedona","icev",2020,35
"kia","sedona","icev",2021,7
"kia","seltos","icev",2021,94
"kia","seltos","icev",2022,54
"kia","seltos","icev",2024,3
"kia","sephia","icev",1994,13
"kia","sephia","icev",1995,36
"kia","sephia","icev",1996,54
"kia","sephia","icev",1997,90
"kia","sephia","icev",1998,129
"kia","sephia","icev",1999,202
"kia","sephia","icev",2000,376
"kia","sephia","icev",2001,270
"kia","sorento","hev",2021,7
"kia","sorento","hev",2022,11
"kia","sorento","hev",2023,1
"kia","sorento","hev",2024,3
"kia","sorento","icev",2003,283
"kia","sorento","icev",2004,337
"kia","sorento","icev",2005,419
"kia","sorento","icev",2006,380
"kia","sorento","icev",2007,236
"kia","sorento","icev",2008,341
"kia","sorento","icev",2009,98
"kia","sorento","icev",2011,1870
"kia","sorento","icev",2012,1328
"kia","sorento","icev",2013,1048
"kia","sorento","icev",2014,879
"kia","sorento","icev",2015,548
"kia","sorento","icev",2016,819
"kia","sorento","icev",2017,438
"kia","sorento","icev",2018,346
"kia","sorento","icev",2019,439
"kia","sorento","icev",2020,212
"kia","sorento","icev",2021,115
"kia","sorento","icev",2022,115
"kia","sorento","icev",2023,6
"kia","sorento plug-in","phev",2022,11
"kia","soul","icev",2010,707
"kia","soul","icev",2011,979
"kia","soul","icev",2012,1033
"kia","soul","icev",2013,1348
"kia","soul","icev",2014,695
"kia","soul","icev",2015,739
"kia","soul","icev",2016,845
"kia","soul","icev",2017,317
"kia","soul","icev",2018,306
"kia","soul","icev",2019,189
"kia","soul","icev",2020,224
"kia","soul","icev",2021,98
"kia","soul","icev",2022,39
"kia","soul","icev",2023,2
"kia","soul","icev",2024,3
"kia","soul ev","bev",2015,1
"kia","soul ev","bev",2016,3
"kia","soul ev","bev",2017,2
"kia","spectra","icev",2000,41
"kia","spectra","icev",2001,106
"kia","spectra","icev",2002,307
"kia","spectra","icev",2003,359
"kia","spectra","icev",2004,208
"kia","spectra","icev",2005,318
"kia","spectra","icev",2006,487
"kia","spectra","icev",2007,355
"kia","spectra","icev",2008,370
"kia","spectra","icev",2009,360
"kia","sportage","hev",2023,5
"kia","sportage","hev",2024,1
"kia","sportage","icev",1995,29
"kia","sportage","icev",1996,26
"kia","sportage","icev",1997,59
"kia","sportage","icev",1998,96
"kia","sportage","icev",1999,153
"kia","sportage","icev",2000,326
"kia","sportage","icev",2001,318
"kia","sportage","icev",2002,287
"kia","sportage","icev",2005,219
"kia","sportage","icev",2006,309
"kia","sportage","icev",2007,316
"kia","sportage","icev",2008,300
"kia","sportage","icev",2009,370
"kia","sportage","icev",2010,106
"kia","sportage","icev",2011,461
"kia","sportage","icev",2012,445
"kia","sportage","icev",2013,363
"kia","sportage","icev",2014,185
"kia","sportage","icev",2015,198
"kia","sportage","icev",2016,204
"kia","sportage","icev",2017,339
"kia","sportage","icev",2018,233
"kia","sportage","icev",2019,158
"kia","sportage","icev",2020,242
"kia","sportage","icev",2021,82
"kia","sportage","icev",2022,48
"kia","sportage","icev",2023,2
"kia","sportage","icev",2024,11
"kia","stinger","icev",2018,55
"kia","stinger","icev",2019,59
"kia","stinger","icev",2020,24
"kia","stinger","icev",2021,14
"kia","stinger","icev",2022,19
"kia","telluride","icev",2020,255
"kia","telluride","icev",2021,190
"kia","telluride","icev",2022,265
"kia","telluride","icev",2023,1
"kia","telluride","icev",2024,16
"lamborghini","aventador","icev",2016,1
"lamborghini","aventador","icev",2021,1
"lamborghini","diablo","icev",2001,1
"lamborghini","gallardo","icev",2004,4
"lamborghini","gallardo","icev",2006,2
"lamborghini","gallardo","icev",2007,2
"lamborghini","gallardo","icev",2008,3
"lamborghini","gallardo","icev",2009,1
"lamborghini","gallardo","icev",2010,1
"lamborghini","gallardo","icev",2011,1
"lamborghini","gallardo","icev",2014,1
"lamborghini","huracan","icev",2015,2
"lamborghini","huracan","icev",2016,3
"lamborghini","huracan","icev",2018,1
"lamborghini","huracan","icev",2020,2
"lamborghini","huracan","icev",2021,3
"lamborghini","huracan","icev",2022,1
"lamborghini","murcielago","icev",2006,2
"lamborghini","urus","icev",2019,1
"lamborghini","urus","icev",2021,2
"land rover","defender","icev",1993,2
"land rover","defender","icev",1994,7
"land rover","defender","icev",1995,6
"land rover","defender","icev",1997,11
"land rover","defender","icev",2020,13
"land rover","defender","icev",2021,13
"land rover","defender","icev",2022,17
"land rover","defender","icev",2024,6
"land rover","discovery","icev",1994,9
"land rover","discovery","icev",1995,33
"land rover","discovery","icev",1996,62
"land rover","discovery","icev",1997,38
"land rover","discovery","icev",1998,54
"land rover","discovery","icev",1999,103
"land rover","discovery","icev",2003,125
"land rover","discovery","icev",2004,101
"land rover","discovery","icev",2017,18
"land rover","discovery","icev",2018,14
"land rover","discovery","icev",2019,21
"land rover","discovery","icev",2020,17
"land rover","discovery","icev",2021,3
"land rover","discovery","icev",2022,3
"land rover","discovery series ii","icev",2000,124
"land rover","discovery series ii","icev",2001,99
"land rover","discovery series ii","icev",2002,117
"land rover","discovery sport","icev",2015,13
"land rover","discovery sport","icev",2016,48
"land rover","discovery sport","icev",2017,41
"land rover","discovery sport","icev",2018,32
"land rover","discovery sport","icev",2019,28
"land rover","discovery sport","icev",2020,28
"land rover","discovery sport","icev",2021,3
"land rover","discovery sport","icev",2022,4
"land rover","discovery sport","icev",2023,1
"land rover","freelander","icev",2002,86
"land rover","freelander","icev",2003,71
"land rover","freelander","icev",2004,18
"land rover","freelander","icev",2005,12
"land rover","lr2","icev",2008,86
"land rover","lr2","icev",2009,15
"land rover","lr2","icev",2010,32
"land rover","lr2","icev",2011,22
"land rover","lr2","icev",2012,21
"land rover","lr2","icev",2013,21
"land rover","lr2","icev",2014,10
"land rover","lr2","icev",2015,4
"land rover","lr3","icev",2005,103
"land rover","lr3","icev",2006,141
"land rover","lr3","icev",2007,39
"land rover","lr3","icev",2008,53
"land rover","lr3","icev",2009,5
"land rover","lr4","icev",2010,52
"land rover","lr4","icev",2011,73
"land rover","lr4","icev",2012,83
"land rover","lr4","icev",2013,50
"land rover","lr4","icev",2014,15
"land rover","lr4","icev",2015,30
"land rover","lr4","icev",2016,83
"land rover","range rover","icev",1987,4
"land rover","range rover","icev",1988,5
"land rover","range rover","icev",1989,5
"land rover","range rover","icev",1990,8
"land rover","range rover","icev",1991,7
"land rover","range rover","icev",1992,4
"land rover","range rover","icev",1993,12
"land rover","range rover","icev",1994,3
"land rover","range rover","icev",1995,29
"land rover","range rover","icev",1996,19
"land rover","range rover","icev",1997,15
"land rover","range rover","icev",1998,24
"land rover","range rover","icev",1999,27
"land rover","range rover","icev",2000,31
"land rover","range rover","icev",2001,30
"land rover","range rover","icev",2002,25
"land rover","range rover","icev",2003,60
"land rover","range rover","icev",2004,60
"land rover","range rover","icev",2005,35
"land rover","range rover","icev",2006,109
"land rover","range rover","icev",2007,49
"land rover","range rover","icev",2008,72
"land rover","range rover","icev",2009,14
"land rover","range rover","icev",2010,60
"land rover","range rover","icev",2011,71
"land rover","range rover","icev",2012,114
"land rover","range rover","icev",2013,42
"land rover","range rover","icev",2014,88
"land rover","range rover","icev",2015,38
"land rover","range rover","icev",2016,64
"land rover","range rover","icev",2017,38
"land rover","range rover","icev",2018,26
"land rover","range rover","icev",2019,28
"land rover","range rover","icev",2020,32
"land rover","range rover","icev",2021,29
"land rover","range rover","icev",2022,10
"land rover","range rover","icev",2024,4
"land rover","range rover","phev",2020,1
"land rover","range rover evoque","icev",2012,59
"land rover","range rover evoque","icev",2013,94
"land rover","range rover evoque","icev",2014,35
"land rover","range rover evoque","icev",2015,57
"land rover","range rover evoque","icev",2016,40
"land rover","range rover evoque","icev",2017,36
"land rover","range rover evoque","icev",2018,20
"land rover","range rover evoque","icev",2019,2
"land rover","range rover evoque","icev",2020,39
"land rover","range rover evoque","icev",2021,5
"land rover","range rover evoque","icev",2022,3
"land rover","range rover evoque","icev",2024,1
"land rover","range rover sport","icev",2006,137
"land rover","range rover sport","icev",2007,34
"land rover","range rover sport","icev",2008,96
"land rover","range rover sport","icev",2009,39
"land rover","range rover sport","icev",2010,92
"land rover","range rover sport","icev",2011,121
"land rover","range rover sport","icev",2012,107
"land rover","range rover sport","icev",2013,160
"land rover","range rover sport","icev",2014,91
"land rover","range rover sport","icev",2015,60
"land rover","range rover sport","icev",2016,87
"land rover","range rover sport","icev",2017,41
"land rover","range rover sport","icev",2018,36
"land rover","range rover sport","icev",2019,34
"land rover","range rover sport","icev",2020,34
"land rover","range rover sport","icev",2021,26
"land rover","range rover sport","icev",2022,17
"land rover","range rover sport","icev",2024,1
"land rover","range rover velar","icev",2018,39
"land rover","range rover velar","icev",2019,22
"land rover","range rover velar","icev",2020,33
"land rover","range rover velar","icev",2021,9
"land rover","range rover velar","icev",2022,4
"lexus","ct 200h","hev",2011,125
"lexus","ct 200h","hev",2012,245
"lexus","ct 200h","hev",2013,148
"lexus","ct 200h","hev",2014,50
"lexus","ct 200h","hev",2015,50
"lexus","ct 200h","hev",2016,27
"lexus","ct 200h","hev",2017,17
"lexus","es 250","icev",1990,35
"lexus","es 250","icev",1991,39
"lexus","es 250","icev",2021,6
"lexus","es 250","icev",2022,1
"lexus","es 300","icev",1992,68
"lexus","es 300","icev",1993,113
"lexus","es 300","icev",1994,118
"lexus","es 300","icev",1995,147
"lexus","es 300","icev",1996,145
"lexus","es 300","icev",1997,266
"lexus","es 300","icev",1998,246
"lexus","es 300","icev",1999,219
"lexus","es 300","icev",2000,275
"lexus","es 300","icev",2001,233
"lexus","es 300","icev",2002,488
"lexus","es 300","icev",2003,403
"lexus","es 300h","hev",2013,244
"lexus","es 300h","hev",2014,66
"lexus","es 300h","hev",2015,43
"lexus","es 300h","hev",2016,33
"lexus","es 300h","hev",2017,38
"lexus","es 300h","hev",2018,10
"lexus","es 300h","hev",2019,18
"lexus","es 300h","hev",2020,20
"lexus","es 300h","hev",2021,26
"lexus","es 300h","hev",2022,15
"lexus","es 330","icev",2004,489
"lexus","es 330","icev",2005,608
"lexus","es 330","icev",2006,261
"lexus","es 350","icev",2007,1035
"lexus","es 350","icev",2008,744
"lexus","es 350","icev",2009,396
"lexus","es 350","icev",2010,700
"lexus","es 350","icev",2011,565
"lexus","es 350","icev",2012,401
"lexus","es 350","icev",2013,762
"lexus","es 350","icev",2014,350
"lexus","es 350","icev",2015,275
"lexus","es 350","icev",2016,345
"lexus","es 350","icev",2017,305
"lexus","es 350","icev",2018,150
"lexus","es 350","icev",2019,171
"lexus","es 350","icev",2020,60
"lexus","es 350","icev",2021,54
"lexus","es 350","icev",2022,36
"lexus","es 350","icev",2024,2
"lexus","gs 200t","icev",2016,5
"lexus","gs 300","icev",1993,61
"lexus","gs 300","icev",1994,41
"lexus","gs 300","icev",1995,28
"lexus","gs 300","icev",1996,10
"lexus","gs 300","icev",1997,1
"lexus","gs 300","icev",1998,76
"lexus","gs 300","icev",1999,114
"lexus","gs 300","icev",2000,110
"lexus","gs 300","icev",2001,147
"lexus","gs 300","icev",2002,82
"lexus","gs 300","icev",2003,75
"lexus","gs 300","icev",2004,46
"lexus","gs 300","icev",2005,22
"lexus","gs 300","icev",2006,314
"lexus","gs 350","icev",2007,224
"lexus","gs 350","icev",2008,168
"lexus","gs 350","icev",2009,38
"lexus","gs 350","icev",2010,67
"lexus","gs 350","icev",2011,54
"lexus","gs 350","icev",2013,403
"lexus","gs 350","icev",2014,83
"lexus","gs 350","icev",2015,129
"lexus","gs 350","icev",2016,50
"lexus","gs 350","icev",2017,22
"lexus","gs 350","icev",2018,18
"lexus","gs 350","icev",2019,12
"lexus","gs 350","icev",2020,5
"lexus","gs 400","icev",1998,44
"lexus","gs 400","icev",1999,36
"lexus","gs 400","icev",2000,39
"lexus","gs 430","icev",2001,34
"lexus","gs 430","icev",2002,10
"lexus","gs 430","icev",2003,17
"lexus","gs 430","icev",2004,8
"lexus","gs 430","icev",2006,51
"lexus","gs 430","icev",2007,1
"lexus","gs 450h","hev",2007,18
"lexus","gs 450h","hev",2008,3
"lexus","gs 450h","hev",2009,3
"lexus","gs 450h","hev",2010,2
"lexus","gs 450h","hev",2011,4
"lexus","gs 450h","hev",2013,11
"lexus","gs 450h","hev",2015,1
"lexus","gs 460","icev",2008,17
"lexus","gs f","icev",2016,5
"lexus","gs f","icev",2017,3
"lexus","gs f","icev",2019,1
"lexus","gs f","icev",2020,2
"lexus","gx 460","icev",2010,149
"lexus","gx 460","icev",2011,152
"lexus","gx 460","icev",2012,120
"lexus","gx 460","icev",2013,128
"lexus","gx 460","icev",2014,148
"lexus","gx 460","icev",2015,142
"lexus","gx 460","icev",2016,151
"lexus","gx 460","icev",2017,169
"lexus","gx 460","icev",2018,119
"lexus","gx 460","icev",2019,96
"lexus","gx 460","icev",2020,64
"lexus","gx 460","icev",2021,95
"lexus","gx 460","icev",2022,53
"lexus","gx 460","icev",2023,5
"lexus","gx 470","icev",2003,163
"lexus","gx 470","icev",2004,310
"lexus","gx 470","icev",2005,189
"lexus","gx 470","icev",2006,236
"lexus","gx 470","icev",2007,176
"lexus","gx 470","icev",2008,198
"lexus","gx 470","icev",2009,86
"lexus","hs 250h","hev",2010,205
"lexus","hs 250h","hev",2011,27
"lexus","hs 250h","hev",2012,6
"lexus","is 200t","icev",2016,111
"lexus","is 200t","icev",2017,55
"lexus","is 250","icev",2006,227
"lexus","is 250","icev",2007,364
"lexus","is 250","icev",2008,365
"lexus","is 250","icev",2009,224
"lexus","is 250","icev",2010,268
"lexus","is 250","icev",2011,222
"lexus","is 250","icev",2012,257
"lexus","is 250","icev",2013,106
"lexus","is 250","icev",2014,217
"lexus","is 250","icev",2015,161
"lexus","is 250c","icev",2010,103
"lexus","is 250c","icev",2011,37
"lexus","is 250c","icev",2012,44
"lexus","is 250c","icev",2013,16
"lexus","is 250c","icev",2014,8
"lexus","is 250c","icev",2015,10
"lexus","is 300","icev",2001,176
"lexus","is 300","icev",2002,128
"lexus","is 300","icev",2003,78
"lexus","is 300","icev",2004,56
"lexus","is 300","icev",2005,30
"lexus","is 300","icev",2016,34
"lexus","is 300","icev",2017,28
"lexus","is 300","icev",2018,40
"lexus","is 300","icev",2019,42
"lexus","is 300","icev",2020,22
"lexus","is 300","icev",2021,12
"lexus","is 300","icev",2022,4
"lexus","is 300","icev",2023,1
"lexus","is 350","icev",2006,89
"lexus","is 350","icev",2007,63
"lexus","is 350","icev",2008,43
"lexus","is 350","icev",2009,14
"lexus","is 350","icev",2010,10
"lexus","is 350","icev",2011,38
"lexus","is 350","icev",2012,20
"lexus","is 350","icev",2013,6
"lexus","is 350","icev",2014,74
"lexus","is 350","icev",2015,33
"lexus","is 350","icev",2016,31
"lexus","is 350","icev",2017,20
"lexus","is 350","icev",2018,4
"lexus","is 350","icev",2019,4
"lexus","is 350","icev",2020,7
"lexus","is 350","icev",2021,16
"lexus","is 350","icev",2022,8
"lexus","is 350","icev",2023,3
"lexus","is 350","icev",2024,1
"lexus","is 350c","icev",2010,57
"lexus","is 350c","icev",2011,26
"lexus","is 350c","icev",2012,15
"lexus","is 350c","icev",2013,13
"lexus","is 350c","icev",2014,4
"lexus","is 350c","icev",2015,3
"lexus","is f","icev",2008,22
"lexus","is f","icev",2009,3
"lexus","is f","icev",2010,6
"lexus","is f","icev",2011,9
"lexus","is f","icev",2012,7
"lexus","is f","icev",2013,1
"lexus","lc 500","icev",2018,23
"lexus","lc 500","icev",2019,3
"lexus","lc 500","icev",2020,3
"lexus","lc 500","icev",2021,11
"lexus","lc 500h","hev",2018,3
"lexus","lc 500h","hev",2019,2
"lexus","ls 400","icev",1990,74
"lexus","ls 400","icev",1991,93
"lexus","ls 400","icev",1992,86
"lexus","ls 400","icev",1993,91
"lexus","ls 400","icev",1994,65
"lexus","ls 400","icev",1995,72
"lexus","ls 400","icev",1996,80
"lexus","ls 400","icev",1997,69
"lexus","ls 400","icev",1998,113
"lexus","ls 400","icev",1999,88
"lexus","ls 400","icev",2000,71
"lexus","ls 430","icev",2001,218
"lexus","ls 430","icev",2002,186
"lexus","ls 430","icev",2003,153
"lexus","ls 430","icev",2004,203
"lexus","ls 430","icev",2005,201
"lexus","ls 430","icev",2006,131
"lexus","ls 460","icev",2007,364
"lexus","ls 460","icev",2008,317
"lexus","ls 460","icev",2009,110
"lexus","ls 460","icev",2010,132
"lexus","ls 460","icev",2011,112
"lexus","ls 460","icev",2012,112
"lexus","ls 460","icev",2013,98
"lexus","ls 460","icev",2014,49
"lexus","ls 460","icev",2015,45
"lexus","ls 460","icev",2016,37
"lexus","ls 460","icev",2017,31
"lexus","ls 500","icev",2018,46
"lexus","ls 500","icev",2019,23
"lexus","ls 500","icev",2020,19
"lexus","ls 500","icev",2021,7
"lexus","ls 500h","hev",2018,2
"lexus","ls 500h","hev",2019,1
"lexus","ls 600h l","hev",2008,17
"lexus","ls 600h l","hev",2009,2
"lexus","ls 600h l","hev",2012,1
"lexus","ls 600h l","hev",2013,1
"lexus","lx 450","icev",1996,29
"lexus","lx 450","icev",1997,45
"lexus","lx 470","icev",1998,28
"lexus","lx 470","icev",1999,73
"lexus","lx 470","icev",2000,86
"lexus","lx 470","icev",2001,65
"lexus","lx 470","icev",2002,70
"lexus","lx 470","icev",2003,59
"lexus","lx 470","icev",2004,59
"lexus","lx 470","icev",2005,57
"lexus","lx 470","icev",2006,70
"lexus","lx 470","icev",2007,36
"lexus","lx 570","icev",2008,60
"lexus","lx 570","icev",2009,35
"lexus","lx 570","icev",2010,38
"lexus","lx 570","icev",2011,44
"lexus","lx 570","icev",2013,68
"lexus","lx 570","icev",2014,25
"lexus","lx 570","icev",2015,19
"lexus","lx 570","icev",2016,23
"lexus","lx 570","icev",2017,30
"lexus","lx 570","icev",2018,20
"lexus","lx 570","icev",2019,11
"lexus","lx 570","icev",2020,9
"lexus","lx 570","icev",2021,9
"lexus","nx 200t","icev",2015,180
"lexus","nx 200t","icev",2016,205
"lexus","nx 200t","icev",2017,216
"lexus","nx 250","icev",2022,1
"lexus","nx 250","icev",2024,1
"lexus","nx 300","icev",2018,121
"lexus","nx 300","icev",2019,144
"lexus","nx 300","icev",2020,108
"lexus","nx 300","icev",2021,105
"lexus","nx 300h","hev",2015,10
"lexus","nx 300h","hev",2016,6
"lexus","nx 300h","hev",2017,9
"lexus","nx 300h","hev",2018,15
"lexus","nx 300h","hev",2019,15
"lexus","nx 300h","hev",2020,18
"lexus","nx 300h","hev",2021,30
"lexus","nx 350","icev",2022,1
"lexus","nx 350","icev",2024,3
"lexus","nx 350h","hev",2024,3
"lexus","rc 200t","icev",2016,18
"lexus","rc 200t","icev",2017,4
"lexus","rc 300","icev",2016,5
"lexus","rc 300","icev",2017,9
"lexus","rc 300","icev",2018,4
"lexus","rc 300","icev",2019,7
"lexus","rc 300","icev",2020,2
"lexus","rc 350","icev",2015,68
"lexus","rc 350","icev",2016,13
"lexus","rc 350","icev",2017,16
"lexus","rc 350","icev",2018,7
"lexus","rc 350","icev",2019,14
"lexus","rc 350","icev",2020,2
"lexus","rc 350","icev",2021,6
"lexus","rc f","icev",2015,16
"lexus","rc f","icev",2016,7
"lexus","rc f","icev",2017,5
"lexus","rc f","icev",2018,1
"lexus","rc f","icev",2019,3
"lexus","rc f","icev",2020,2
"lexus","rc f","icev",2021,1
"lexus","rx 300","icev",1999,490
"lexus","rx 300","icev",2000,585
"lexus","rx 300","icev",2001,569
"lexus","rx 300","icev",2002,562
"lexus","rx 300","icev",2003,264
"lexus","rx 330","icev",2004,1060
"lexus","rx 330","icev",2005,745
"lexus","rx 330","icev",2006,351
"lexus","rx 350","icev",2007,656
"lexus","rx 350","icev",2008,831
"lexus","rx 350","icev",2009,645
"lexus","rx 350","icev",2010,1503
"lexus","rx 350","icev",2011,868
"lexus","rx 350","icev",2012,732
"lexus","rx 350","icev",2013,1364
"lexus","rx 350","icev",2014,321
"lexus","rx 350","icev",2015,617
"lexus","rx 350","icev",2016,347
"lexus","rx 350","icev",2017,529
"lexus","rx 350","icev",2018,179
"lexus","rx 350","icev",2019,223
"lexus","rx 350","icev",2020,181
"lexus","rx 350","icev",2021,188
"lexus","rx 350","icev",2022,100
"lexus","rx 350","icev",2023,1
"lexus","rx 350","icev",2024,8
"lexus","rx 350h","hev",2023,1
"lexus","rx 350h","hev",2024,7
"lexus","rx 350l","icev",2018,58
"lexus","rx 350l","icev",2019,22
"lexus","rx 350l","icev",2020,26
"lexus","rx 350l","icev",2021,14
"lexus","rx 350l","icev",2022,23
"lexus","rx 400h","hev",2006,233
"lexus","rx 400h","hev",2007,153
"lexus","rx 400h","hev",2008,233
"lexus","rx 450h","hev",2010,240
"lexus","rx 450h","hev",2011,108
"lexus","rx 450h","hev",2012,95
"lexus","rx 450h","hev",2013,177
"lexus","rx 450h","hev",2014,18
"lexus","rx 450h","hev",2015,45
"lexus","rx 450h","hev",2016,28
"lexus","rx 450h","hev",2017,34
"lexus","rx 450h","hev",2018,24
"lexus","rx 450h","hev",2019,33
"lexus","rx 450h","hev",2020,18
"lexus","rx 450h","hev",2021,21
"lexus","rx 450h","hev",2022,19
"lexus","rx 450h+","phev",2024,1
"lexus","rx 450hl","hev",2018,5
"lexus","rx 450hl","hev",2019,3
"lexus","rx 450hl","hev",2020,11
"lexus","rx 450hl","hev",2021,3
"lexus","rx 450hl","hev",2022,3
"lexus","sc 300","icev",1992,42
"lexus","sc 300","icev",1993,20
"lexus","sc 300","icev",1994,12
"lexus","sc 300","icev",1995,24
"lexus","sc 300","icev",1996,9
"lexus","sc 300","icev",1997,11
"lexus","sc 300","icev",1998,9
"lexus","sc 300","icev",1999,12
"lexus","sc 300","icev",2000,7
"lexus","sc 400","icev",1992,72
"lexus","sc 400","icev",1993,28
"lexus","sc 400","icev",1994,8
"lexus","sc 400","icev",1995,31
"lexus","sc 400","icev",1996,12
"lexus","sc 400","icev",1997,11
"lexus","sc 400","icev",1998,6
"lexus","sc 400","icev",1999,6
"lexus","sc 430","icev",2002,204
"lexus","sc 430","icev",2003,92
"lexus","sc 430","icev",2004,64
"lexus","sc 430","icev",2005,77
"lexus","sc 430","icev",2006,57
"lexus","sc 430","icev",2007,40
"lexus","sc 430","icev",2008,29
"lexus","sc 430","icev",2009,3
"lexus","sc 430","icev",2010,5
"lexus","tx 350","icev",2024,5
"lexus","tx 500h","hev",2024,3
"lexus","ux 200","icev",2019,23
"lexus","ux 200","icev",2020,7
"lexus","ux 200","icev",2021,8
"lexus","ux 200","icev",2022,8
"lexus","ux 250h","hev",2019,11
"lexus","ux 250h","hev",2020,14
"lexus","ux 250h","hev",2021,17
"lexus","ux 250h","hev",2022,7
"lincoln","aviator","icev",2003,184
"lincoln","aviator","icev",2004,196
"lincoln","aviator","icev",2005,140
"lincoln","aviator","icev",2020,99
"lincoln","aviator","icev",2021,33
"lincoln","aviator","icev",2022,28
"lincoln","aviator","icev",2023,3
"lincoln","aviator","phev",2020,9
"lincoln","aviator","phev",2021,6
"lincoln","aviator","phev",2022,1
"lincoln","blackwood","icev",2002,15
"lincoln","continental","icev",1982,6
"lincoln","continental","icev",1983,8
"lincoln","continental","icev",1984,15
"lincoln","continental","icev",1985,18
"lincoln","continental","icev",1986,15
"lincoln","continental","icev",1987,15
"lincoln","continental","icev",1988,28
"lincoln","continental","icev",1989,44
"lincoln","continental","icev",1990,78
"lincoln","continental","icev",1991,62
"lincoln","continental","icev",1992,70
"lincoln","continental","icev",1993,48
"lincoln","continental","icev",1994,120
"lincoln","continental","icev",1995,101
"lincoln","continental","icev",1996,97
"lincoln","continental","icev",1997,155
"lincoln","continental","icev",1998,211
"lincoln","continental","icev",1999,152
"lincoln","continental","icev",2000,143
"lincoln","continental","icev",2001,143
"lincoln","continental","icev",2002,186
"lincoln","continental","icev",2017,64
"lincoln","continental","icev",2018,38
"lincoln","continental","icev",2019,22
"lincoln","continental","icev",2020,14
"lincoln","corsair","icev",2020,61
"lincoln","corsair","icev",2021,54
"lincoln","corsair","icev",2022,29
"lincoln","corsair","icev",2023,2
"lincoln","corsair","phev",2021,1
"lincoln","corsair","phev",2022,6
"lincoln","ls","icev",2000,400
"lincoln","ls","icev",2001,256
"lincoln","ls","icev",2002,378
"lincoln","ls","icev",2003,166
"lincoln","ls","icev",2004,197
"lincoln","ls","icev",2005,193
"lincoln","ls","icev",2006,66
"lincoln","mark lt","icev",2006,183
"lincoln","mark lt","icev",2007,85
"lincoln","mark lt","icev",2008,49
"lincoln","mark vi","icev",1981,13
"lincoln","mark vi","icev",1982,12
"lincoln","mark vi","icev",1983,17
"lincoln","mark vii","icev",1984,25
"lincoln","mark vii","icev",1985,8
"lincoln","mark vii","icev",1986,12
"lincoln","mark vii","icev",1987,9
"lincoln","mark vii","icev",1988,42
"lincoln","mark vii","icev",1989,40
"lincoln","mark vii","icev",1990,46
"lincoln","mark vii","icev",1991,23
"lincoln","mark vii","icev",1992,14
"lincoln","mark viii","icev",1993,89
"lincoln","mark viii","icev",1994,87
"lincoln","mark viii","icev",1995,71
"lincoln","mark viii","icev",1996,58
"lincoln","mark viii","icev",1997,68
"lincoln","mark viii","icev",1998,77
"lincoln","mkc","icev",2015,181
"lincoln","mkc","icev",2016,82
"lincoln","mkc","icev",2017,137
"lincoln","mkc","icev",2018,61
"lincoln","mkc","icev",2019,93
"lincoln","mks","icev",2009,241
"lincoln","mks","icev",2010,152
"lincoln","mks","icev",2011,157
"lincoln","mks","icev",2012,77
"lincoln","mks","icev",2013,187
"lincoln","mks","icev",2014,40
"lincoln","mks","icev",2015,29
"lincoln","mks","icev",2016,10
"lincoln","mkt","icev",2010,102
"lincoln","mkt","icev",2011,41
"lincoln","mkt","icev",2012,44
"lincoln","mkt","icev",2013,60
"lincoln","mkt","icev",2014,18
"lincoln","mkt","icev",2015,10
"lincoln","mkt","icev",2016,12
"lincoln","mkt","icev",2017,5
"lincoln","mkt","icev",2018,7
"lincoln","mkt","icev",2019,9
"lincoln","mkt town car","icev",2013,9
"lincoln","mkt town car","icev",2014,1
"lincoln","mkt town car","icev",2015,1
"lincoln","mkt town car","icev",2016,1
"lincoln","mkt town car","icev",2017,1
"lincoln","mkx","icev",2007,354
"lincoln","mkx","icev",2008,450
"lincoln","mkx","icev",2009,123
"lincoln","mkx","icev",2010,251
"lincoln","mkx","icev",2011,319
"lincoln","mkx","icev",2012,189
"lincoln","mkx","icev",2013,469
"lincoln","mkx","icev",2014,96
"lincoln","mkx","icev",2015,67
"lincoln","mkx","icev",2016,223
"lincoln","mkx","icev",2017,144
"lincoln","mkx","icev",2018,106
"lincoln","mkz","hev",2011,63
"lincoln","mkz","hev",2012,94
"lincoln","mkz","hev",2013,55
"lincoln","mkz","hev",2014,53
"lincoln","mkz","hev",2015,32
"lincoln","mkz","hev",2016,22
"lincoln","mkz","hev",2017,19
"lincoln","mkz","hev",2018,12
"lincoln","mkz","hev",2019,6
"lincoln","mkz","hev",2020,2
"lincoln","mkz","icev",2007,368
"lincoln","mkz","icev",2008,357
"lincoln","mkz","icev",2009,191
"lincoln","mkz","icev",2010,287
"lincoln","mkz","icev",2011,259
"lincoln","mkz","icev",2012,367
"lincoln","mkz","icev",2013,202
"lincoln","mkz","icev",2014,94
"lincoln","mkz","icev",2015,85
"lincoln","mkz","icev",2016,99
"lincoln","mkz","icev",2017,118
"lincoln","mkz","icev",2018,54
"lincoln","mkz","icev",2019,33
"lincoln","mkz","icev",2020,23
"lincoln","nautilus","icev",2019,129
"lincoln","nautilus","icev",2020,91
"lincoln","nautilus","icev",2021,24
"lincoln","nautilus","icev",2022,41
"lincoln","nautilus","icev",2023,5
"lincoln","navigator","icev",1998,248
"lincoln","navigator","icev",1999,176
"lincoln","navigator","icev",2000,205
"lincoln","navigator","icev",2001,203
"lincoln","navigator","icev",2002,122
"lincoln","navigator","icev",2003,269
"lincoln","navigator","icev",2004,279
"lincoln","navigator","icev",2005,155
"lincoln","navigator","icev",2006,209
"lincoln","navigator","icev",2007,177
"lincoln","navigator","icev",2008,184
"lincoln","navigator","icev",2009,31
"lincoln","navigator","icev",2010,82
"lincoln","navigator","icev",2011,63
"lincoln","navigator","icev",2012,62
"lincoln","navigator","icev",2013,47
"lincoln","navigator","icev",2014,35
"lincoln","navigator","icev",2015,63
"lincoln","navigator","icev",2016,33
"lincoln","navigator","icev",2017,41
"lincoln","navigator","icev",2018,38
"lincoln","navigator","icev",2019,47
"lincoln","navigator","icev",2020,35
"lincoln","navigator","icev",2021,26
"lincoln","navigator","icev",2023,1
"lincoln","navigator l","icev",2007,52
"lincoln","navigator l","icev",2008,47
"lincoln","navigator l","icev",2009,8
"lincoln","navigator l","icev",2010,26
"lincoln","navigator l","icev",2011,25
"lincoln","navigator l","icev",2012,25
"lincoln","navigator l","icev",2013,28
"lincoln","navigator l","icev",2014,17
"lincoln","navigator l","icev",2015,29
"lincoln","navigator l","icev",2016,18
"lincoln","navigator l","icev",2017,26
"lincoln","navigator l","icev",2018,25
"lincoln","navigator l","icev",2019,27
"lincoln","navigator l","icev",2020,31
"lincoln","navigator l","icev",2021,18
"lincoln","town car","icev",1981,11
"lincoln","town car","icev",1982,9
"lincoln","town car","icev",1983,25
"lincoln","town car","icev",1984,57
"lincoln","town car","icev",1985,92
"lincoln","town car","icev",1986,94
"lincoln","town car","icev",1987,77
"lincoln","town car","icev",1988,232
"lincoln","town car","icev",1989,191
"lincoln","town car","icev",1990,263
"lincoln","town car","icev",1991,204
"lincoln","town car","icev",1992,272
"lincoln","town car","icev",1993,281
"lincoln","town car","icev",1994,295
"lincoln","town car","icev",1995,353
"lincoln","town car","icev",1996,314
"lincoln","town car","icev",1997,428
"lincoln","town car","icev",1998,333
"lincoln","town car","icev",1999,420
"lincoln","town car","icev",2000,490
"lincoln","town car","icev",2001,401
"lincoln","town car","icev",2002,262
"lincoln","town car","icev",2003,489
"lincoln","town car","icev",2004,356
"lincoln","town car","icev",2005,311
"lincoln","town car","icev",2006,295
"lincoln","town car","icev",2007,212
"lincoln","town car","icev",2008,76
"lincoln","town car","icev",2009,73
"lincoln","town car","icev",2010,62
"lincoln","town car","icev",2011,64
"lincoln","zephyr","icev",2006,238
"lotus","elise","icev",2005,28
"lotus","elise","icev",2007,1
"lotus","elise","icev",2008,1
"lotus","elise","icev",2010,1
"lotus","elise","icev",2011,2
"lotus","esprit","icev",1998,1
"lotus","esprit","icev",1999,1
"lotus","esprit","icev",2001,1
"lotus","esprit","icev",2002,1
"lotus","evora","icev",2010,4
"lotus","evora","icev",2011,2
"lotus","evora","icev",2013,2
"lotus","evora gt","icev",2020,1
"lotus","exige","icev",2006,4
"lotus","exige","icev",2007,4
"lotus","exige","icev",2008,1
"lotus","exige","icev",2009,1
"lotus","exige","icev",2011,2
"lucid","air","bev",2022,4
"maserati","ghibli","icev",2014,13
"maserati","ghibli","icev",2015,18
"maserati","ghibli","icev",2016,14
"maserati","ghibli","icev",2017,19
"maserati","ghibli","icev",2018,11
"maserati","ghibli","icev",2019,6
"maserati","ghibli","icev",2020,1
"maserati","ghibli","icev",2022,2
"maserati","gransport","icev",2005,1
"maserati","gransport","icev",2006,4
"maserati","granturismo","icev",2008,5
"maserati","granturismo","icev",2009,2
"maserati","granturismo","icev",2010,4
"maserati","granturismo","icev",2011,7
"maserati","granturismo","icev",2012,5
"maserati","granturismo","icev",2013,6
"maserati","granturismo","icev",2014,2
"maserati","granturismo","icev",2015,3
"maserati","granturismo","icev",2017,1
"maserati","granturismo","icev",2018,3
"maserati","granturismo","icev",2019,1
"maserati","levante","icev",2017,11
"maserati","levante","icev",2018,7
"maserati","levante","icev",2019,9
"maserati","levante","icev",2020,2
"maserati","levante","icev",2021,7
"maserati","levante","icev",2022,4
"maserati","porte","icev",2005,4
"maserati","porte","icev",2006,8
"maserati","porte","icev",2007,10
"maserati","porte","icev",2008,3
"maserati","porte","icev",2009,2
"maserati","porte","icev",2011,2
"maserati","porte","icev",2012,3
"maserati","porte","icev",2014,10
"maserati","porte","icev",2015,4
"maserati","porte","icev",2016,3
"maserati","porte","icev",2017,2
"maserati","porte","icev",2018,2
"maserati","porte","icev",2021,1
"maserati","porte","icev",2022,1
"maserati","spyder","icev",2002,1
"maserati","spyder","icev",2003,1
"maserati","spyder","icev",2004,1
"maserati","spyder","icev",2005,1
"maybach","57","icev",2004,1
"maybach","57","icev",2009,1
"mazda","323","icev",1986,33
"mazda","323","icev",1987,33
"mazda","323","icev",1988,71
"mazda","323","icev",1989,69
"mazda","323","icev",1990,23
"mazda","323","icev",1991,34
"mazda","323","icev",1992,14
"mazda","323","icev",1993,12
"mazda","323","icev",1994,13
"mazda","626","icev",1981,5
"mazda","626","icev",1982,6
"mazda","626","icev",1983,8
"mazda","626","icev",1984,15
"mazda","626","icev",1985,29
"mazda","626","icev",1986,42
"mazda","626","icev",1987,49
"mazda","626","icev",1988,60
"mazda","626","icev",1989,81
"mazda","626","icev",1990,99
"mazda","626","icev",1991,148
"mazda","626","icev",1992,62
"mazda","626","icev",1993,165
"mazda","626","icev",1994,213
"mazda","626","icev",1995,239
"mazda","626","icev",1996,228
"mazda","626","icev",1997,271
"mazda","626","icev",1998,390
"mazda","626","icev",1999,395
"mazda","626","icev",2000,407
"mazda","626","icev",2001,328
"mazda","626","icev",2002,291
"mazda","929","icev",1988,20
"mazda","929","icev",1989,27
"mazda","929","icev",1990,14
"mazda","929","icev",1991,11
"mazda","929","icev",1992,60
"mazda","929","icev",1993,40
"mazda","929","icev",1994,35
"mazda","929","icev",1995,17
"mazda","b-2600","icev",1989,14
"mazda","b-series","icev",1981,8
"mazda","b-series","icev",1982,7
"mazda","b-series","icev",1983,26
"mazda","b-series","icev",1984,97
"mazda","b-series","icev",1986,200
"mazda","b-series","icev",1987,198
"mazda","b-series","icev",1988,121
"mazda","b-series","icev",1989,49
"mazda","b-series","icev",1990,147
"mazda","b-series","icev",1991,176
"mazda","b-series","icev",1992,129
"mazda","b-series","icev",1993,105
"mazda","b-series","icev",1994,323
"mazda","b-series","icev",1995,96
"mazda","b-series","icev",1996,197
"mazda","b-series","icev",1997,123
"mazda","b-series","icev",1998,211
"mazda","b-series","icev",1999,234
"mazda","b-series","icev",2000,181
"mazda","b-series","icev",2001,172
"mazda","b-series truck","icev",2004,50
"mazda","b-series truck","icev",2005,27
"mazda","b-series truck","icev",2006,19
"mazda","b-series truck","icev",2007,21
"mazda","b-series truck","icev",2008,12
"mazda","b-series truck","icev",2009,4
"mazda","cx-3","icev",2016,98
"mazda","cx-3","icev",2017,47
"mazda","cx-3","icev",2018,38
"mazda","cx-3","icev",2019,51
"mazda","cx-3","icev",2020,11
"mazda","cx-3","icev",2021,10
"mazda","cx-30","icev",2020,48
"mazda","cx-30","icev",2021,136
"mazda","cx-30","icev",2023,3
"mazda","cx-30","icev",2024,4
"mazda","cx-5","icev",2013,425
"mazda","cx-5","icev",2014,653
"mazda","cx-5","icev",2015,485
"mazda","cx-5","icev",2016,1104
"mazda","cx-5","icev",2017,300
"mazda","cx-5","icev",2018,396
"mazda","cx-5","icev",2019,369
"mazda","cx-5","icev",2020,284
"mazda","cx-5","icev",2021,332
"mazda","cx-5","icev",2022,2
"mazda","cx-5","icev",2023,1
"mazda","cx-5","icev",2024,20
"mazda","cx-50","icev",2024,7
"mazda","cx-7","icev",2007,362
"mazda","cx-7","icev",2008,232
"mazda","cx-7","icev",2009,123
"mazda","cx-7","icev",2010,328
"mazda","cx-7","icev",2011,321
"mazda","cx-7","icev",2012,66
"mazda","cx-9","icev",2007,142
"mazda","cx-9","icev",2008,332
"mazda","cx-9","icev",2009,147
"mazda","cx-9","icev",2010,411
"mazda","cx-9","icev",2011,345
"mazda","cx-9","icev",2012,348
"mazda","cx-9","icev",2013,174
"mazda","cx-9","icev",2014,106
"mazda","cx-9","icev",2015,89
"mazda","cx-9","icev",2016,96
"mazda","cx-9","icev",2017,48
"mazda","cx-9","icev",2018,93
"mazda","cx-9","icev",2019,89
"mazda","cx-9","icev",2020,59
"mazda","cx-9","icev",2021,69
"mazda","cx-9","icev",2022,1
"mazda","cx-9","icev",2023,1
"mazda","cx-90","icev",2024,3
"mazda","glc","icev",1981,4
"mazda","glc","icev",1982,2
"mazda","glc","icev",1983,6
"mazda","glc","icev",1984,8
"mazda","glc","icev",1985,14
"mazda","mazda2","icev",2011,105
"mazda","mazda2","icev",2012,93
"mazda","mazda2","icev",2013,65
"mazda","mazda2","icev",2014,58
"mazda","mazda3","icev",2004,428
"mazda","mazda3","icev",2005,463
"mazda","mazda3","icev",2006,608
"mazda","mazda3","icev",2007,679
"mazda","mazda3","icev",2008,909
"mazda","mazda3","icev",2009,337
"mazda","mazda3","icev",2010,1141
"mazda","mazda3","icev",2011,605
"mazda","mazda3","icev",2012,830
"mazda","mazda3","icev",2013,563
"mazda","mazda3","icev",2014,452
"mazda","mazda3","icev",2015,443
"mazda","mazda3","icev",2016,478
"mazda","mazda3","icev",2017,274
"mazda","mazda3","icev",2018,302
"mazda","mazda3","icev",2019,7
"mazda","mazda3 hatchback","icev",2019,25
"mazda","mazda3 hatchback","icev",2020,23
"mazda","mazda3 hatchback","icev",2021,32
"mazda","mazda3 hatchback","icev",2022,1
"mazda","mazda3 hatchback","icev",2024,1
"mazda","mazda3 sedan","icev",2019,55
"mazda","mazda3 sedan","icev",2020,47
"mazda","mazda3 sedan","icev",2021,31
"mazda","mazda5","icev",2006,137
"mazda","mazda5","icev",2007,104
"mazda","mazda5","icev",2008,141
"mazda","mazda5","icev",2009,186
"mazda","mazda5","icev",2010,145
"mazda","mazda5","icev",2012,259
"mazda","mazda5","icev",2013,102
"mazda","mazda5","icev",2014,65
"mazda","mazda5","icev",2015,34
"mazda","mazda6","icev",2003,378
"mazda","mazda6","icev",2004,481
"mazda","mazda6","icev",2005,451
"mazda","mazda6","icev",2006,372
"mazda","mazda6","icev",2007,362
"mazda","mazda6","icev",2008,335
"mazda","mazda6","icev",2009,389
"mazda","mazda6","icev",2010,362
"mazda","mazda6","icev",2011,152
"mazda","mazda6","icev",2012,228
"mazda","mazda6","icev",2013,67
"mazda","mazda6","icev",2014,341
"mazda","mazda6","icev",2015,294
"mazda","mazda6","icev",2016,377
"mazda","mazda6","icev",2017,189
"mazda","mazda6","icev",2018,100
"mazda","mazda6","icev",2019,18
"mazda","mazda6","icev",2020,44
"mazda","mazda6","icev",2021,34
"mazda","mazdaspeed mx-5","icev",2004,26
"mazda","mazdaspeed mx-5","icev",2005,6
"mazda","mazdaspeed protege","icev",2003,35
"mazda","mazdaspeed3","icev",2007,43
"mazda","mazdaspeed3","icev",2008,74
"mazda","mazdaspeed3","icev",2009,23
"mazda","mazdaspeed3","icev",2010,46
"mazda","mazdaspeed3","icev",2011,21
"mazda","mazdaspeed3","icev",2012,28
"mazda","mazdaspeed3","icev",2013,31
"mazda","mazdaspeed6","icev",2006,31
"mazda","mazdaspeed6","icev",2007,13
"mazda","millenia","icev",1995,135
"mazda","millenia","icev",1996,40
"mazda","millenia","icev",1997,60
"mazda","millenia","icev",1998,83
"mazda","millenia","icev",1999,100
"mazda","millenia","icev",2000,99
"mazda","millenia","icev",2001,124
"mazda","millenia","icev",2002,160
"mazda","mpv","icev",1989,31
"mazda","mpv","icev",1990,61
"mazda","mpv","icev",1991,50
"mazda","mpv","icev",1992,83
"mazda","mpv","icev",1993,48
"mazda","mpv","icev",1994,43
"mazda","mpv","icev",1995,33
"mazda","mpv","icev",1996,47
"mazda","mpv","icev",1997,43
"mazda","mpv","icev",1998,52
"mazda","mpv","icev",2000,295
"mazda","mpv","icev",2001,228
"mazda","mpv","icev",2002,200
"mazda","mpv","icev",2003,302
"mazda","mpv","icev",2004,189
"mazda","mpv","icev",2005,121
"mazda","mpv","icev",2006,62
"mazda","mx-3","icev",1992,42
"mazda","mx-3","icev",1993,68
"mazda","mx-3","icev",1994,22
"mazda","mx-3","icev",1995,21
"mazda","mx-5 miata","icev",1990,223
"mazda","mx-5 miata","icev",1991,171
"mazda","mx-5 miata","icev",1992,124
"mazda","mx-5 miata","icev",1993,88
"mazda","mx-5 miata","icev",1994,98
"mazda","mx-5 miata","icev",1995,93
"mazda","mx-5 miata","icev",1996,82
"mazda","mx-5 miata","icev",1997,112
"mazda","mx-5 miata","icev",1999,235
"mazda","mx-5 miata","icev",2000,134
"mazda","mx-5 miata","icev",2001,130
"mazda","mx-5 miata","icev",2002,116
"mazda","mx-5 miata","icev",2003,93
"mazda","mx-5 miata","icev",2004,40
"mazda","mx-5 miata","icev",2005,22
"mazda","mx-5 miata","icev",2006,167
"mazda","mx-5 miata","icev",2007,122
"mazda","mx-5 miata","icev",2008,161
"mazda","mx-5 miata","icev",2009,39
"mazda","mx-5 miata","icev",2010,78
"mazda","mx-5 miata","icev",2011,62
"mazda","mx-5 miata","icev",2012,69
"mazda","mx-5 miata","icev",2013,32
"mazda","mx-5 miata","icev",2014,33
"mazda","mx-5 miata","icev",2015,22
"mazda","mx-5 miata","icev",2016,114
"mazda","mx-5 miata","icev",2017,19
"mazda","mx-5 miata","icev",2018,12
"mazda","mx-5 miata","icev",2019,12
"mazda","mx-5 miata","icev",2020,3
"mazda","mx-5 miata","icev",2021,9
"mazda","mx-5 miata rf","icev",2017,31
"mazda","mx-5 miata rf","icev",2018,12
"mazda","mx-5 miata rf","icev",2019,31
"mazda","mx-5 miata rf","icev",2020,12
"mazda","mx-5 miata rf","icev",2021,16
"mazda","mx-6","icev",1988,38
"mazda","mx-6","icev",1989,53
"mazda","mx-6","icev",1990,40
"mazda","mx-6","icev",1991,42
"mazda","mx-6","icev",1992,13
"mazda","mx-6","icev",1993,107
"mazda","mx-6","icev",1994,60
"mazda","mx-6","icev",1995,42
"mazda","mx-6","icev",1996,35
"mazda","mx-6","icev",1997,4
"mazda","navajo","icev",1991,27
"mazda","navajo","icev",1992,21
"mazda","navajo","icev",1993,18
"mazda","navajo","icev",1994,27
"mazda","protege","icev",1990,54
"mazda","protege","icev",1991,113
"mazda","protege","icev",1992,115
"mazda","protege","icev",1993,152
"mazda","protege","icev",1994,181
"mazda","protege","icev",1995,205
"mazda","protege","icev",1996,168
"mazda","protege","icev",1997,192
"mazda","protege","icev",1998,239
"mazda","protege","icev",1999,284
"mazda","protege","icev",2000,406
"mazda","protege","icev",2001,267
"mazda","protege","icev",2002,385
"mazda","protege","icev",2003,337
"mazda","protege5","icev",2002,233
"mazda","protege5","icev",2003,182
"mazda","rx-7","icev",1981,8
"mazda","rx-7","icev",1982,21
"mazda","rx-7","icev",1983,32
"mazda","rx-7","icev",1984,29
"mazda","rx-7","icev",1985,49
"mazda","rx-7","icev",1986,35
"mazda","rx-7","icev",1987,34
"mazda","rx-7","icev",1988,65
"mazda","rx-7","icev",1989,16
"mazda","rx-7","icev",1990,30
"mazda","rx-7","icev",1991,25
"mazda","rx-7","icev",1993,40
"mazda","rx-7","icev",1994,8
"mazda","rx-7","icev",1995,6
"mazda","rx-8","icev",2004,231
"mazda","rx-8","icev",2005,117
"mazda","rx-8","icev",2006,41
"mazda","rx-8","icev",2007,39
"mazda","rx-8","icev",2008,22
"mazda","rx-8","icev",2009,25
"mazda","rx-8","icev",2010,9
"mazda","rx-8","icev",2011,10
"mazda","tribute","hev",2008,1
"mazda","tribute","hev",2009,2
"mazda","tribute","icev",2001,368
"mazda","tribute","icev",2002,372
"mazda","tribute","icev",2003,387
"mazda","tribute","icev",2004,231
"mazda","tribute","icev",2005,372
"mazda","tribute","icev",2006,225
"mazda","tribute","icev",2008,192
"mazda","tribute","icev",2009,30
"mazda","tribute","icev",2010,45
"mazda","tribute","icev",2011,27
"mazda","truck","icev",2002,155
"mazda","truck","icev",2003,114
"mclaren","570gt","icev",2017,2
"mclaren","570gt","icev",2018,1
"mclaren","570s","icev",2016,2
"mclaren","570s","icev",2017,4
"mclaren","570s","icev",2019,1
"mclaren","570s spider","icev",2018,2
"mclaren","600lt","icev",2019,1
"mclaren","650s","icev",2015,1
"mclaren","650s spider","icev",2015,4
"mclaren","650s spider","icev",2016,3
"mclaren","720s","icev",2018,2
"mclaren","720s spider","icev",2020,2
"mclaren","720s spider","icev",2021,1
"mclaren","720s spider","icev",2022,1
"mclaren","gt","icev",2022,2
"mclaren","mp4-12c","icev",2012,3
"mercedes-benz","190 e","icev",1984,11
"mercedes-benz","190 e","icev",1985,23
"mercedes-benz","190 e","icev",1986,25
"mercedes-benz","190 e","icev",1987,28
"mercedes-benz","190 e","icev",1988,23
"mercedes-benz","190 e","icev",1989,28
"mercedes-benz","190 e","icev",1990,16
"mercedes-benz","190 e","icev",1991,40
"mercedes-benz","190 e","icev",1992,42
"mercedes-benz","190 e","icev",1993,61
"mercedes-benz","260 e","icev",1987,9
"mercedes-benz","260 e","icev",1988,8
"mercedes-benz","260 e","icev",1989,6
"mercedes-benz","300 ce","icev",1988,2
"mercedes-benz","300 ce","icev",1989,5
"mercedes-benz","300 ce","icev",1990,2
"mercedes-benz","300 ce","icev",1991,4
"mercedes-benz","300 ce","icev",1992,10
"mercedes-benz","300 ce","icev",1993,6
"mercedes-benz","300 e","icev",1986,32
"mercedes-benz","300 e","icev",1987,35
"mercedes-benz","300 e","icev",1988,34
"mercedes-benz","300 e","icev",1989,39
"mercedes-benz","300 e","icev",1990,45
"mercedes-benz","300 e","icev",1991,37
"mercedes-benz","300 e","icev",1992,39
"mercedes-benz","300 e","icev",1993,41
"mercedes-benz","300 se","icev",1988,5
"mercedes-benz","300 se","icev",1989,13
"mercedes-benz","300 se","icev",1990,20
"mercedes-benz","300 se","icev",1991,16
"mercedes-benz","300 se","icev",1992,11
"mercedes-benz","300 se","icev",1993,8
"mercedes-benz","300 sel","icev",1988,11
"mercedes-benz","300 sel","icev",1989,11
"mercedes-benz","300 sel","icev",1990,11
"mercedes-benz","300 sel","icev",1991,2
"mercedes-benz","300 sl","icev",1990,5
"mercedes-benz","300 sl","icev",1991,14
"mercedes-benz","300 sl","icev",1992,7
"mercedes-benz","300 sl","icev",1993,3
"mercedes-benz","300 te","icev",1988,5
"mercedes-benz","300 te","icev",1989,9
"mercedes-benz","300 te","icev",1990,7
"mercedes-benz","300 te","icev",1991,6
"mercedes-benz","300 te","icev",1992,10
"mercedes-benz","300 te","icev",1993,4
"mercedes-benz","380 se","icev",1984,5
"mercedes-benz","380 se","icev",1985,19
"mercedes-benz","380 sec","icev",1982,2
"mercedes-benz","380 sec","icev",1983,2
"mercedes-benz","380 sel","icev",1981,2
"mercedes-benz","380 sel","icev",1982,5
"mercedes-benz","380 sel","icev",1983,7
"mercedes-benz","380 sl","icev",1981,28
"mercedes-benz","380 sl","icev",1982,35
"mercedes-benz","380 sl","icev",1983,33
"mercedes-benz","380 sl","icev",1984,28
"mercedes-benz","380 sl","icev",1985,40
"mercedes-benz","380 slc","icev",1981,4
"mercedes-benz","400 e","icev",1992,9
"mercedes-benz","400 e","icev",1993,11
"mercedes-benz","400 se","icev",1992,3
"mercedes-benz","400 sel","icev",1993,7
"mercedes-benz","420 sel","icev",1986,18
"mercedes-benz","420 sel","icev",1987,26
"mercedes-benz","420 sel","icev",1988,20
"mercedes-benz","420 sel","icev",1989,22
"mercedes-benz","420 sel","icev",1990,18
"mercedes-benz","420 sel","icev",1991,22
"mercedes-benz","500 e","icev",1992,2
"mercedes-benz","500 e","icev",1993,3
"mercedes-benz","500 sec","icev",1984,6
"mercedes-benz","500 sec","icev",1985,3
"mercedes-benz","500 sel","icev",1984,8
"mercedes-benz","500 sel","icev",1985,9
"mercedes-benz","500 sel","icev",1992,14
"mercedes-benz","500 sel","icev",1993,11
"mercedes-benz","500 sl","icev",1990,8
"mercedes-benz","500 sl","icev",1991,17
"mercedes-benz","500 sl","icev",1992,17
"mercedes-benz","500 sl","icev",1993,8
"mercedes-benz","560 sec","icev",1986,5
"mercedes-benz","560 sec","icev",1987,4
"mercedes-benz","560 sec","icev",1988,7
"mercedes-benz","560 sec","icev",1989,4
"mercedes-benz","560 sec","icev",1990,5
"mercedes-benz","560 sec","icev",1991,10
"mercedes-benz","560 sel","icev",1986,12
"mercedes-benz","560 sel","icev",1987,17
"mercedes-benz","560 sel","icev",1988,6
"mercedes-benz","560 sel","icev",1989,19
"mercedes-benz","560 sel","icev",1990,6
"mercedes-benz","560 sel","icev",1991,9
"mercedes-benz","560 sl","icev",1986,49
"mercedes-benz","560 sl","icev",1987,47
"mercedes-benz","560 sl","icev",1988,46
"mercedes-benz","560 sl","icev",1989,37
"mercedes-benz","600 sel","icev",1993,2
"mercedes-benz","600 sl","icev",1993,4
"mercedes-benz","a 220","icev",2019,41
"mercedes-benz","a 220","icev",2020,16
"mercedes-benz","a 220","icev",2021,9
"mercedes-benz","a 220","icev",2022,5
"mercedes-benz","amg c 43","icev",2017,23
"mercedes-benz","amg c 43","icev",2018,16
"mercedes-benz","amg c 43","icev",2019,10
"mercedes-benz","amg c 43","icev",2020,5
"mercedes-benz","amg c 43","icev",2021,1
"mercedes-benz","amg c 43","icev",2022,2
"mercedes-benz","amg c 43","icev",2023,1
"mercedes-benz","amg c 63","icev",2017,4
"mercedes-benz","amg c 63","icev",2018,2
"mercedes-benz","amg c 63","icev",2019,2
"mercedes-benz","amg c 63","icev",2020,1
"mercedes-benz","amg c 63 s","icev",2016,7
"mercedes-benz","amg c 63 s","icev",2017,12
"mercedes-benz","amg c 63 s","icev",2018,4
"mercedes-benz","amg c 63 s","icev",2019,1
"mercedes-benz","amg c 63 s","icev",2020,5
"mercedes-benz","amg c 63 s","icev",2021,1
"mercedes-benz","amg e 43","icev",2017,8
"mercedes-benz","amg e 43","icev",2018,6
"mercedes-benz","amg e 53","icev",2019,10
"mercedes-benz","amg e 53","icev",2020,2
"mercedes-benz","amg e 53","icev",2021,2
"mercedes-benz","amg e 53","icev",2022,3
"mercedes-benz","amg e 63 s","icev",2016,3
"mercedes-benz","amg e 63 s","icev",2018,4
"mercedes-benz","amg e 63 s","icev",2019,1
"mercedes-benz","amg e 63 s","icev",2020,1
"mercedes-benz","amg e 63 s","icev",2021,1
"mercedes-benz","amg g 63","icev",2016,6
"mercedes-benz","amg g 63","icev",2017,5
"mercedes-benz","amg g 63","icev",2018,7
"mercedes-benz","amg g 63","icev",2019,1
"mercedes-benz","amg g 63","icev",2020,7
"mercedes-benz","amg g 63","icev",2021,10
"mercedes-benz","amg g 63","icev",2022,4
"mercedes-benz","amg gl 63","icev",2016,4
"mercedes-benz","amg gt","icev",2016,8
"mercedes-benz","amg gt","icev",2017,3
"mercedes-benz","amg gt","icev",2018,7
"mercedes-benz","amg gt","icev",2019,7
"mercedes-benz","amg gt","icev",2020,6
"mercedes-benz","amg gt","icev",2021,4
"mercedes-benz","amg gt","icev",2022,1
"mercedes-benz","amg s 63","icev",2016,8
"mercedes-benz","amg s 63","icev",2017,10
"mercedes-benz","amg s 63","icev",2018,3
"mercedes-benz","amg s 63","icev",2019,4
"mercedes-benz","amg s 63","icev",2020,2
"mercedes-benz","amg s 65","icev",2016,1
"mercedes-benz","amg s 65","icev",2019,1
"mercedes-benz","amg sl 63","icev",2017,4
"mercedes-benz","amg sl 63","icev",2022,1
"mercedes-benz","b 250e","bev",2016,1
"mercedes-benz","b 250e","bev",2017,3
"mercedes-benz","c 220","icev",1994,22
"mercedes-benz","c 220","icev",1995,41
"mercedes-benz","c 220","icev",1996,48
"mercedes-benz","c 230","icev",1997,64
"mercedes-benz","c 230","icev",1998,95
"mercedes-benz","c 230","icev",1999,113
"mercedes-benz","c 230","icev",2000,114
"mercedes-benz","c 230 kompressor","icev",2002,92
"mercedes-benz","c 230 kompressor","icev",2003,126
"mercedes-benz","c 230 kompressor","icev",2004,102
"mercedes-benz","c 230 kompressor","icev",2005,247
"mercedes-benz","c 230 sport","icev",2006,252
"mercedes-benz","c 230 sport","icev",2007,263
"mercedes-benz","c 240","icev",2001,90
"mercedes-benz","c 240","icev",2002,192
"mercedes-benz","c 240","icev",2003,201
"mercedes-benz","c 240","icev",2004,125
"mercedes-benz","c 240","icev",2005,147
"mercedes-benz","c 250","icev",2012,391
"mercedes-benz","c 250","icev",2013,396
"mercedes-benz","c 250","icev",2014,183
"mercedes-benz","c 250","icev",2015,16
"mercedes-benz","c 280","icev",1994,39
"mercedes-benz","c 280","icev",1995,53
"mercedes-benz","c 280","icev",1996,31
"mercedes-benz","c 280","icev",1997,63
"mercedes-benz","c 280","icev",1998,42
"mercedes-benz","c 280","icev",1999,74
"mercedes-benz","c 280","icev",2000,26
"mercedes-benz","c 280","icev",2006,148
"mercedes-benz","c 280","icev",2007,177
"mercedes-benz","c 300","icev",2008,362
"mercedes-benz","c 300","icev",2009,209
"mercedes-benz","c 300","icev",2011,561
"mercedes-benz","c 300","icev",2012,282
"mercedes-benz","c 300","icev",2013,354
"mercedes-benz","c 300","icev",2014,141
"mercedes-benz","c 300","icev",2015,278
"mercedes-benz","c 300","icev",2016,239
"mercedes-benz","c 300","icev",2017,207
"mercedes-benz","c 300","icev",2018,141
"mercedes-benz","c 300","icev",2019,92
"mercedes-benz","c 300","icev",2020,37
"mercedes-benz","c 300","icev",2021,50
"mercedes-benz","c 300","icev",2022,12
"mercedes-benz","c 300","icev",2023,2
"mercedes-benz","c 300","icev",2024,3
"mercedes-benz","c 300 sport","icev",2008,221
"mercedes-benz","c 300 sport","icev",2009,212
"mercedes-benz","c 300 sport","icev",2010,511
"mercedes-benz","c 32 amg","icev",2002,8
"mercedes-benz","c 32 amg","icev",2003,4
"mercedes-benz","c 32 amg","icev",2004,2
"mercedes-benz","c 320","icev",2001,86
"mercedes-benz","c 320","icev",2002,80
"mercedes-benz","c 320","icev",2003,59
"mercedes-benz","c 320","icev",2004,40
"mercedes-benz","c 320","icev",2005,43
"mercedes-benz","c 350","icev",2006,16
"mercedes-benz","c 350","icev",2007,2
"mercedes-benz","c 350","icev",2012,26
"mercedes-benz","c 350","icev",2013,16
"mercedes-benz","c 350","icev",2014,11
"mercedes-benz","c 350","icev",2015,3
"mercedes-benz","c 350 sport","icev",2006,18
"mercedes-benz","c 350 sport","icev",2007,4
"mercedes-benz","c 350 sport","icev",2008,151
"mercedes-benz","c 350 sport","icev",2009,58
"mercedes-benz","c 350 sport","icev",2010,20
"mercedes-benz","c 350 sport","icev",2011,23
"mercedes-benz","c 350 sport","icev",2012,12
"mercedes-benz","c 350 sport","icev",2013,21
"mercedes-benz","c 350 sport","icev",2014,7
"mercedes-benz","c 350e","phev",2016,1
"mercedes-benz","c 350e","phev",2017,1
"mercedes-benz","c 350e","phev",2018,1
"mercedes-benz","c 36 amg","icev",1995,3
"mercedes-benz","c 36 amg","icev",1996,1
"mercedes-benz","c 400","icev",2015,12
"mercedes-benz","c 43 amg","icev",1998,4
"mercedes-benz","c 43 amg","icev",1999,5
"mercedes-benz","c 450 amg","icev",2016,23
"mercedes-benz","c 55 amg","icev",2005,4
"mercedes-benz","c 55 amg","icev",2006,1
"mercedes-benz","c 63 amg","icev",2008,7
"mercedes-benz","c 63 amg","icev",2009,22
"mercedes-benz","c 63 amg","icev",2010,5
"mercedes-benz","c 63 amg","icev",2011,2
"mercedes-benz","c 63 amg","icev",2012,12
"mercedes-benz","c 63 amg","icev",2013,3
"mercedes-benz","c 63 amg","icev",2014,2
"mercedes-benz","c 63 amg","icev",2015,1
"mercedes-benz","c 63 s amg","icev",2015,3
"mercedes-benz","cl 500","icev",1998,3
"mercedes-benz","cl 500","icev",1999,2
"mercedes-benz","cl 500","icev",2000,12
"mercedes-benz","cl 500","icev",2001,4
"mercedes-benz","cl 500","icev",2002,21
"mercedes-benz","cl 500","icev",2003,6
"mercedes-benz","cl 500","icev",2004,8
"mercedes-benz","cl 500","icev",2005,5
"mercedes-benz","cl 500","icev",2006,7
"mercedes-benz","cl 55 amg","icev",2001,1
"mercedes-benz","cl 55 amg","icev",2002,5
"mercedes-benz","cl 55 amg","icev",2003,8
"mercedes-benz","cl 55 amg","icev",2004,1
"mercedes-benz","cl 55 amg","icev",2006,1
"mercedes-benz","cl 550","icev",2007,13
"mercedes-benz","cl 550","icev",2008,16
"mercedes-benz","cl 550","icev",2009,6
"mercedes-benz","cl 550","icev",2010,8
"mercedes-benz","cl 550","icev",2011,3
"mercedes-benz","cl 550","icev",2012,5
"mercedes-benz","cl 550","icev",2013,6
"mercedes-benz","cl 550","icev",2014,1
"mercedes-benz","cl 600","icev",2001,5
"mercedes-benz","cl 600","icev",2003,5
"mercedes-benz","cl 600","icev",2005,3
"mercedes-benz","cl 600","icev",2007,2
"mercedes-benz","cl 600","icev",2008,1
"mercedes-benz","cl 600","icev",2009,2
"mercedes-benz","cl 600","icev",2010,1
"mercedes-benz","cl 63 amg","icev",2008,17
"mercedes-benz","cl 63 amg","icev",2009,7
"mercedes-benz","cl 63 amg","icev",2010,2
"mercedes-benz","cl 63 amg","icev",2011,3
"mercedes-benz","cl 63 amg","icev",2012,1
"mercedes-benz","cl 63 amg","icev",2013,2
"mercedes-benz","cl 65 amg","icev",2005,3
"mercedes-benz","cl 65 amg","icev",2006,2
"mercedes-benz","cl 65 amg","icev",2008,2
"mercedes-benz","cla","icev",2014,177
"mercedes-benz","cla","icev",2015,86
"mercedes-benz","cla","icev",2016,87
"mercedes-benz","cla","icev",2017,37
"mercedes-benz","cla","icev",2018,65
"mercedes-benz","cla","icev",2019,36
"mercedes-benz","cla","icev",2020,17
"mercedes-benz","cla","icev",2021,8
"mercedes-benz","cla","icev",2022,3
"mercedes-benz","clk","icev",1998,19
"mercedes-benz","clk","icev",1999,68
"mercedes-benz","clk","icev",2000,104
"mercedes-benz","clk","icev",2001,93
"mercedes-benz","clk","icev",2002,117
"mercedes-benz","clk","icev",2003,105
"mercedes-benz","clk","icev",2004,96
"mercedes-benz","clk","icev",2005,166
"mercedes-benz","clk","icev",2006,123
"mercedes-benz","clk","icev",2007,125
"mercedes-benz","clk","icev",2008,171
"mercedes-benz","clk","icev",2009,131
"mercedes-benz","cls","icev",2006,143
"mercedes-benz","cls","icev",2007,95
"mercedes-benz","cls","icev",2008,70
"mercedes-benz","cls","icev",2009,34
"mercedes-benz","cls","icev",2010,11
"mercedes-benz","cls","icev",2011,19
"mercedes-benz","cls","icev",2012,84
"mercedes-benz","cls","icev",2013,48
"mercedes-benz","cls","icev",2014,69
"mercedes-benz","cls","icev",2015,21
"mercedes-benz","cls","icev",2016,32
"mercedes-benz","cls","icev",2017,14
"mercedes-benz","cls","icev",2018,4
"mercedes-benz","cls","icev",2019,18
"mercedes-benz","cls","icev",2020,4
"mercedes-benz","cls","icev",2021,1
"mercedes-benz","cls","icev",2022,4
"mercedes-benz","e 300","icev",2017,130
"mercedes-benz","e 300","icev",2018,71
"mercedes-benz","e 300","icev",2019,56
"mercedes-benz","e 320","icev",1994,56
"mercedes-benz","e 320","icev",1995,82
"mercedes-benz","e 320","icev",1996,43
"mercedes-benz","e 320","icev",1997,117
"mercedes-benz","e 320","icev",1998,162
"mercedes-benz","e 320","icev",1999,216
"mercedes-benz","e 320","icev",2000,191
"mercedes-benz","e 320","icev",2001,188
"mercedes-benz","e 320","icev",2002,174
"mercedes-benz","e 320","icev",2003,317
"mercedes-benz","e 320","icev",2004,209
"mercedes-benz","e 320","icev",2005,122
"mercedes-benz","e 350","icev",2006,409
"mercedes-benz","e 350","icev",2007,467
"mercedes-benz","e 350","icev",2008,466
"mercedes-benz","e 350","icev",2009,277
"mercedes-benz","e 350","icev",2010,571
"mercedes-benz","e 350","icev",2011,728
"mercedes-benz","e 350","icev",2012,498
"mercedes-benz","e 350","icev",2013,266
"mercedes-benz","e 350","icev",2014,363
"mercedes-benz","e 350","icev",2015,70
"mercedes-benz","e 350","icev",2016,181
"mercedes-benz","e 350","icev",2020,20
"mercedes-benz","e 350","icev",2021,21
"mercedes-benz","e 350","icev",2022,14
"mercedes-benz","e 350 sport","icev",2013,207
"mercedes-benz","e 350 sport","icev",2014,176
"mercedes-benz","e 400","hev",2013,1
"mercedes-benz","e 400","hev",2014,1
"mercedes-benz","e 400","icev",2015,25
"mercedes-benz","e 400","icev",2016,46
"mercedes-benz","e 400","icev",2017,14
"mercedes-benz","e 400","icev",2018,56
"mercedes-benz","e 420","icev",1994,19
"mercedes-benz","e 420","icev",1995,7
"mercedes-benz","e 420","icev",1997,77
"mercedes-benz","e 430","icev",1998,19
"mercedes-benz","e 430","icev",1999,52
"mercedes-benz","e 430","icev",2000,45
"mercedes-benz","e 430","icev",2001,64
"mercedes-benz","e 430","icev",2002,30
"mercedes-benz","e 450","icev",2019,29
"mercedes-benz","e 450","icev",2020,10
"mercedes-benz","e 450","icev",2021,6
"mercedes-benz","e 450","icev",2022,7
"mercedes-benz","e 450  all-terrain","icev",2022,1
"mercedes-benz","e 500","icev",1994,1
"mercedes-benz","e 500","icev",2003,104
"mercedes-benz","e 500","icev",2004,76
"mercedes-benz","e 500","icev",2005,83
"mercedes-benz","e 500","icev",2006,35
"mercedes-benz","e 55 amg","icev",1999,4
"mercedes-benz","e 55 amg","icev",2001,4
"mercedes-benz","e 55 amg","icev",2002,4
"mercedes-benz","e 55 amg","icev",2003,10
"mercedes-benz","e 55 amg","icev",2004,15
"mercedes-benz","e 55 amg","icev",2005,16
"mercedes-benz","e 55 amg","icev",2006,12
"mercedes-benz","e 550","icev",2007,37
"mercedes-benz","e 550","icev",2008,29
"mercedes-benz","e 550","icev",2009,17
"mercedes-benz","e 550","icev",2010,92
"mercedes-benz","e 550","icev",2011,79
"mercedes-benz","e 550","icev",2012,39
"mercedes-benz","e 550","icev",2013,29
"mercedes-benz","e 550","icev",2014,32
"mercedes-benz","e 550","icev",2015,1
"mercedes-benz","e 550","icev",2016,5
"mercedes-benz","e 550","icev",2017,3
"mercedes-benz","e 63 amg","icev",2007,15
"mercedes-benz","e 63 amg","icev",2008,21
"mercedes-benz","e 63 amg","icev",2009,1
"mercedes-benz","e 63 amg","icev",2010,18
"mercedes-benz","e 63 amg","icev",2011,5
"mercedes-benz","e 63 amg","icev",2012,6
"mercedes-benz","e 63 amg","icev",2013,2
"mercedes-benz","e 63 amg s-model","icev",2014,7
"mercedes-benz","e 63 amg s-model","icev",2015,6
"mercedes-benz","electric drive","bev",2014,3
"mercedes-benz","electric drive","bev",2015,2
"mercedes-benz","eqe","bev",2024,1
"mercedes-benz","eqs","bev",2022,7
"mercedes-benz","g 500","icev",2002,14
"mercedes-benz","g 500","icev",2003,10
"mercedes-benz","g 500","icev",2004,6
"mercedes-benz","g 500","icev",2005,4
"mercedes-benz","g 500","icev",2006,3
"mercedes-benz","g 500","icev",2007,3
"mercedes-benz","g 500","icev",2008,3
"mercedes-benz","g 55 amg","icev",2003,1
"mercedes-benz","g 55 amg","icev",2004,3
"mercedes-benz","g 55 amg","icev",2005,5
"mercedes-benz","g 55 amg","icev",2007,2
"mercedes-benz","g 55 amg","icev",2008,1
"mercedes-benz","g 55 amg","icev",2010,3
"mercedes-benz","g 55 amg","icev",2011,5
"mercedes-benz","g 550","icev",2009,3
"mercedes-benz","g 550","icev",2010,2
"mercedes-benz","g 550","icev",2011,4
"mercedes-benz","g 550","icev",2012,4
"mercedes-benz","g 550","icev",2013,10
"mercedes-benz","g 550","icev",2014,6
"mercedes-benz","g 550","icev",2015,7
"mercedes-benz","g 550","icev",2016,5
"mercedes-benz","g 550","icev",2017,3
"mercedes-benz","g 550","icev",2018,1
"mercedes-benz","g 550","icev",2019,2
"mercedes-benz","g 550","icev",2020,6
"mercedes-benz","g 550","icev",2021,7
"mercedes-benz","g 63 amg","icev",2013,5
"mercedes-benz","g 63 amg","icev",2014,6
"mercedes-benz","g 63 amg","icev",2015,6
"mercedes-benz","gl 450","icev",2007,294
"mercedes-benz","gl 450","icev",2008,168
"mercedes-benz","gl 450","icev",2009,75
"mercedes-benz","gl 450","icev",2010,123
"mercedes-benz","gl 450","icev",2011,162
"mercedes-benz","gl 450","icev",2012,171
"mercedes-benz","gl 450","icev",2013,131
"mercedes-benz","gl 450","icev",2014,80
"mercedes-benz","gl 450","icev",2015,67
"mercedes-benz","gl 450","icev",2016,34
"mercedes-benz","gl 550","icev",2008,66
"mercedes-benz","gl 550","icev",2009,29
"mercedes-benz","gl 550","icev",2010,29
"mercedes-benz","gl 550","icev",2011,36
"mercedes-benz","gl 550","icev",2012,24
"mercedes-benz","gl 550","icev",2013,46
"mercedes-benz","gl 550","icev",2014,17
"mercedes-benz","gl 550","icev",2015,27
"mercedes-benz","gl 550","icev",2016,5
"mercedes-benz","gl 63 amg","icev",2014,3
"mercedes-benz","gl 63 amg","icev",2015,2
"mercedes-benz","gla","icev",2015,122
"mercedes-benz","gla","icev",2016,51
"mercedes-benz","gla","icev",2017,55
"mercedes-benz","gla","icev",2018,104
"mercedes-benz","gla","icev",2019,42
"mercedes-benz","gla","icev",2020,19
"mercedes-benz","gla","icev",2021,35
"mercedes-benz","gla","icev",2022,6
"mercedes-benz","gla","icev",2023,1
"mercedes-benz","glb","icev",2020,32
"mercedes-benz","glb","icev",2021,39
"mercedes-benz","glb","icev",2022,11
"mercedes-benz","glc","icev",2016,120
"mercedes-benz","glc","icev",2017,151
"mercedes-benz","glc","icev",2018,223
"mercedes-benz","glc","icev",2019,175
"mercedes-benz","glc","icev",2020,89
"mercedes-benz","glc","icev",2021,97
"mercedes-benz","glc","icev",2022,71
"mercedes-benz","glc","icev",2024,4
"mercedes-benz","glc","phev",2018,1
"mercedes-benz","glc","phev",2019,4
"mercedes-benz","glc","phev",2020,1
"mercedes-benz","gle","hev",2016,1
"mercedes-benz","gle","icev",2016,233
"mercedes-benz","gle","icev",2017,218
"mercedes-benz","gle","icev",2018,191
"mercedes-benz","gle","icev",2019,40
"mercedes-benz","gle","icev",2020,190
"mercedes-benz","gle","icev",2021,115
"mercedes-benz","gle","icev",2022,54
"mercedes-benz","gle","icev",2024,3
"mercedes-benz","gle","phev",2018,2
"mercedes-benz","glk","icev",2010,373
"mercedes-benz","glk","icev",2011,232
"mercedes-benz","glk","icev",2012,247
"mercedes-benz","glk","icev",2013,294
"mercedes-benz","glk","icev",2014,170
"mercedes-benz","glk","icev",2015,153
"mercedes-benz","gls","icev",2017,126
"mercedes-benz","gls","icev",2018,77
"mercedes-benz","gls","icev",2019,48
"mercedes-benz","gls","icev",2020,52
"mercedes-benz","gls","icev",2021,25
"mercedes-benz","gls","icev",2022,23
"mercedes-benz","gls","icev",2024,3
"mercedes-benz","maybach s 600","icev",2016,1
"mercedes-benz","maybach s 650","icev",2019,1
"mercedes-benz","metris","icev",2016,22
"mercedes-benz","metris","icev",2017,3
"mercedes-benz","metris","icev",2018,8
"mercedes-benz","metris","icev",2019,8
"mercedes-benz","metris","icev",2020,1
"mercedes-benz","metris","icev",2021,2
"mercedes-benz","ml 320","icev",1998,130
"mercedes-benz","ml 320","icev",1999,175
"mercedes-benz","ml 320","icev",2000,194
"mercedes-benz","ml 320","icev",2001,187
"mercedes-benz","ml 320","icev",2002,203
"mercedes-benz","ml 320","icev",2003,48
"mercedes-benz","ml 350","icev",2003,102
"mercedes-benz","ml 350","icev",2004,78
"mercedes-benz","ml 350","icev",2005,81
"mercedes-benz","ml 350","icev",2006,238
"mercedes-benz","ml 350","icev",2007,231
"mercedes-benz","ml 350","icev",2008,274
"mercedes-benz","ml 350","icev",2009,235
"mercedes-benz","ml 350","icev",2010,275
"mercedes-benz","ml 350","icev",2011,323
"mercedes-benz","ml 350","icev",2012,377
"mercedes-benz","ml 350","icev",2013,356
"mercedes-benz","ml 350","icev",2014,205
"mercedes-benz","ml 350","icev",2015,195
"mercedes-benz","ml 400","icev",2015,23
"mercedes-benz","ml 430","icev",1999,66
"mercedes-benz","ml 430","icev",2000,72
"mercedes-benz","ml 430","icev",2001,37
"mercedes-benz","ml 450","hev",2010,6
"mercedes-benz","ml 450","hev",2011,1
"mercedes-benz","ml 500","icev",2002,70
"mercedes-benz","ml 500","icev",2003,42
"mercedes-benz","ml 500","icev",2004,17
"mercedes-benz","ml 500","icev",2005,33
"mercedes-benz","ml 500","icev",2006,75
"mercedes-benz","ml 500","icev",2007,24
"mercedes-benz","ml 55 amg","icev",2000,5
"mercedes-benz","ml 55 amg","icev",2001,7
"mercedes-benz","ml 55 amg","icev",2002,6
"mercedes-benz","ml 55 amg","icev",2003,1
"mercedes-benz","ml 550","icev",2008,35
"mercedes-benz","ml 550","icev",2009,17
"mercedes-benz","ml 550","icev",2010,9
"mercedes-benz","ml 550","icev",2011,9
"mercedes-benz","ml 550","icev",2012,6
"mercedes-benz","ml 550","icev",2013,15
"mercedes-benz","ml 550","icev",2014,12
"mercedes-benz","ml 63 amg","icev",2007,7
"mercedes-benz","ml 63 amg","icev",2008,14
"mercedes-benz","ml 63 amg","icev",2009,6
"mercedes-benz","ml 63 amg","icev",2010,3
"mercedes-benz","ml 63 amg","icev",2011,2
"mercedes-benz","ml 63 amg","icev",2012,2
"mercedes-benz","ml 63 amg","icev",2013,8
"mercedes-benz","ml 63 amg","icev",2014,1
"mercedes-benz","ml 63 amg","icev",2015,3
"mercedes-benz","r 350","icev",2006,104
"mercedes-benz","r 350","icev",2007,104
"mercedes-benz","r 350","icev",2008,118
"mercedes-benz","r 350","icev",2009,31
"mercedes-benz","r 350","icev",2010,20
"mercedes-benz","r 350","icev",2011,17
"mercedes-benz","r 350","icev",2012,10
"mercedes-benz","r 500","icev",2006,40
"mercedes-benz","r 500","icev",2007,4
"mercedes-benz","s 320","icev",1994,3
"mercedes-benz","s 320 lwb","icev",1995,18
"mercedes-benz","s 320 lwb","icev",1996,6
"mercedes-benz","s 320 lwb","icev",1997,8
"mercedes-benz","s 320 lwb","icev",1998,14
"mercedes-benz","s 320 lwb","icev",1999,16
"mercedes-benz","s 320 swb","icev",1995,5
"mercedes-benz","s 320 swb","icev",1996,15
"mercedes-benz","s 320 swb","icev",1997,12
"mercedes-benz","s 320 swb","icev",1998,5
"mercedes-benz","s 320 swb","icev",1999,17
"mercedes-benz","s 350","icev",2006,16
"mercedes-benz","s 400","hev",2010,14
"mercedes-benz","s 400","hev",2011,2
"mercedes-benz","s 420","icev",1994,16
"mercedes-benz","s 420","icev",1995,15
"mercedes-benz","s 420","icev",1996,13
"mercedes-benz","s 420","icev",1997,22
"mercedes-benz","s 420","icev",1998,16
"mercedes-benz","s 420","icev",1999,9
"mercedes-benz","s 430","icev",2000,95
"mercedes-benz","s 430","icev",2001,73
"mercedes-benz","s 430","icev",2002,94
"mercedes-benz","s 430","icev",2003,75
"mercedes-benz","s 430","icev",2004,60
"mercedes-benz","s 430","icev",2005,38
"mercedes-benz","s 430","icev",2006,53
"mercedes-benz","s 450","icev",2018,9
"mercedes-benz","s 450","icev",2019,5
"mercedes-benz","s 450","icev",2020,6
"mercedes-benz","s 500","icev",1994,10
"mercedes-benz","s 500","icev",1995,24
"mercedes-benz","s 500","icev",1996,7
"mercedes-benz","s 500","icev",1997,13
"mercedes-benz","s 500","icev",1998,8
"mercedes-benz","s 500","icev",1999,12
"mercedes-benz","s 500","icev",2000,97
"mercedes-benz","s 500","icev",2001,75
"mercedes-benz","s 500","icev",2002,58
"mercedes-benz","s 500","icev",2003,52
"mercedes-benz","s 500","icev",2004,43
"mercedes-benz","s 500","icev",2005,44
"mercedes-benz","s 500","icev",2006,36
"mercedes-benz","s 500","icev",2022,5
"mercedes-benz","s 55 amg","icev",2001,3
"mercedes-benz","s 55 amg","icev",2002,7
"mercedes-benz","s 55 amg","icev",2003,8
"mercedes-benz","s 55 amg","icev",2004,1
"mercedes-benz","s 55 amg","icev",2005,6
"mercedes-benz","s 55 amg","icev",2006,1
"mercedes-benz","s 550","icev",2007,338
"mercedes-benz","s 550","icev",2008,202
"mercedes-benz","s 550","icev",2009,82
"mercedes-benz","s 550","icev",2010,129
"mercedes-benz","s 550","icev",2011,86
"mercedes-benz","s 550","icev",2012,95
"mercedes-benz","s 550","icev",2013,113
"mercedes-benz","s 550","icev",2014,57
"mercedes-benz","s 550","icev",2015,107
"mercedes-benz","s 550","icev",2016,47
"mercedes-benz","s 550","icev",2017,44
"mercedes-benz","s 560","icev",2018,25
"mercedes-benz","s 560","icev",2019,18
"mercedes-benz","s 560","icev",2020,12
"mercedes-benz","s 560","icev",2021,2
"mercedes-benz","s 580","icev",2021,6
"mercedes-benz","s 580","icev",2022,6
"mercedes-benz","s 580","icev",2024,2
"mercedes-benz","s 600","icev",1994,1
"mercedes-benz","s 600","icev",1995,1
"mercedes-benz","s 600","icev",1996,4
"mercedes-benz","s 600","icev",1998,1
"mercedes-benz","s 600","icev",2001,10
"mercedes-benz","s 600","icev",2002,2
"mercedes-benz","s 600","icev",2003,6
"mercedes-benz","s 600","icev",2004,5
"mercedes-benz","s 600","icev",2005,2
"mercedes-benz","s 600","icev",2006,2
"mercedes-benz","s 600","icev",2007,23
"mercedes-benz","s 600","icev",2008,2
"mercedes-benz","s 600","icev",2009,1
"mercedes-benz","s 600","icev",2011,1
"mercedes-benz","s 600","icev",2012,1
"mercedes-benz","s 600","icev",2016,4
"mercedes-benz","s 63 amg","icev",2008,15
"mercedes-benz","s 63 amg","icev",2009,11
"mercedes-benz","s 63 amg","icev",2010,6
"mercedes-benz","s 63 amg","icev",2011,6
"mercedes-benz","s 63 amg","icev",2012,5
"mercedes-benz","s 63 amg","icev",2013,3
"mercedes-benz","s 63 amg","icev",2014,3
"mercedes-benz","s 63 amg","icev",2015,8
"mercedes-benz","s 65 amg","icev",2006,1
"mercedes-benz","s 65 amg","icev",2007,7
"mercedes-benz","s 65 amg","icev",2008,2
"mercedes-benz","s 65 amg","icev",2009,1
"mercedes-benz","s 65 amg","icev",2010,1
"mercedes-benz","s 65 amg","icev",2011,1
"mercedes-benz","s 65 amg","icev",2015,5
"mercedes-benz","s-class","icev",2011,4
"mercedes-benz","s-class","icev",2012,19
"mercedes-benz","s-class","icev",2013,1
"mercedes-benz","s-class","icev",2014,1
"mercedes-benz","sl 320","icev",1994,4
"mercedes-benz","sl 320","icev",1995,12
"mercedes-benz","sl 320","icev",1996,8
"mercedes-benz","sl 320","icev",1997,7
"mercedes-benz","sl 400","icev",2015,13
"mercedes-benz","sl 400","icev",2016,4
"mercedes-benz","sl 450","icev",2017,8
"mercedes-benz","sl 450","icev",2018,3
"mercedes-benz","sl 450","icev",2020,2
"mercedes-benz","sl 500","icev",1994,10
"mercedes-benz","sl 500","icev",1995,19
"mercedes-benz","sl 500","icev",1996,17
"mercedes-benz","sl 500","icev",1997,27
"mercedes-benz","sl 500","icev",1999,51
"mercedes-benz","sl 500","icev",2000,43
"mercedes-benz","sl 500","icev",2001,29
"mercedes-benz","sl 500","icev",2002,18
"mercedes-benz","sl 500","icev",2003,113
"mercedes-benz","sl 500","icev",2004,59
"mercedes-benz","sl 500","icev",2005,58
"mercedes-benz","sl 500","icev",2006,50
"mercedes-benz","sl 500 sl1 sport","icev",1998,45
"mercedes-benz","sl 55 amg","icev",2003,21
"mercedes-benz","sl 55 amg","icev",2004,10
"mercedes-benz","sl 55 amg","icev",2005,7
"mercedes-benz","sl 55 amg","icev",2006,8
"mercedes-benz","sl 55 amg","icev",2007,10
"mercedes-benz","sl 550","icev",2007,82
"mercedes-benz","sl 550","icev",2008,39
"mercedes-benz","sl 550","icev",2009,63
"mercedes-benz","sl 550","icev",2011,31
"mercedes-benz","sl 550","icev",2012,4
"mercedes-benz","sl 550","icev",2013,83
"mercedes-benz","sl 550","icev",2014,28
"mercedes-benz","sl 550","icev",2015,12
"mercedes-benz","sl 550","icev",2016,8
"mercedes-benz","sl 550","icev",2017,10
"mercedes-benz","sl 550","icev",2018,6
"mercedes-benz","sl 550","icev",2019,6
"mercedes-benz","sl 550","icev",2020,1
"mercedes-benz","sl 600","icev",1994,5
"mercedes-benz","sl 600","icev",1995,8
"mercedes-benz","sl 600","icev",1996,1
"mercedes-benz","sl 600","icev",1997,3
"mercedes-benz","sl 600","icev",1999,3
"mercedes-benz","sl 600","icev",2000,4
"mercedes-benz","sl 600","icev",2002,3
"mercedes-benz","sl 600","icev",2004,6
"mercedes-benz","sl 600","icev",2005,4
"mercedes-benz","sl 600","icev",2007,2
"mercedes-benz","sl 600","icev",2009,2
"mercedes-benz","sl 600 sl1 sport","icev",1998,5
"mercedes-benz","sl 63 amg","icev",2009,18
"mercedes-benz","sl 63 amg","icev",2011,5
"mercedes-benz","sl 63 amg","icev",2013,13
"mercedes-benz","sl 63 amg","icev",2014,2
"mercedes-benz","sl 63 amg","icev",2015,1
"mercedes-benz","sl 65 amg","icev",2005,3
"mercedes-benz","sl 65 amg","icev",2006,4
"mercedes-benz","sl 65 amg","icev",2007,1
"mercedes-benz","sl 65 amg","icev",2013,1
"mercedes-benz","slc","icev",2017,16
"mercedes-benz","slc","icev",2018,8
"mercedes-benz","slc","icev",2019,7
"mercedes-benz","slc","icev",2020,3
"mercedes-benz","slk","icev",1998,62
"mercedes-benz","slk","icev",1999,78
"mercedes-benz","slk","icev",2000,28
"mercedes-benz","slk","icev",2001,99
"mercedes-benz","slk","icev",2002,69
"mercedes-benz","slk","icev",2003,50
"mercedes-benz","slk","icev",2004,24
"mercedes-benz","slk","icev",2005,80
"mercedes-benz","slk","icev",2006,129
"mercedes-benz","slk","icev",2007,80
"mercedes-benz","slk","icev",2008,45
"mercedes-benz","slk","icev",2009,48
"mercedes-benz","slk","icev",2010,11
"mercedes-benz","slk","icev",2011,15
"mercedes-benz","slk","icev",2012,42
"mercedes-benz","slk","icev",2013,37
"mercedes-benz","slk","icev",2014,33
"mercedes-benz","slk","icev",2015,22
"mercedes-benz","slk","icev",2016,14
"mercedes-benz","slr mclaren","icev",2005,1
"mercedes-benz","slr mclaren","icev",2006,1
"mercedes-benz","slr mclaren","icev",2008,1
"mercedes-benz","sls amg","icev",2012,1
"mercedes-benz","sprinter cargo","icev",2021,2
"mercedes-benz","sprinter crew","icev",2019,2
"mercedes-benz","sprinter passenger","icev",2019,1
"mercury","capri","icev",1981,3
"mercury","capri","icev",1982,10
"mercury","capri","icev",1983,5
"mercury","capri","icev",1984,10
"mercury","capri","icev",1985,8
"mercury","capri","icev",1986,13
"mercury","capri","icev",1991,86
"mercury","capri","icev",1992,24
"mercury","capri","icev",1993,20
"mercury","capri","icev",1994,18
"mercury","cougar","icev",1981,7
"mercury","cougar","icev",1982,7
"mercury","cougar","icev",1983,20
"mercury","cougar","icev",1984,28
"mercury","cougar","icev",1985,44
"mercury","cougar","icev",1986,75
"mercury","cougar","icev",1987,66
"mercury","cougar","icev",1988,103
"mercury","cougar","icev",1989,106
"mercury","cougar","icev",1990,94
"mercury","cougar","icev",1991,99
"mercury","cougar","icev",1992,86
"mercury","cougar","icev",1993,171
"mercury","cougar","icev",1994,190
"mercury","cougar","icev",1995,180
"mercury","cougar","icev",1996,136
"mercury","cougar","icev",1997,178
"mercury","cougar","icev",1999,399
"mercury","cougar","icev",2000,274
"mercury","cougar","icev",2001,183
"mercury","cougar","icev",2002,175
"mercury","grand marquis","icev",1981,4
"mercury","grand marquis","icev",1982,8
"mercury","grand marquis","icev",1983,32
"mercury","grand marquis","icev",1984,76
"mercury","grand marquis","icev",1985,94
"mercury","grand marquis","icev",1986,103
"mercury","grand marquis","icev",1987,112
"mercury","grand marquis","icev",1988,142
"mercury","grand marquis","icev",1989,210
"mercury","grand marquis","icev",1990,99
"mercury","grand marquis","icev",1991,117
"mercury","grand marquis","icev",1992,331
"mercury","grand marquis","icev",1993,257
"mercury","grand marquis","icev",1994,277
"mercury","grand marquis","icev",1995,307
"mercury","grand marquis","icev",1996,297
"mercury","grand marquis","icev",1997,519
"mercury","grand marquis","icev",1998,346
"mercury","grand marquis","icev",1999,558
"mercury","grand marquis","icev",2000,723
"mercury","grand marquis","icev",2001,640
"mercury","grand marquis","icev",2002,409
"mercury","grand marquis","icev",2003,675
"mercury","grand marquis","icev",2004,596
"mercury","grand marquis","icev",2005,476
"mercury","grand marquis","icev",2006,319
"mercury","grand marquis","icev",2007,271
"mercury","grand marquis","icev",2008,309
"mercury","grand marquis","icev",2009,126
"mercury","grand marquis","icev",2010,126
"mercury","grand marquis","icev",2011,32
"mercury","ln7","icev",1982,2
"mercury","ln7","icev",1983,1
"mercury","lynx","icev",1981,5
"mercury","lynx","icev",1982,3
"mercury","lynx","icev",1983,6
"mercury","lynx","icev",1984,8
"mercury","lynx","icev",1985,3
"mercury","lynx","icev",1986,16
"mercury","lynx","icev",1987,17
"mercury","lynx ln7","icev",1982,1
"mercury","marauder","icev",2003,60
"mercury","marauder","icev",2004,20
"mercury","mariner","hev",2006,17
"mercury","mariner","hev",2007,21
"mercury","mariner","hev",2008,50
"mercury","mariner","hev",2009,37
"mercury","mariner","hev",2010,14
"mercury","mariner","icev",2005,265
"mercury","mariner","icev",2006,227
"mercury","mariner","icev",2007,175
"mercury","mariner","icev",2008,514
"mercury","mariner","icev",2009,262
"mercury","mariner","icev",2010,361
"mercury","mariner","icev",2011,100
"mercury","marquis","icev",1981,5
"mercury","marquis","icev",1982,4
"mercury","marquis","icev",1983,19
"mercury","marquis","icev",1984,41
"mercury","marquis","icev",1985,33
"mercury","marquis","icev",1986,18
"mercury","milan","hev",2010,23
"mercury","milan","hev",2011,3
"mercury","milan","icev",2006,253
"mercury","milan","icev",2007,322
"mercury","milan","icev",2008,314
"mercury","milan","icev",2009,201
"mercury","milan","icev",2010,393
"mercury","milan","icev",2011,72
"mercury","montego","icev",2005,243
"mercury","montego","icev",2006,176
"mercury","montego","icev",2007,133
"mercury","monterey","icev",2004,161
"mercury","monterey","icev",2005,57
"mercury","monterey","icev",2006,29
"mercury","monterey","icev",2007,13
"mercury","mountaineer","icev",1997,271
"mercury","mountaineer","icev",1998,233
"mercury","mountaineer","icev",1999,227
"mercury","mountaineer","icev",2000,324
"mercury","mountaineer","icev",2001,112
"mercury","mountaineer","icev",2002,632
"mercury","mountaineer","icev",2003,351
"mercury","mountaineer","icev",2004,375
"mercury","mountaineer","icev",2005,240
"mercury","mountaineer","icev",2006,268
"mercury","mountaineer","icev",2007,227
"mercury","mountaineer","icev",2008,187
"mercury","mountaineer","icev",2009,27
"mercury","mountaineer","icev",2010,75
"mercury","mystique","icev",1995,164
"mercury","mystique","icev",1996,152
"mercury","mystique","icev",1997,73
"mercury","mystique","icev",1998,236
"mercury","mystique","icev",1999,178
"mercury","mystique","icev",2000,108
"mercury","sable","icev",1986,36
"mercury","sable","icev",1987,71
"mercury","sable","icev",1988,74
"mercury","sable","icev",1989,97
"mercury","sable","icev",1990,107
"mercury","sable","icev",1991,147
"mercury","sable","icev",1992,244
"mercury","sable","icev",1993,299
"mercury","sable","icev",1994,258
"mercury","sable","icev",1995,258
"mercury","sable","icev",1996,410
"mercury","sable","icev",1997,474
"mercury","sable","icev",1998,338
"mercury","sable","icev",1999,550
"mercury","sable","icev",2000,524
"mercury","sable","icev",2001,651
"mercury","sable","icev",2002,763
"mercury","sable","icev",2003,483
"mercury","sable","icev",2004,289
"mercury","sable","icev",2005,247
"mercury","sable","icev",2008,260
"mercury","sable","icev",2009,63
"mercury","topaz","icev",1984,22
"mercury","topaz","icev",1985,16
"mercury","topaz","icev",1986,27
"mercury","topaz","icev",1987,24
"mercury","topaz","icev",1988,51
"mercury","topaz","icev",1989,80
"mercury","topaz","icev",1990,79
"mercury","topaz","icev",1991,75
"mercury","topaz","icev",1992,111
"mercury","topaz","icev",1993,150
"mercury","topaz","icev",1994,132
"mercury","tracer","icev",1988,67
"mercury","tracer","icev",1989,49
"mercury","tracer","icev",1991,89
"mercury","tracer","icev",1992,35
"mercury","tracer","icev",1993,160
"mercury","tracer","icev",1994,100
"mercury","tracer","icev",1995,146
"mercury","tracer","icev",1996,34
"mercury","tracer","icev",1997,194
"mercury","tracer","icev",1998,141
"mercury","tracer","icev",1999,133
"mercury","villager","icev",1993,270
"mercury","villager","icev",1994,174
"mercury","villager","icev",1995,262
"mercury","villager","icev",1996,196
"mercury","villager","icev",1997,258
"mercury","villager","icev",1998,187
"mercury","villager","icev",1999,275
"mercury","villager","icev",2000,205
"mercury","villager","icev",2001,150
"mercury","villager","icev",2002,120
"mercury","zephyr","icev",1981,4
"mercury","zephyr","icev",1982,6
"mercury","zephyr","icev",1983,5
"merkur","scorpio","icev",1988,7
"merkur","scorpio","icev",1989,4
"merkur","xr4ti","icev",1985,7
"merkur","xr4ti","icev",1986,8
"merkur","xr4ti","icev",1987,3
"merkur","xr4ti","icev",1988,10
"merkur","xr4ti","icev",1989,4
"mini","clubman","icev",2013,6
"mini","clubman","icev",2016,28
"mini","clubman","icev",2017,33
"mini","clubman","icev",2018,3
"mini","clubman","icev",2019,4
"mini","clubman","icev",2020,9
"mini","clubman","icev",2021,1
"mini","clubman","icev",2022,1
"mini","cooper","icev",2002,140
"mini","cooper","icev",2003,250
"mini","cooper","icev",2004,235
"mini","cooper","icev",2005,384
"mini","cooper","icev",2006,406
"mini","cooper","icev",2007,303
"mini","cooper","icev",2008,215
"mini","cooper","icev",2009,245
"mini","cooper","icev",2010,209
"mini","cooper","icev",2011,333
"mini","cooper","icev",2012,354
"mini","cooper","icev",2013,166
"mini","cooper","icev",2014,9
"mini","cooper","icev",2015,8
"mini","cooper clubman","icev",2008,46
"mini","cooper clubman","icev",2009,103
"mini","cooper clubman","icev",2010,48
"mini","cooper clubman","icev",2011,76
"mini","cooper clubman","icev",2012,68
"mini","cooper clubman","icev",2013,14
"mini","cooper clubman","icev",2014,15
"mini","cooper countryman","icev",2011,127
"mini","cooper countryman","icev",2012,243
"mini","cooper countryman","icev",2013,89
"mini","cooper countryman","icev",2014,57
"mini","cooper hardtop","icev",2012,19
"mini","cooper hardtop","icev",2014,36
"mini","cooper roadster","icev",2012,15
"mini","cooper roadster","icev",2013,21
"mini","cooper roadster","icev",2014,5
"mini","countryman","icev",2013,11
"mini","countryman","icev",2014,30
"mini","countryman","icev",2015,80
"mini","countryman","icev",2016,66
"mini","countryman","icev",2017,32
"mini","countryman","icev",2018,38
"mini","countryman","icev",2019,42
"mini","countryman","icev",2020,26
"mini","countryman","icev",2021,9
"mini","countryman","icev",2022,7
"mini","countryman","icev",2024,2
"mini","countryman plug-in","phev",2018,2
"mini","countryman plug-in","phev",2019,8
"mini","hardtop","icev",2013,26
"mini","hardtop","icev",2014,11
"mini","hardtop","icev",2015,115
"mini","hardtop","icev",2016,58
"mini","hardtop","icev",2017,19
"mini","hardtop 2","bev",2021,2
"mini","hardtop 2","icev",2015,24
"mini","hardtop 2","icev",2016,21
"mini","hardtop 2","icev",2017,22
"mini","hardtop 2","icev",2018,12
"mini","hardtop 2","icev",2019,29
"mini","hardtop 2","icev",2020,16
"mini","hardtop 2","icev",2021,4
"mini","hardtop 2","icev",2022,8
"mini","hardtop 4","icev",2015,16
"mini","hardtop 4","icev",2016,18
"mini","hardtop 4","icev",2017,29
"mini","hardtop 4","icev",2018,24
"mini","hardtop 4","icev",2019,18
"mini","hardtop 4","icev",2020,5
"mini","hardtop 4","icev",2021,2
"mini","hardtop 4","icev",2022,4
"mini","paceman","icev",2013,12
"mini","paceman","icev",2014,9
"mini","paceman","icev",2015,10
"mini","roadster","icev",2013,2
"mini","roadster","icev",2014,2
"mini","roadster","icev",2015,8
"mitsubishi","3000gt","icev",1991,29
"mitsubishi","3000gt","icev",1992,37
"mitsubishi","3000gt","icev",1993,45
"mitsubishi","3000gt","icev",1994,61
"mitsubishi","3000gt","icev",1995,61
"mitsubishi","3000gt","icev",1996,20
"mitsubishi","3000gt","icev",1997,32
"mitsubishi","3000gt","icev",1998,27
"mitsubishi","3000gt","icev",1999,17
"mitsubishi","cordia","icev",1983,1
"mitsubishi","cordia","icev",1984,2
"mitsubishi","cordia","icev",1985,2
"mitsubishi","cordia","icev",1986,1
"mitsubishi","cordia","icev",1988,2
"mitsubishi","diamante","icev",1992,61
"mitsubishi","diamante","icev",1993,58
"mitsubishi","diamante","icev",1994,45
"mitsubishi","diamante","icev",1995,37
"mitsubishi","diamante","icev",1997,42
"mitsubishi","diamante","icev",1998,39
"mitsubishi","diamante","icev",1999,34
"mitsubishi","diamante","icev",2000,56
"mitsubishi","diamante","icev",2001,92
"mitsubishi","diamante","icev",2002,122
"mitsubishi","diamante","icev",2003,81
"mitsubishi","diamante","icev",2004,26
"mitsubishi","eclipse","icev",1990,53
"mitsubishi","eclipse","icev",1991,82
"mitsubishi","eclipse","icev",1992,73
"mitsubishi","eclipse","icev",1993,80
"mitsubishi","eclipse","icev",1994,75
"mitsubishi","eclipse","icev",1995,152
"mitsubishi","eclipse","icev",1996,117
"mitsubishi","eclipse","icev",1997,173
"mitsubishi","eclipse","icev",1998,147
"mitsubishi","eclipse","icev",1999,162
"mitsubishi","eclipse","icev",2000,295
"mitsubishi","eclipse","icev",2001,263
"mitsubishi","eclipse","icev",2002,178
"mitsubishi","eclipse","icev",2003,382
"mitsubishi","eclipse","icev",2004,64
"mitsubishi","eclipse","icev",2005,31
"mitsubishi","eclipse","icev",2006,159
"mitsubishi","eclipse","icev",2007,163
"mitsubishi","eclipse","icev",2008,102
"mitsubishi","eclipse","icev",2009,72
"mitsubishi","eclipse","icev",2010,5
"mitsubishi","eclipse","icev",2011,31
"mitsubishi","eclipse","icev",2012,16
"mitsubishi","eclipse cross","icev",2018,32
"mitsubishi","eclipse cross","icev",2019,26
"mitsubishi","eclipse cross","icev",2020,37
"mitsubishi","eclipse cross","icev",2022,18
"mitsubishi","eclipse spyder","icev",1996,15
"mitsubishi","eclipse spyder","icev",1997,46
"mitsubishi","eclipse spyder","icev",1998,31
"mitsubishi","eclipse spyder","icev",1999,46
"mitsubishi","eclipse spyder","icev",2001,142
"mitsubishi","eclipse spyder","icev",2002,46
"mitsubishi","eclipse spyder","icev",2003,157
"mitsubishi","eclipse spyder","icev",2004,40
"mitsubishi","eclipse spyder","icev",2005,27
"mitsubishi","eclipse spyder","icev",2007,90
"mitsubishi","eclipse spyder","icev",2008,49
"mitsubishi","eclipse spyder","icev",2009,32
"mitsubishi","eclipse spyder","icev",2010,3
"mitsubishi","eclipse spyder","icev",2011,19
"mitsubishi","eclipse spyder","icev",2012,16
"mitsubishi","endeavor","icev",2004,349
"mitsubishi","endeavor","icev",2005,122
"mitsubishi","endeavor","icev",2006,110
"mitsubishi","endeavor","icev",2007,75
"mitsubishi","endeavor","icev",2008,66
"mitsubishi","endeavor","icev",2010,32
"mitsubishi","endeavor","icev",2011,67
"mitsubishi","expo","icev",1992,37
"mitsubishi","expo","icev",1993,22
"mitsubishi","expo","icev",1994,20
"mitsubishi","expo","icev",1995,12
"mitsubishi","galant","icev",1985,1
"mitsubishi","galant","icev",1986,6
"mitsubishi","galant","icev",1987,2
"mitsubishi","galant","icev",1988,8
"mitsubishi","galant","icev",1989,20
"mitsubishi","galant","icev",1990,64
"mitsubishi","galant","icev",1991,67
"mitsubishi","galant","icev",1992,54
"mitsubishi","galant","icev",1993,20
"mitsubishi","galant","icev",1994,98
"mitsubishi","galant","icev",1995,160
"mitsubishi","galant","icev",1996,122
"mitsubishi","galant","icev",1997,130
"mitsubishi","galant","icev",1998,86
"mitsubishi","galant","icev",1999,214
"mitsubishi","galant","icev",2000,395
"mitsubishi","galant","icev",2001,560
"mitsubishi","galant","icev",2002,487
"mitsubishi","galant","icev",2003,535
"mitsubishi","galant","icev",2004,209
"mitsubishi","galant","icev",2005,149
"mitsubishi","galant","icev",2006,158
"mitsubishi","galant","icev",2007,170
"mitsubishi","galant","icev",2008,78
"mitsubishi","galant","icev",2009,173
"mitsubishi","galant","icev",2010,77
"mitsubishi","galant","icev",2011,71
"mitsubishi","galant","icev",2012,108
"mitsubishi","i-miev","bev",2012,1
"mitsubishi","lancer","icev",2002,370
"mitsubishi","lancer","icev",2003,346
"mitsubishi","lancer","icev",2004,142
"mitsubishi","lancer","icev",2005,113
"mitsubishi","lancer","icev",2006,136
"mitsubishi","lancer","icev",2007,11
"mitsubishi","lancer","icev",2008,198
"mitsubishi","lancer","icev",2009,232
"mitsubishi","lancer","icev",2010,134
"mitsubishi","lancer","icev",2011,118
"mitsubishi","lancer","icev",2012,75
"mitsubishi","lancer","icev",2013,48
"mitsubishi","lancer","icev",2014,74
"mitsubishi","lancer","icev",2015,67
"mitsubishi","lancer","icev",2016,35
"mitsubishi","lancer","icev",2017,36
"mitsubishi","lancer evolution","icev",2003,49
"mitsubishi","lancer evolution","icev",2004,10
"mitsubishi","lancer evolution","icev",2005,28
"mitsubishi","lancer evolution","icev",2006,38
"mitsubishi","lancer evolution","icev",2008,31
"mitsubishi","lancer evolution","icev",2010,14
"mitsubishi","lancer evolution","icev",2011,14
"mitsubishi","lancer evolution","icev",2012,10
"mitsubishi","lancer evolution","icev",2013,14
"mitsubishi","lancer evolution","icev",2014,20
"mitsubishi","lancer evolution","icev",2015,12
"mitsubishi","lancer sportback","icev",2004,18
"mitsubishi","lancer sportback","icev",2010,24
"mitsubishi","lancer sportback","icev",2011,7
"mitsubishi","lancer sportback","icev",2012,2
"mitsubishi","lancer sportback","icev",2013,1
"mitsubishi","lancer sportback","icev",2014,1
"mitsubishi","mighty max","icev",1986,7
"mitsubishi","mighty max","icev",1987,17
"mitsubishi","mighty max","icev",1988,45
"mitsubishi","mighty max","icev",1989,26
"mitsubishi","mighty max","icev",1990,36
"mitsubishi","mighty max","icev",1991,36
"mitsubishi","mighty max","icev",1992,41
"mitsubishi","mighty max","icev",1993,23
"mitsubishi","mighty max","icev",1994,39
"mitsubishi","mighty max","icev",1995,28
"mitsubishi","mighty max","icev",1996,1
"mitsubishi","mirage","icev",1985,2
"mitsubishi","mirage","icev",1986,4
"mitsubishi","mirage","icev",1987,5
"mitsubishi","mirage","icev",1988,1
"mitsubishi","mirage","icev",1989,12
"mitsubishi","mirage","icev",1990,43
"mitsubishi","mirage","icev",1991,54
"mitsubishi","mirage","icev",1992,35
"mitsubishi","mirage","icev",1993,35
"mitsubishi","mirage","icev",1994,43
"mitsubishi","mirage","icev",1995,105
"mitsubishi","mirage","icev",1996,38
"mitsubishi","mirage","icev",1997,94
"mitsubishi","mirage","icev",1998,91
"mitsubishi","mirage","icev",1999,125
"mitsubishi","mirage","icev",2000,191
"mitsubishi","mirage","icev",2001,166
"mitsubishi","mirage","icev",2002,29
"mitsubishi","mirage","icev",2014,79
"mitsubishi","mirage","icev",2015,150
"mitsubishi","mirage","icev",2017,57
"mitsubishi","mirage","icev",2018,42
"mitsubishi","mirage","icev",2019,45
"mitsubishi","mirage","icev",2020,17
"mitsubishi","mirage","icev",2021,19
"mitsubishi","mirage","icev",2022,2
"mitsubishi","mirage g4","icev",2017,55
"mitsubishi","mirage g4","icev",2018,37
"mitsubishi","mirage g4","icev",2019,40
"mitsubishi","mirage g4","icev",2020,41
"mitsubishi","mirage g4","icev",2021,10
"mitsubishi","mirage g4","icev",2022,11
"mitsubishi","montero","icev",1984,2
"mitsubishi","montero","icev",1986,1
"mitsubishi","montero","icev",1987,14
"mitsubishi","montero","icev",1988,16
"mitsubishi","montero","icev",1989,18
"mitsubishi","montero","icev",1990,44
"mitsubishi","montero","icev",1991,32
"mitsubishi","montero","icev",1992,14
"mitsubishi","montero","icev",1993,11
"mitsubishi","montero","icev",1994,31
"mitsubishi","montero","icev",1995,68
"mitsubishi","montero","icev",1996,11
"mitsubishi","montero","icev",1997,36
"mitsubishi","montero","icev",1998,21
"mitsubishi","montero","icev",1999,12
"mitsubishi","montero","icev",2000,17
"mitsubishi","montero","icev",2001,211
"mitsubishi","montero","icev",2002,161
"mitsubishi","montero","icev",2003,100
"mitsubishi","montero","icev",2004,30
"mitsubishi","montero","icev",2005,25
"mitsubishi","montero","icev",2006,9
"mitsubishi","montero sport","icev",1997,74
"mitsubishi","montero sport","icev",1998,134
"mitsubishi","montero sport","icev",1999,135
"mitsubishi","montero sport","icev",2000,369
"mitsubishi","montero sport","icev",2001,353
"mitsubishi","montero sport","icev",2002,325
"mitsubishi","montero sport","icev",2003,201
"mitsubishi","montero sport","icev",2004,28
"mitsubishi","outlander","icev",2003,273
"mitsubishi","outlander","icev",2004,116
"mitsubishi","outlander","icev",2005,64
"mitsubishi","outlander","icev",2006,73
"mitsubishi","outlander","icev",2007,264
"mitsubishi","outlander","icev",2008,95
"mitsubishi","outlander","icev",2009,106
"mitsubishi","outlander","icev",2010,116
"mitsubishi","outlander","icev",2011,80
"mitsubishi","outlander","icev",2012,68
"mitsubishi","outlander","icev",2013,30
"mitsubishi","outlander","icev",2014,94
"mitsubishi","outlander","icev",2015,64
"mitsubishi","outlander","icev",2016,183
"mitsubishi","outlander","icev",2017,126
"mitsubishi","outlander","icev",2018,113
"mitsubishi","outlander","icev",2019,92
"mitsubishi","outlander","icev",2020,65
"mitsubishi","outlander","icev",2022,83
"mitsubishi","outlander","icev",2024,1
"mitsubishi","outlander phev","phev",2018,24
"mitsubishi","outlander phev","phev",2019,3
"mitsubishi","outlander phev","phev",2020,2
"mitsubishi","outlander phev","phev",2022,1
"mitsubishi","outlander sport","icev",2011,149
"mitsubishi","outlander sport","icev",2012,86
"mitsubishi","outlander sport","icev",2013,153
"mitsubishi","outlander sport","icev",2014,154
"mitsubishi","outlander sport","icev",2015,255
"mitsubishi","outlander sport","icev",2016,81
"mitsubishi","outlander sport","icev",2017,103
"mitsubishi","outlander sport","icev",2018,123
"mitsubishi","outlander sport","icev",2019,68
"mitsubishi","outlander sport","icev",2020,66
"mitsubishi","outlander sport","icev",2021,60
"mitsubishi","outlander sport","icev",2022,15
"mitsubishi","outlander sport","icev",2023,1
"mitsubishi","outlander sport","icev",2024,1
"mitsubishi","precis","icev",1988,2
"mitsubishi","precis","icev",1989,7
"mitsubishi","precis","icev",1990,5
"mitsubishi","precis","icev",1991,2
"mitsubishi","precis","icev",1992,4
"mitsubishi","raider","icev",2006,69
"mitsubishi","raider","icev",2007,59
"mitsubishi","raider","icev",2008,25
"mitsubishi","raider","icev",2009,1
"mitsubishi","sigma","icev",1989,3
"mitsubishi","sigma","icev",1990,3
"mitsubishi","starion","icev",1983,3
"mitsubishi","starion","icev",1985,2
"mitsubishi","starion","icev",1986,1
"mitsubishi","starion","icev",1987,5
"mitsubishi","starion","icev",1988,5
"mitsubishi","starion","icev",1989,1
"mitsubishi","tredia","icev",1987,1
"mitsubishi","tredia","icev",1988,1
"mitsubishi","truck","icev",1983,1
"mitsubishi","truck","icev",1984,3
"mitsubishi","truck","icev",1985,12
"mitsubishi","van","icev",1987,5
"mitsubishi","van","icev",1988,6
"mitsubishi","van","icev",1990,2
"nissan","200sx","icev",1984,18
"nissan","200sx","icev",1985,28
"nissan","200sx","icev",1986,17
"nissan","200sx","icev",1987,17
"nissan","200sx","icev",1988,6
"nissan","200sx","icev",1995,96
"nissan","200sx","icev",1996,82
"nissan","200sx","icev",1997,75
"nissan","200sx","icev",1998,77
"nissan","240sx","icev",1989,86
"nissan","240sx","icev",1990,88
"nissan","240sx","icev",1991,86
"nissan","240sx","icev",1992,67
"nissan","240sx","icev",1993,95
"nissan","240sx","icev",1994,3
"nissan","240sx","icev",1995,72
"nissan","240sx","icev",1996,31
"nissan","240sx","icev",1997,21
"nissan","240sx","icev",1998,11
"nissan","300zx","icev",1984,51
"nissan","300zx","icev",1985,79
"nissan","300zx","icev",1986,91
"nissan","300zx","icev",1987,61
"nissan","300zx","icev",1988,47
"nissan","300zx","icev",1989,8
"nissan","300zx","icev",1990,124
"nissan","300zx","icev",1991,56
"nissan","300zx","icev",1992,20
"nissan","300zx","icev",1993,45
"nissan","300zx","icev",1994,16
"nissan","300zx","icev",1995,19
"nissan","300zx","icev",1996,17
"nissan","350z","icev",2003,231
"nissan","350z","icev",2004,247
"nissan","350z","icev",2005,179
"nissan","350z","icev",2006,199
"nissan","350z","icev",2007,114
"nissan","350z","icev",2008,78
"nissan","350z","icev",2009,2
"nissan","370z","icev",2009,87
"nissan","370z","icev",2010,98
"nissan","370z","icev",2011,41
"nissan","370z","icev",2012,55
"nissan","370z","icev",2013,61
"nissan","370z","icev",2014,46
"nissan","370z","icev",2015,23
"nissan","370z","icev",2016,38
"nissan","370z","icev",2017,32
"nissan","370z","icev",2018,9
"nissan","370z","icev",2019,6
"nissan","370z","icev",2020,15
"nissan","altima","hev",2007,26
"nissan","altima","hev",2008,85
"nissan","altima","hev",2009,78
"nissan","altima","hev",2010,39
"nissan","altima","hev",2011,23
"nissan","altima","icev",1993,281
"nissan","altima","icev",1994,365
"nissan","altima","icev",1995,417
"nissan","altima","icev",1996,266
"nissan","altima","icev",1997,563
"nissan","altima","icev",1998,561
"nissan","altima","icev",1999,663
"nissan","altima","icev",2000,623
"nissan","altima","icev",2001,780
"nissan","altima","icev",2002,1182
"nissan","altima","icev",2003,1469
"nissan","altima","icev",2004,554
"nissan","altima","icev",2005,2341
"nissan","altima","icev",2006,1970
"nissan","altima","icev",2007,1380
"nissan","altima","icev",2008,2249
"nissan","altima","icev",2009,1771
"nissan","altima","icev",2010,1734
"nissan","altima","icev",2011,1294
"nissan","altima","icev",2012,2036
"nissan","altima","icev",2013,3052
"nissan","altima","icev",2014,1080
"nissan","altima","icev",2015,1636
"nissan","altima","icev",2016,1042
"nissan","altima","icev",2017,1234
"nissan","altima","icev",2018,624
"nissan","altima","icev",2019,495
"nissan","altima","icev",2020,443
"nissan","altima","icev",2021,206
"nissan","altima","icev",2022,126
"nissan","altima","icev",2023,2
"nissan","altima","icev",2024,14
"nissan","ariya","bev",2023,3
"nissan","armada","icev",2004,266
"nissan","armada","icev",2005,243
"nissan","armada","icev",2006,196
"nissan","armada","icev",2007,169
"nissan","armada","icev",2008,252
"nissan","armada","icev",2009,69
"nissan","armada","icev",2010,200
"nissan","armada","icev",2011,272
"nissan","armada","icev",2012,234
"nissan","armada","icev",2013,122
"nissan","armada","icev",2014,107
"nissan","armada","icev",2015,131
"nissan","armada","icev",2017,182
"nissan","armada","icev",2018,180
"nissan","armada","icev",2019,152
"nissan","armada","icev",2020,118
"nissan","armada","icev",2021,31
"nissan","armada","icev",2022,29
"nissan","armada","icev",2023,2
"nissan","armada","icev",2024,1
"nissan","axxess","icev",1990,26
"nissan","cube","icev",2009,228
"nissan","cube","icev",2010,144
"nissan","cube","icev",2011,90
"nissan","cube","icev",2012,36
"nissan","cube","icev",2013,29
"nissan","cube","icev",2014,20
"nissan","frontier","icev",1998,357
"nissan","frontier","icev",1999,213
"nissan","frontier","icev",2000,677
"nissan","frontier","icev",2001,582
"nissan","frontier","icev",2002,521
"nissan","frontier","icev",2003,411
"nissan","frontier","icev",2004,442
"nissan","frontier","icev",2005,418
"nissan","frontier","icev",2006,500
"nissan","frontier","icev",2007,481
"nissan","frontier","icev",2008,383
"nissan","frontier","icev",2009,211
"nissan","frontier","icev",2010,392
"nissan","frontier","icev",2011,421
"nissan","frontier","icev",2012,643
"nissan","frontier","icev",2013,466
"nissan","frontier","icev",2014,271
"nissan","frontier","icev",2015,248
"nissan","frontier","icev",2016,403
"nissan","frontier","icev",2017,341
"nissan","frontier","icev",2018,273
"nissan","frontier","icev",2019,411
"nissan","frontier","icev",2020,61
"nissan","frontier","icev",2021,24
"nissan","frontier","icev",2022,154
"nissan","frontier","icev",2023,4
"nissan","frontier","icev",2024,12
"nissan","gt-r","icev",2009,25
"nissan","gt-r","icev",2010,9
"nissan","gt-r","icev",2011,2
"nissan","gt-r","icev",2012,5
"nissan","gt-r","icev",2013,10
"nissan","gt-r","icev",2014,9
"nissan","gt-r","icev",2015,7
"nissan","gt-r","icev",2016,2
"nissan","gt-r","icev",2018,2
"nissan","gt-r","icev",2020,1
"nissan","juke","icev",2011,413
"nissan","juke","icev",2012,385
"nissan","juke","icev",2013,350
"nissan","juke","icev",2014,144
"nissan","juke","icev",2015,133
"nissan","juke","icev",2016,90
"nissan","juke","icev",2017,68
"nissan","kicks","icev",2018,114
"nissan","kicks","icev",2019,158
"nissan","kicks","icev",2020,130
"nissan","kicks","icev",2021,70
"nissan","kicks","icev",2022,2
"nissan","kicks","icev",2023,4
"nissan","kicks","icev",2024,7
"nissan","leaf","bev",2011,97
"nissan","leaf","bev",2012,152
"nissan","leaf","bev",2013,217
"nissan","leaf","bev",2014,26
"nissan","leaf","bev",2015,58
"nissan","leaf","bev",2016,26
"nissan","leaf","bev",2017,38
"nissan","leaf","bev",2018,25
"nissan","leaf","bev",2019,35
"nissan","leaf","bev",2020,14
"nissan","leaf","bev",2021,4
"nissan","leaf","bev",2022,18
"nissan","maxima","icev",1984,19
"nissan","maxima","icev",1985,34
"nissan","maxima","icev",1986,35
"nissan","maxima","icev",1987,155
"nissan","maxima","icev",1988,68
"nissan","maxima","icev",1989,128
"nissan","maxima","icev",1990,166
"nissan","maxima","icev",1991,201
"nissan","maxima","icev",1992,200
"nissan","maxima","icev",1993,221
"nissan","maxima","icev",1994,193
"nissan","maxima","icev",1995,544
"nissan","maxima","icev",1996,571
"nissan","maxima","icev",1997,491
"nissan","maxima","icev",1998,426
"nissan","maxima","icev",1999,438
"nissan","maxima","icev",2000,951
"nissan","maxima","icev",2001,638
"nissan","maxima","icev",2002,574
"nissan","maxima","icev",2003,444
"nissan","maxima","icev",2004,845
"nissan","maxima","icev",2005,565
"nissan","maxima","icev",2006,445
"nissan","maxima","icev",2007,492
"nissan","maxima","icev",2008,342
"nissan","maxima","icev",2009,534
"nissan","maxima","icev",2010,713
"nissan","maxima","icev",2011,628
"nissan","maxima","icev",2012,597
"nissan","maxima","icev",2013,302
"nissan","maxima","icev",2014,335
"nissan","maxima","icev",2016,354
"nissan","maxima","icev",2017,342
"nissan","maxima","icev",2018,158
"nissan","maxima","icev",2019,99
"nissan","maxima","icev",2020,82
"nissan","maxima","icev",2021,29
"nissan","maxima","icev",2022,10
"nissan","maxima","icev",2023,1
"nissan","murano","icev",2003,379
"nissan","murano","icev",2004,425
"nissan","murano","icev",2005,514
"nissan","murano","icev",2006,541
"nissan","murano","icev",2007,733
"nissan","murano","icev",2009,1036
"nissan","murano","icev",2010,642
"nissan","murano","icev",2011,594
"nissan","murano","icev",2012,631
"nissan","murano","icev",2013,331
"nissan","murano","icev",2014,319
"nissan","murano","icev",2015,472
"nissan","murano","icev",2016,322
"nissan","murano","icev",2017,428
"nissan","murano","icev",2018,398
"nissan","murano","icev",2019,191
"nissan","murano","icev",2020,235
"nissan","murano","icev",2021,101
"nissan","murano","icev",2022,29
"nissan","murano","icev",2023,4
"nissan","murano","icev",2024,2
"nissan","murano crosslet","icev",2011,32
"nissan","murano crosslet","icev",2012,3
"nissan","murano crosslet","icev",2014,18
"nissan","nv","icev",2012,4
"nissan","nv","icev",2018,1
"nissan","nv cargo","icev",2012,39
"nissan","nv cargo","icev",2013,25
"nissan","nv cargo","icev",2014,9
"nissan","nv cargo","icev",2015,11
"nissan","nv cargo","icev",2016,13
"nissan","nv cargo","icev",2017,9
"nissan","nv cargo","icev",2018,8
"nissan","nv cargo","icev",2019,4
"nissan","nv cargo","icev",2020,6
"nissan","nv cargo","icev",2021,3
"nissan","nv passenger","icev",2012,7
"nissan","nv passenger","icev",2013,22
"nissan","nv passenger","icev",2014,17
"nissan","nv passenger","icev",2015,24
"nissan","nv passenger","icev",2016,36
"nissan","nv passenger","icev",2017,21
"nissan","nv passenger","icev",2018,14
"nissan","nv passenger","icev",2019,8
"nissan","nv passenger","icev",2020,9
"nissan","nv passenger","icev",2021,6
"nissan","nv200","icev",2013,14
"nissan","nv200","icev",2014,21
"nissan","nv200","icev",2015,34
"nissan","nv200","icev",2016,10
"nissan","nv200","icev",2017,25
"nissan","nv200","icev",2018,4
"nissan","nv200","icev",2019,13
"nissan","nv200","icev",2020,8
"nissan","nv200","icev",2021,10
"nissan","nx","icev",1991,7
"nissan","nx","icev",1992,12
"nissan","nx","icev",1993,14
"nissan","pathfinder","hev",2014,14
"nissan","pathfinder","icev",1987,60
"nissan","pathfinder","icev",1988,56
"nissan","pathfinder","icev",1989,42
"nissan","pathfinder","icev",1990,58
"nissan","pathfinder","icev",1991,58
"nissan","pathfinder","icev",1992,79
"nissan","pathfinder","icev",1993,115
"nissan","pathfinder","icev",1994,150
"nissan","pathfinder","icev",1995,307
"nissan","pathfinder","icev",1996,154
"nissan","pathfinder","icev",1997,307
"nissan","pathfinder","icev",1998,247
"nissan","pathfinder","icev",1999,301
"nissan","pathfinder","icev",2000,240
"nissan","pathfinder","icev",2001,653
"nissan","pathfinder","icev",2002,456
"nissan","pathfinder","icev",2003,375
"nissan","pathfinder","icev",2004,173
"nissan","pathfinder","icev",2005,508
"nissan","pathfinder","icev",2006,494
"nissan","pathfinder","icev",2007,336
"nissan","pathfinder","icev",2008,502
"nissan","pathfinder","icev",2009,125
"nissan","pathfinder","icev",2010,195
"nissan","pathfinder","icev",2011,258
"nissan","pathfinder","icev",2012,283
"nissan","pathfinder","icev",2013,697
"nissan","pathfinder","icev",2014,564
"nissan","pathfinder","icev",2015,460
"nissan","pathfinder","icev",2016,289
"nissan","pathfinder","icev",2017,364
"nissan","pathfinder","icev",2018,216
"nissan","pathfinder","icev",2019,196
"nissan","pathfinder","icev",2020,185
"nissan","pathfinder","icev",2022,93
"nissan","pathfinder","icev",2023,1
"nissan","pathfinder","icev",2024,13
"nissan","pulsar","icev",1984,6
"nissan","pulsar","icev",1985,12
"nissan","pulsar","icev",1986,24
"nissan","pulsar","icev",1987,44
"nissan","pulsar","icev",1988,31
"nissan","pulsar","icev",1989,24
"nissan","pulsar","icev",1990,1
"nissan","quest","icev",1993,117
"nissan","quest","icev",1994,134
"nissan","quest","icev",1995,171
"nissan","quest","icev",1996,136
"nissan","quest","icev",1997,159
"nissan","quest","icev",1998,93
"nissan","quest","icev",1999,178
"nissan","quest","icev",2000,209
"nissan","quest","icev",2001,174
"nissan","quest","icev",2002,133
"nissan","quest","icev",2004,439
"nissan","quest","icev",2005,274
"nissan","quest","icev",2006,201
"nissan","quest","icev",2007,277
"nissan","quest","icev",2008,166
"nissan","quest","icev",2009,78
"nissan","quest","icev",2011,75
"nissan","quest","icev",2012,207
"nissan","quest","icev",2013,90
"nissan","quest","icev",2014,63
"nissan","quest","icev",2015,75
"nissan","quest","icev",2016,31
"nissan","quest","icev",2017,31
"nissan","rogue","hev",2017,5
"nissan","rogue","hev",2018,7
"nissan","rogue","hev",2019,4
"nissan","rogue","icev",2008,685
"nissan","rogue","icev",2009,645
"nissan","rogue","icev",2010,759
"nissan","rogue","icev",2011,1278
"nissan","rogue","icev",2012,1448
"nissan","rogue","icev",2013,1578
"nissan","rogue","icev",2014,562
"nissan","rogue","icev",2015,1104
"nissan","rogue","icev",2016,1450
"nissan","rogue","icev",2017,1244
"nissan","rogue","icev",2018,885
"nissan","rogue","icev",2019,575
"nissan","rogue","icev",2020,487
"nissan","rogue","icev",2021,405
"nissan","rogue","icev",2023,21
"nissan","rogue select","icev",2014,277
"nissan","rogue select","icev",2015,337
"nissan","rogue sport","icev",2017,227
"nissan","rogue sport","icev",2018,189
"nissan","rogue sport","icev",2019,167
"nissan","rogue sport","icev",2020,119
"nissan","rogue sport","icev",2021,60
"nissan","rogue sport","icev",2022,2
"nissan","sentra","icev",1984,33
"nissan","sentra","icev",1985,44
"nissan","sentra","icev",1986,31
"nissan","sentra","icev",1987,132
"nissan","sentra","icev",1988,99
"nissan","sentra","icev",1989,162
"nissan","sentra","icev",1990,133
"nissan","sentra","icev",1991,153
"nissan","sentra","icev",1992,277
"nissan","sentra","icev",1993,273
"nissan","sentra","icev",1994,471
"nissan","sentra","icev",1995,210
"nissan","sentra","icev",1996,380
"nissan","sentra","icev",1997,387
"nissan","sentra","icev",1998,303
"nissan","sentra","icev",1999,306
"nissan","sentra","icev",2000,327
"nissan","sentra","icev",2001,550
"nissan","sentra","icev",2002,625
"nissan","sentra","icev",2003,383
"nissan","sentra","icev",2004,630
"nissan","sentra","icev",2005,603
"nissan","sentra","icev",2006,754
"nissan","sentra","icev",2007,585
"nissan","sentra","icev",2008,816
"nissan","sentra","icev",2009,413
"nissan","sentra","icev",2010,610
"nissan","sentra","icev",2011,658
"nissan","sentra","icev",2012,877
"nissan","sentra","icev",2013,976
"nissan","sentra","icev",2014,795
"nissan","sentra","icev",2015,763
"nissan","sentra","icev",2016,540
"nissan","sentra","icev",2017,801
"nissan","sentra","icev",2018,405
"nissan","sentra","icev",2019,542
"nissan","sentra","icev",2020,115
"nissan","sentra","icev",2021,190
"nissan","sentra","icev",2022,124
"nissan","sentra","icev",2024,17
"nissan","stanza","icev",1984,12
"nissan","stanza","icev",1985,15
"nissan","stanza","icev",1986,29
"nissan","stanza","icev",1987,72
"nissan","stanza","icev",1988,27
"nissan","stanza","icev",1989,16
"nissan","stanza","icev",1990,92
"nissan","stanza","icev",1991,99
"nissan","stanza","icev",1992,121
"nissan","titan","icev",2004,585
"nissan","titan","icev",2005,565
"nissan","titan","icev",2006,469
"nissan","titan","icev",2007,300
"nissan","titan","icev",2008,497
"nissan","titan","icev",2009,165
"nissan","titan","icev",2010,201
"nissan","titan","icev",2011,198
"nissan","titan","icev",2012,186
"nissan","titan","icev",2013,98
"nissan","titan","icev",2014,60
"nissan","titan","icev",2015,73
"nissan","titan","icev",2017,249
"nissan","titan","icev",2018,148
"nissan","titan","icev",2019,112
"nissan","titan","icev",2020,43
"nissan","titan","icev",2021,137
"nissan","titan","icev",2023,1
"nissan","titan","icev",2024,5
"nissan","titan xd","icev",2016,2
"nissan","titan xd","icev",2017,36
"nissan","titan xd","icev",2018,15
"nissan","titan xd","icev",2019,11
"nissan","titan xd","icev",2020,1
"nissan","titan xd","icev",2021,13
"nissan","titan xd","icev",2024,1
"nissan","truck","icev",1986,330
"nissan","truck","icev",1987,199
"nissan","truck","icev",1988,129
"nissan","truck","icev",1989,190
"nissan","truck","icev",1990,254
"nissan","truck","icev",1991,297
"nissan","truck","icev",1992,217
"nissan","truck","icev",1993,404
"nissan","truck","icev",1994,346
"nissan","truck","icev",1995,563
"nissan","truck","icev",1996,274
"nissan","truck","icev",1997,463
"nissan","van","icev",1987,3
"nissan","van","icev",1988,1
"nissan","versa","icev",2007,515
"nissan","versa","icev",2008,493
"nissan","versa","icev",2009,739
"nissan","versa","icev",2010,455
"nissan","versa","icev",2011,597
"nissan","versa","icev",2012,766
"nissan","versa","icev",2013,266
"nissan","versa","icev",2014,349
"nissan","versa","icev",2015,349
"nissan","versa","icev",2016,377
"nissan","versa","icev",2017,304
"nissan","versa","icev",2018,172
"nissan","versa","icev",2019,163
"nissan","versa","icev",2020,157
"nissan","versa","icev",2021,112
"nissan","versa","icev",2024,6
"nissan","versa note","icev",2014,318
"nissan","versa note","icev",2015,299
"nissan","versa note","icev",2016,188
"nissan","versa note","icev",2017,115
"nissan","versa note","icev",2018,28
"nissan","versa note","icev",2019,18
"nissan","xterra","icev",2000,515
"nissan","xterra","icev",2001,524
"nissan","xterra","icev",2002,625
"nissan","xterra","icev",2003,484
"nissan","xterra","icev",2004,505
"nissan","xterra","icev",2005,368
"nissan","xterra","icev",2006,385
"nissan","xterra","icev",2007,299
"nissan","xterra","icev",2008,262
"nissan","xterra","icev",2009,108
"nissan","xterra","icev",2010,215
"nissan","xterra","icev",2011,185
"nissan","xterra","icev",2012,160
"nissan","xterra","icev",2013,86
"nissan","xterra","icev",2014,53
"nissan","xterra","icev",2015,82
"oldsmobile","achieva","icev",1992,101
"oldsmobile","achieva","icev",1993,73
"oldsmobile","achieva","icev",1994,98
"oldsmobile","achieva","icev",1995,138
"oldsmobile","achieva","icev",1996,117
"oldsmobile","achieva","icev",1997,151
"oldsmobile","achieva","icev",1998,91
"oldsmobile","alero","icev",1999,581
"oldsmobile","alero","icev",2000,625
"oldsmobile","alero","icev",2001,762
"oldsmobile","alero","icev",2002,582
"oldsmobile","alero","icev",2003,668
"oldsmobile","alero","icev",2004,447
"oldsmobile","aurora","icev",1995,156
"oldsmobile","aurora","icev",1996,110
"oldsmobile","aurora","icev",1997,124
"oldsmobile","aurora","icev",1998,160
"oldsmobile","aurora","icev",1999,133
"oldsmobile","aurora","icev",2001,414
"oldsmobile","aurora","icev",2002,66
"oldsmobile","aurora","icev",2003,28
"oldsmobile","bravada","icev",1991,29
"oldsmobile","bravada","icev",1992,30
"oldsmobile","bravada","icev",1993,23
"oldsmobile","bravada","icev",1994,51
"oldsmobile","bravada","icev",1996,46
"oldsmobile","bravada","icev",1997,128
"oldsmobile","bravada","icev",1998,153
"oldsmobile","bravada","icev",1999,139
"oldsmobile","bravada","icev",2000,195
"oldsmobile","bravada","icev",2001,74
"oldsmobile","bravada","icev",2002,259
"oldsmobile","bravada","icev",2003,93
"oldsmobile","bravada","icev",2004,31
"oldsmobile","ciera","icev",1995,458
"oldsmobile","ciera","icev",1996,423
"oldsmobile","custom cruiser","icev",1982,3
"oldsmobile","custom cruiser","icev",1983,6
"oldsmobile","custom cruiser","icev",1984,18
"oldsmobile","custom cruiser","icev",1985,11
"oldsmobile","custom cruiser","icev",1986,14
"oldsmobile","custom cruiser","icev",1987,8
"oldsmobile","custom cruiser","icev",1988,13
"oldsmobile","custom cruiser","icev",1989,12
"oldsmobile","custom cruiser","icev",1990,8
"oldsmobile","custom cruiser","icev",1991,15
"oldsmobile","custom cruiser","icev",1992,13
"oldsmobile","cutlass","icev",1981,11
"oldsmobile","cutlass","icev",1997,79
"oldsmobile","cutlass","icev",1998,252
"oldsmobile","cutlass","icev",1999,208
"oldsmobile","cutlass calais","icev",1981,6
"oldsmobile","cutlass calais","icev",1982,7
"oldsmobile","cutlass calais","icev",1983,10
"oldsmobile","cutlass calais","icev",1984,23
"oldsmobile","cutlass calais","icev",1985,33
"oldsmobile","cutlass calais","icev",1986,57
"oldsmobile","cutlass calais","icev",1987,59
"oldsmobile","cutlass calais","icev",1988,83
"oldsmobile","cutlass calais","icev",1989,77
"oldsmobile","cutlass calais","icev",1990,102
"oldsmobile","cutlass calais","icev",1991,117
"oldsmobile","cutlass ciera","icev",1982,7
"oldsmobile","cutlass ciera","icev",1983,17
"oldsmobile","cutlass ciera","icev",1984,66
"oldsmobile","cutlass ciera","icev",1985,120
"oldsmobile","cutlass ciera","icev",1986,200
"oldsmobile","cutlass ciera","icev",1987,193
"oldsmobile","cutlass ciera","icev",1988,248
"oldsmobile","cutlass ciera","icev",1989,284
"oldsmobile","cutlass ciera","icev",1990,240
"oldsmobile","cutlass ciera","icev",1991,256
"oldsmobile","cutlass ciera","icev",1992,285
"oldsmobile","cutlass ciera","icev",1993,353
"oldsmobile","cutlass ciera","icev",1994,396
"oldsmobile","cutlass cruiser","icev",1981,5
"oldsmobile","cutlass cruiser","icev",1982,1
"oldsmobile","cutlass cruiser","icev",1983,7
"oldsmobile","cutlass salon","icev",1985,18
"oldsmobile","cutlass salon","icev",1986,18
"oldsmobile","cutlass salon","icev",1987,7
"oldsmobile","cutlass supreme","icev",1981,36
"oldsmobile","cutlass supreme","icev",1982,54
"oldsmobile","cutlass supreme","icev",1983,80
"oldsmobile","cutlass supreme","icev",1984,134
"oldsmobile","cutlass supreme","icev",1985,129
"oldsmobile","cutlass supreme","icev",1986,139
"oldsmobile","cutlass supreme","icev",1987,122
"oldsmobile","cutlass supreme","icev",1988,133
"oldsmobile","cutlass supreme","icev",1989,106
"oldsmobile","cutlass supreme","icev",1990,156
"oldsmobile","cutlass supreme","icev",1991,183
"oldsmobile","cutlass supreme","icev",1992,202
"oldsmobile","cutlass supreme","icev",1993,219
"oldsmobile","cutlass supreme","icev",1994,396
"oldsmobile","cutlass supreme","icev",1995,408
"oldsmobile","cutlass supreme","icev",1996,293
"oldsmobile","cutlass supreme","icev",1997,234
"oldsmobile","delta eighty-eight","icev",1981,1
"oldsmobile","delta eighty-eight","icev",1983,1
"oldsmobile","delta eighty-eight royale","icev",1981,23
"oldsmobile","delta eighty-eight royale","icev",1982,28
"oldsmobile","delta eighty-eight royale","icev",1983,71
"oldsmobile","delta eighty-eight royale","icev",1984,148
"oldsmobile","delta eighty-eight royale","icev",1985,149
"oldsmobile","delta eighty-eight royale","icev",1986,132
"oldsmobile","delta eighty-eight royale","icev",1987,149
"oldsmobile","delta eighty-eight royale","icev",1988,205
"oldsmobile","eighty-eight","icev",1996,242
"oldsmobile","eighty-eight","icev",1997,222
"oldsmobile","eighty-eight","icev",1998,276
"oldsmobile","eighty-eight","icev",1999,236
"oldsmobile","eighty-eight royale","icev",1989,238
"oldsmobile","eighty-eight royale","icev",1990,215
"oldsmobile","eighty-eight royale","icev",1991,126
"oldsmobile","eighty-eight royale","icev",1992,248
"oldsmobile","eighty-eight royale","icev",1993,154
"oldsmobile","eighty-eight royale","icev",1994,264
"oldsmobile","eighty-eight royale","icev",1995,262
"oldsmobile","firenza","icev",1982,1
"oldsmobile","firenza","icev",1983,6
"oldsmobile","firenza","icev",1984,14
"oldsmobile","firenza","icev",1985,16
"oldsmobile","firenza","icev",1986,9
"oldsmobile","firenza","icev",1987,8
"oldsmobile","firenza","icev",1988,10
"oldsmobile","intrigue","icev",1998,488
"oldsmobile","intrigue","icev",1999,467
"oldsmobile","intrigue","icev",2000,457
"oldsmobile","intrigue","icev",2001,293
"oldsmobile","intrigue","icev",2002,227
"oldsmobile","lss","icev",1997,45
"oldsmobile","lss","icev",1998,22
"oldsmobile","lss","icev",1999,5
"oldsmobile","ninety-eight","icev",1981,14
"oldsmobile","ninety-eight","icev",1982,25
"oldsmobile","ninety-eight","icev",1983,58
"oldsmobile","ninety-eight","icev",1984,52
"oldsmobile","ninety-eight","icev",1985,82
"oldsmobile","ninety-eight","icev",1986,94
"oldsmobile","ninety-eight","icev",1987,66
"oldsmobile","ninety-eight","icev",1988,103
"oldsmobile","ninety-eight","icev",1989,124
"oldsmobile","ninety-eight","icev",1990,137
"oldsmobile","ninety-eight","icev",1991,118
"oldsmobile","ninety-eight","icev",1992,143
"oldsmobile","ninety-eight","icev",1993,66
"oldsmobile","ninety-eight","icev",1994,92
"oldsmobile","ninety-eight","icev",1995,99
"oldsmobile","ninety-eight","icev",1996,81
"oldsmobile","omega","icev",1981,14
"oldsmobile","omega","icev",1982,14
"oldsmobile","omega","icev",1983,14
"oldsmobile","omega","icev",1984,9
"oldsmobile","regency","icev",1997,54
"oldsmobile","regency","icev",1998,35
"oldsmobile","silhouette","icev",1990,44
"oldsmobile","silhouette","icev",1991,28
"oldsmobile","silhouette","icev",1992,30
"oldsmobile","silhouette","icev",1993,32
"oldsmobile","silhouette","icev",1994,46
"oldsmobile","silhouette","icev",1995,59
"oldsmobile","silhouette","icev",1996,25
"oldsmobile","silhouette","icev",1997,105
"oldsmobile","silhouette","icev",1998,190
"oldsmobile","silhouette","icev",1999,209
"oldsmobile","silhouette","icev",2000,299
"oldsmobile","silhouette","icev",2001,310
"oldsmobile","silhouette","icev",2002,232
"oldsmobile","silhouette","icev",2003,209
"oldsmobile","silhouette","icev",2004,91
"oldsmobile","toronado","icev",1981,5
"oldsmobile","toronado","icev",1982,6
"oldsmobile","toronado","icev",1983,13
"oldsmobile","toronado","icev",1984,9
"oldsmobile","toronado","icev",1985,26
"oldsmobile","toronado","icev",1986,11
"oldsmobile","toronado","icev",1987,11
"oldsmobile","toronado","icev",1988,22
"oldsmobile","toronado","icev",1989,19
"oldsmobile","toronado","icev",1990,36
"oldsmobile","toronado","icev",1991,24
"oldsmobile","toronado","icev",1992,17
"peugeot","405","icev",1989,2
"peugeot","405","icev",1990,1
"peugeot","405","icev",1991,5
"peugeot","505","icev",1987,5
"peugeot","505","icev",1988,2
"peugeot","505 series","icev",1983,4
"peugeot","505 series","icev",1984,3
"peugeot","505 series","icev",1985,3
"peugeot","505 series","icev",1986,2
"pininfarina","azzurra","icev",1983,1
"pininfarina","azzurra","icev",1984,3
"pininfarina","azzurra","icev",1985,4
"plymouth","acclaim","icev",1989,62
"plymouth","acclaim","icev",1990,116
"plymouth","acclaim","icev",1991,177
"plymouth","acclaim","icev",1992,153
"plymouth","acclaim","icev",1993,134
"plymouth","acclaim","icev",1994,149
"plymouth","acclaim","icev",1995,54
"plymouth","arrow","icev",1981,3
"plymouth","arrow","icev",1982,1
"plymouth","breeze","icev",1996,166
"plymouth","breeze","icev",1997,285
"plymouth","breeze","icev",1998,250
"plymouth","breeze","icev",1999,242
"plymouth","breeze","icev",2000,91
"plymouth","caravelle","icev",1985,21
"plymouth","caravelle","icev",1986,11
"plymouth","caravelle","icev",1987,16
"plymouth","caravelle","icev",1988,15
"plymouth","champ","icev",1982,2
"plymouth","colt","icev",1983,1
"plymouth","colt","icev",1984,3
"plymouth","colt","icev",1985,11
"plymouth","colt","icev",1986,22
"plymouth","colt","icev",1987,20
"plymouth","colt","icev",1988,30
"plymouth","colt","icev",1989,25
"plymouth","colt","icev",1990,8
"plymouth","colt","icev",1991,14
"plymouth","colt","icev",1992,22
"plymouth","colt","icev",1993,34
"plymouth","colt","icev",1994,16
"plymouth","conquest","icev",1986,2
"plymouth","gran fury","icev",1982,2
"plymouth","gran fury","icev",1983,3
"plymouth","gran fury","icev",1984,8
"plymouth","gran fury","icev",1985,11
"plymouth","gran fury","icev",1986,7
"plymouth","gran fury","icev",1987,19
"plymouth","gran fury","icev",1988,7
"plymouth","gran fury","icev",1989,2
"plymouth","grand voyager","icev",1987,13
"plymouth","grand voyager","icev",1988,90
"plymouth","grand voyager","icev",1989,101
"plymouth","grand voyager","icev",1990,159
"plymouth","grand voyager","icev",1991,147
"plymouth","grand voyager","icev",1992,263
"plymouth","grand voyager","icev",1993,309
"plymouth","grand voyager","icev",1994,329
"plymouth","grand voyager","icev",1995,221
"plymouth","grand voyager","icev",1996,480
"plymouth","grand voyager","icev",1997,509
"plymouth","grand voyager","icev",1998,519
"plymouth","grand voyager","icev",1999,537
"plymouth","grand voyager","icev",2000,194
"plymouth","horizon","icev",1981,4
"plymouth","horizon","icev",1982,3
"plymouth","horizon","icev",1983,4
"plymouth","horizon","icev",1984,15
"plymouth","horizon","icev",1985,14
"plymouth","horizon","icev",1986,11
"plymouth","horizon","icev",1987,44
"plymouth","horizon","icev",1988,36
"plymouth","horizon","icev",1989,40
"plymouth","horizon","icev",1990,18
"plymouth","laser","icev",1990,55
"plymouth","laser","icev",1991,42
"plymouth","laser","icev",1992,48
"plymouth","laser","icev",1993,26
"plymouth","laser","icev",1994,12
"plymouth","neon","icev",1995,423
"plymouth","neon","icev",1996,279
"plymouth","neon","icev",1997,229
"plymouth","neon","icev",1998,336
"plymouth","neon","icev",1999,167
"plymouth","neon","icev",2000,405
"plymouth","neon","icev",2001,198
"plymouth","prowler","icev",1997,1
"plymouth","prowler","icev",1999,25
"plymouth","prowler","icev",2000,15
"plymouth","prowler","icev",2001,10
"plymouth","reliant k","icev",1981,8
"plymouth","reliant k","icev",1982,12
"plymouth","reliant k","icev",1983,27
"plymouth","reliant k","icev",1984,34
"plymouth","reliant k","icev",1985,35
"plymouth","reliant k","icev",1986,48
"plymouth","reliant k","icev",1987,53
"plymouth","reliant k america","icev",1988,80
"plymouth","reliant k america","icev",1989,44
"plymouth","sapporo","icev",1982,1
"plymouth","sundance","icev",1987,33
"plymouth","sundance","icev",1988,52
"plymouth","sundance","icev",1989,59
"plymouth","sundance","icev",1990,66
"plymouth","sundance","icev",1991,65
"plymouth","sundance","icev",1992,91
"plymouth","sundance","icev",1993,123
"plymouth","sundance","icev",1994,133
"plymouth","tc3","icev",1981,6
"plymouth","turismo","icev",1983,1
"plymouth","turismo","icev",1984,4
"plymouth","turismo","icev",1985,5
"plymouth","turismo","icev",1986,17
"plymouth","turismo","icev",1987,8
"plymouth","voyager","icev",1981,2
"plymouth","voyager","icev",1982,3
"plymouth","voyager","icev",1983,1
"plymouth","voyager","icev",1984,15
"plymouth","voyager","icev",1985,40
"plymouth","voyager","icev",1986,49
"plymouth","voyager","icev",1987,82
"plymouth","voyager","icev",1988,95
"plymouth","voyager","icev",1989,116
"plymouth","voyager","icev",1990,147
"plymouth","voyager","icev",1991,150
"plymouth","voyager","icev",1992,204
"plymouth","voyager","icev",1993,272
"plymouth","voyager","icev",1994,362
"plymouth","voyager","icev",1995,360
"plymouth","voyager","icev",1996,322
"plymouth","voyager","icev",1997,267
"plymouth","voyager","icev",1998,316
"plymouth","voyager","icev",1999,347
"plymouth","voyager","icev",2000,152
"polestar","1","phev",2021,1
"polestar","2","bev",2021,4
"polestar","2","bev",2022,10
"pontiac","1000","icev",1983,4
"pontiac","1000","icev",1984,4
"pontiac","1000","icev",1985,2
"pontiac","1000","icev",1986,3
"pontiac","1000","icev",1987,2
"pontiac","2000","icev",1982,6
"pontiac","2000","icev",1983,12
"pontiac","6000","icev",1982,6
"pontiac","6000","icev",1983,9
"pontiac","6000","icev",1984,26
"pontiac","6000","icev",1985,57
"pontiac","6000","icev",1986,90
"pontiac","6000","icev",1987,102
"pontiac","6000","icev",1988,82
"pontiac","6000","icev",1989,74
"pontiac","6000","icev",1990,85
"pontiac","6000","icev",1991,50
"pontiac","aztek","icev",2001,290
"pontiac","aztek","icev",2002,139
"pontiac","aztek","icev",2003,201
"pontiac","aztek","icev",2004,153
"pontiac","aztek","icev",2005,69
"pontiac","bonneville","icev",1981,16
"pontiac","bonneville","icev",1982,11
"pontiac","bonneville","icev",1983,26
"pontiac","bonneville","icev",1984,27
"pontiac","bonneville","icev",1985,31
"pontiac","bonneville","icev",1986,24
"pontiac","bonneville","icev",1987,74
"pontiac","bonneville","icev",1988,109
"pontiac","bonneville","icev",1989,122
"pontiac","bonneville","icev",1990,144
"pontiac","bonneville","icev",1991,92
"pontiac","bonneville","icev",1992,276
"pontiac","bonneville","icev",1993,269
"pontiac","bonneville","icev",1994,264
"pontiac","bonneville","icev",1995,361
"pontiac","bonneville","icev",1996,281
"pontiac","bonneville","icev",1997,329
"pontiac","bonneville","icev",1998,354
"pontiac","bonneville","icev",1999,321
"pontiac","bonneville","icev",2000,395
"pontiac","bonneville","icev",2001,414
"pontiac","bonneville","icev",2002,348
"pontiac","bonneville","icev",2003,355
"pontiac","bonneville","icev",2004,169
"pontiac","bonneville","icev",2005,208
"pontiac","catalina","icev",1981,5
"pontiac","fiero","icev",1984,69
"pontiac","fiero","icev",1985,60
"pontiac","fiero","icev",1986,86
"pontiac","fiero","icev",1987,71
"pontiac","fiero","icev",1988,55
"pontiac","firebird","icev",1981,45
"pontiac","firebird","icev",1982,36
"pontiac","firebird","icev",1983,34
"pontiac","firebird","icev",1984,65
"pontiac","firebird","icev",1985,62
"pontiac","firebird","icev",1986,100
"pontiac","firebird","icev",1987,84
"pontiac","firebird","icev",1988,78
"pontiac","firebird","icev",1989,121
"pontiac","firebird","icev",1990,38
"pontiac","firebird","icev",1991,91
"pontiac","firebird","icev",1992,81
"pontiac","firebird","icev",1993,45
"pontiac","firebird","icev",1994,152
"pontiac","firebird","icev",1995,153
"pontiac","firebird","icev",1996,116
"pontiac","firebird","icev",1997,144
"pontiac","firebird","icev",1998,166
"pontiac","firebird","icev",1999,219
"pontiac","firebird","icev",2000,222
"pontiac","firebird","icev",2001,150
"pontiac","firebird","icev",2002,217
"pontiac","g3","icev",2009,45
"pontiac","g5","icev",2007,279
"pontiac","g5","icev",2008,179
"pontiac","g5","icev",2009,187
"pontiac","g6","icev",2005,527
"pontiac","g6","icev",2006,1333
"pontiac","g6","icev",2007,1271
"pontiac","g6","icev",2008,1215
"pontiac","g6","icev",2009,911
"pontiac","g6","icev",2010,191
"pontiac","g8","icev",2008,92
"pontiac","g8","icev",2009,289
"pontiac","grand am","icev",1985,20
"pontiac","grand am","icev",1986,57
"pontiac","grand am","icev",1987,114
"pontiac","grand am","icev",1988,137
"pontiac","grand am","icev",1989,193
"pontiac","grand am","icev",1990,192
"pontiac","grand am","icev",1991,261
"pontiac","grand am","icev",1992,315
"pontiac","grand am","icev",1993,450
"pontiac","grand am","icev",1994,535
"pontiac","grand am","icev",1995,697
"pontiac","grand am","icev",1996,637
"pontiac","grand am","icev",1997,769
"pontiac","grand am","icev",1998,438
"pontiac","grand am","icev",1999,1429
"pontiac","grand am","icev",2000,1278
"pontiac","grand am","icev",2001,1160
"pontiac","grand am","icev",2002,1054
"pontiac","grand am","icev",2003,1094
"pontiac","grand am","icev",2004,1150
"pontiac","grand am","icev",2005,418
"pontiac","grand le mans","icev",1981,6
"pontiac","grand prix","icev",1981,15
"pontiac","grand prix","icev",1982,9
"pontiac","grand prix","icev",1983,14
"pontiac","grand prix","icev",1984,31
"pontiac","grand prix","icev",1985,28
"pontiac","grand prix","icev",1986,35
"pontiac","grand prix","icev",1987,18
"pontiac","grand prix","icev",1988,65
"pontiac","grand prix","icev",1989,156
"pontiac","grand prix","icev",1990,165
"pontiac","grand prix","icev",1991,143
"pontiac","grand prix","icev",1992,242
"pontiac","grand prix","icev",1993,259
"pontiac","grand prix","icev",1994,397
"pontiac","grand prix","icev",1995,437
"pontiac","grand prix","icev",1996,289
"pontiac","grand prix","icev",1997,647
"pontiac","grand prix","icev",1998,632
"pontiac","grand prix","icev",1999,751
"pontiac","grand prix","icev",2000,998
"pontiac","grand prix","icev",2001,859
"pontiac","grand prix","icev",2002,1128
"pontiac","grand prix","icev",2003,544
"pontiac","grand prix","icev",2004,1356
"pontiac","grand prix","icev",2005,850
"pontiac","grand prix","icev",2006,786
"pontiac","grand prix","icev",2007,600
"pontiac","grand prix","icev",2008,505
"pontiac","gto","icev",2004,131
"pontiac","gto","icev",2005,80
"pontiac","gto","icev",2006,104
"pontiac","le mans","icev",1981,2
"pontiac","le mans","icev",1988,29
"pontiac","le mans","icev",1989,25
"pontiac","le mans","icev",1990,21
"pontiac","le mans","icev",1991,25
"pontiac","le mans","icev",1992,21
"pontiac","le mans","icev",1993,15
"pontiac","montana","icev",1999,320
"pontiac","montana","icev",2000,449
"pontiac","montana","icev",2001,433
"pontiac","montana","icev",2002,377
"pontiac","montana","icev",2003,420
"pontiac","montana","icev",2004,263
"pontiac","montana","icev",2005,107
"pontiac","montana","icev",2006,2
"pontiac","montana","icev",2007,1
"pontiac","montana sv6","icev",2005,203
"pontiac","montana sv6","icev",2006,190
"pontiac","parisienne","icev",1983,12
"pontiac","parisienne","icev",1984,40
"pontiac","parisienne","icev",1985,53
"pontiac","parisienne","icev",1986,77
"pontiac","phoenix","icev",1981,8
"pontiac","phoenix","icev",1982,3
"pontiac","phoenix","icev",1983,1
"pontiac","phoenix","icev",1984,3
"pontiac","safari","icev",1987,11
"pontiac","safari","icev",1988,2
"pontiac","safari","icev",1989,8
"pontiac","solstice","icev",2006,217
"pontiac","solstice","icev",2007,209
"pontiac","solstice","icev",2008,135
"pontiac","solstice","icev",2009,39
"pontiac","sunbird","icev",1984,28
"pontiac","sunbird","icev",1985,17
"pontiac","sunbird","icev",1986,27
"pontiac","sunbird","icev",1987,23
"pontiac","sunbird","icev",1988,46
"pontiac","sunbird","icev",1989,69
"pontiac","sunbird","icev",1990,116
"pontiac","sunbird","icev",1991,170
"pontiac","sunbird","icev",1992,118
"pontiac","sunbird","icev",1993,160
"pontiac","sunbird","icev",1994,196
"pontiac","sunfire","icev",1995,123
"pontiac","sunfire","icev",1996,275
"pontiac","sunfire","icev",1997,404
"pontiac","sunfire","icev",1998,381
"pontiac","sunfire","icev",1999,358
"pontiac","sunfire","icev",2000,514
"pontiac","sunfire","icev",2001,446
"pontiac","sunfire","icev",2002,491
"pontiac","sunfire","icev",2003,230
"pontiac","sunfire","icev",2004,238
"pontiac","sunfire","icev",2005,273
"pontiac","t1000","icev",1981,4
"pontiac","t1000","icev",1982,1
"pontiac","torrent","icev",2006,402
"pontiac","torrent","icev",2007,250
"pontiac","torrent","icev",2008,285
"pontiac","torrent","icev",2009,94
"pontiac","trans sport","icev",1990,60
"pontiac","trans sport","icev",1991,35
"pontiac","trans sport","icev",1992,59
"pontiac","trans sport","icev",1993,63
"pontiac","trans sport","icev",1994,80
"pontiac","trans sport","icev",1995,118
"pontiac","trans sport","icev",1996,58
"pontiac","trans sport","icev",1997,205
"pontiac","trans sport","icev",1998,291
"pontiac","vibe","icev",2003,561
"pontiac","vibe","icev",2004,465
"pontiac","vibe","icev",2005,532
"pontiac","vibe","icev",2006,432
"pontiac","vibe","icev",2007,303
"pontiac","vibe","icev",2008,156
"pontiac","vibe","icev",2009,629
"pontiac","vibe","icev",2010,140
"porsche","718 boxster","icev",2017,17
"porsche","718 boxster","icev",2018,10
"porsche","718 boxster","icev",2019,2
"porsche","718 boxster","icev",2021,3
"porsche","718 boxster","icev",2022,1
"porsche","718 cayman","icev",2017,7
"porsche","718 cayman","icev",2018,10
"porsche","718 cayman","icev",2019,2
"porsche","718 cayman","icev",2020,3
"porsche","718 cayman","icev",2021,7
"porsche","911","icev",1981,6
"porsche","911","icev",1982,11
"porsche","911","icev",1983,22
"porsche","911","icev",1984,19
"porsche","911","icev",1985,21
"porsche","911","icev",1986,28
"porsche","911","icev",1987,37
"porsche","911","icev",1988,31
"porsche","911","icev",1989,23
"porsche","911","icev",1990,23
"porsche","911","icev",1991,21
"porsche","911","icev",1992,10
"porsche","911","icev",1993,9
"porsche","911","icev",1994,3
"porsche","911","icev",1995,29
"porsche","911","icev",1996,31
"porsche","911","icev",1997,41
"porsche","911","icev",1998,12
"porsche","911","icev",1999,54
"porsche","911","icev",2000,47
"porsche","911","icev",2001,85
"porsche","911","icev",2002,78
"porsche","911","icev",2003,58
"porsche","911","icev",2004,42
"porsche","911","icev",2005,50
"porsche","911","icev",2006,81
"porsche","911","icev",2007,80
"porsche","911","icev",2008,56
"porsche","911","icev",2009,62
"porsche","911","icev",2010,38
"porsche","911","icev",2011,56
"porsche","911","icev",2012,61
"porsche","911","icev",2013,67
"porsche","911","icev",2014,49
"porsche","911","icev",2015,32
"porsche","911","icev",2016,27
"porsche","911","icev",2017,45
"porsche","911","icev",2018,27
"porsche","911","icev",2019,17
"porsche","911","icev",2020,14
"porsche","911","icev",2021,19
"porsche","911","icev",2022,17
"porsche","911","icev",2024,1
"porsche","918 spyder","hev",2015,1
"porsche","924","icev",1981,3
"porsche","924","icev",1982,5
"porsche","924","icev",1987,15
"porsche","924","icev",1988,4
"porsche","928","icev",1982,8
"porsche","928","icev",1983,2
"porsche","928","icev",1984,6
"porsche","928","icev",1985,9
"porsche","928","icev",1986,14
"porsche","928","icev",1987,9
"porsche","928","icev",1988,5
"porsche","928","icev",1989,5
"porsche","928","icev",1990,3
"porsche","928","icev",1991,2
"porsche","944","icev",1983,36
"porsche","944","icev",1984,31
"porsche","944","icev",1985,40
"porsche","944","icev",1986,54
"porsche","944","icev",1987,41
"porsche","944","icev",1988,26
"porsche","944","icev",1989,12
"porsche","944","icev",1990,11
"porsche","944","icev",1991,4
"porsche","968","icev",1992,4
"porsche","968","icev",1993,7
"porsche","968","icev",1994,11
"porsche","968","icev",1995,4
"porsche","boxster","icev",1997,25
"porsche","boxster","icev",1998,43
"porsche","boxster","icev",1999,73
"porsche","boxster","icev",2000,90
"porsche","boxster","icev",2001,69
"porsche","boxster","icev",2002,69
"porsche","boxster","icev",2003,51
"porsche","boxster","icev",2004,23
"porsche","boxster","icev",2005,38
"porsche","boxster","icev",2006,34
"porsche","boxster","icev",2007,18
"porsche","boxster","icev",2008,24
"porsche","boxster","icev",2009,14
"porsche","boxster","icev",2010,11
"porsche","boxster","icev",2011,17
"porsche","boxster","icev",2012,5
"porsche","boxster","icev",2013,40
"porsche","boxster","icev",2014,23
"porsche","boxster","icev",2015,17
"porsche","boxster","icev",2016,10
"porsche","carrera gt","icev",2005,3
"porsche","cayenne","hev",2011,9
"porsche","cayenne","hev",2012,15
"porsche","cayenne","hev",2013,2
"porsche","cayenne","hev",2014,5
"porsche","cayenne","hev",2015,1
"porsche","cayenne","hev",2016,5
"porsche","cayenne","icev",2003,6
"porsche","cayenne","icev",2004,78
"porsche","cayenne","icev",2005,52
"porsche","cayenne","icev",2006,80
"porsche","cayenne","icev",2008,70
"porsche","cayenne","icev",2009,42
"porsche","cayenne","icev",2010,27
"porsche","cayenne","icev",2011,81
"porsche","cayenne","icev",2012,96
"porsche","cayenne","icev",2013,75
"porsche","cayenne","icev",2014,59
"porsche","cayenne","icev",2015,8
"porsche","cayenne","icev",2016,80
"porsche","cayenne","icev",2017,41
"porsche","cayenne","icev",2018,20
"porsche","cayenne","icev",2019,46
"porsche","cayenne","icev",2020,33
"porsche","cayenne","icev",2021,35
"porsche","cayenne","icev",2022,8
"porsche","cayenne","icev",2024,2
"porsche","cayenne","phev",2016,2
"porsche","cayenne","phev",2017,8
"porsche","cayenne","phev",2018,2
"porsche","cayenne","phev",2019,2
"porsche","cayenne","phev",2020,1
"porsche","cayenne","phev",2022,1
"porsche","cayman","icev",2006,52
"porsche","cayman","icev",2007,51
"porsche","cayman","icev",2008,38
"porsche","cayman","icev",2009,16
"porsche","cayman","icev",2010,12
"porsche","cayman","icev",2011,8
"porsche","cayman","icev",2012,9
"porsche","cayman","icev",2014,30
"porsche","cayman","icev",2015,23
"porsche","cayman","icev",2016,20
"porsche","macan","icev",2015,43
"porsche","macan","icev",2016,43
"porsche","macan","icev",2017,83
"porsche","macan","icev",2018,77
"porsche","macan","icev",2019,26
"porsche","macan","icev",2020,43
"porsche","macan","icev",2021,43
"porsche","macan","icev",2022,17
"porsche","macan","icev",2024,3
"porsche","panamera","hev",2013,2
"porsche","panamera","hev",2014,3
"porsche","panamera","hev",2015,1
"porsche","panamera","icev",2010,33
"porsche","panamera","icev",2011,60
"porsche","panamera","icev",2012,50
"porsche","panamera","icev",2013,38
"porsche","panamera","icev",2014,35
"porsche","panamera","icev",2015,20
"porsche","panamera","icev",2016,34
"porsche","panamera","icev",2017,17
"porsche","panamera","icev",2018,28
"porsche","panamera","icev",2019,8
"porsche","panamera","icev",2020,9
"porsche","panamera","icev",2021,2
"porsche","panamera","icev",2022,5
"porsche","panamera","phev",2014,1
"porsche","panamera","phev",2016,1
"porsche","panamera","phev",2018,5
"porsche","panamera","phev",2019,1
"porsche","panamera","phev",2020,1
"porsche","panamera","phev",2021,1
"porsche","taycan","bev",2020,8
"porsche","taycan","bev",2021,14
"porsche","taycan","bev",2022,8
"porsche","taycan","bev",2024,1
"ram","1500","icev",2012,1
"ram","1500","icev",2015,2
"ram","1500","icev",2016,5
"ram","1500","icev",2017,1
"ram","1500","icev",2019,8
"ram","1500","icev",2023,2
"ram","1500","icev",2024,15
"ram","1500 classic","icev",2023,1
"ram","2500","icev",2011,1
"ram","2500","icev",2012,2
"ram","2500","icev",2018,1
"ram","2500","icev",2024,6
"ram","3500","icev",2016,1
"ram","c/v","icev",2012,13
"ram","c/v","icev",2013,8
"ram","c/v","icev",2014,12
"ram","c/v","icev",2015,1
"ram","dakota","icev",2011,112
"ram","promaster","icev",2014,1
"ram","promaster","icev",2018,1
"ram","promaster cargo","icev",2014,45
"ram","promaster cargo","icev",2015,25
"ram","promaster cargo","icev",2016,37
"ram","promaster cargo","icev",2017,51
"ram","promaster cargo","icev",2018,62
"ram","promaster cargo","icev",2019,48
"ram","promaster cargo","icev",2020,21
"ram","promaster cargo","icev",2021,26
"ram","promaster cargo","icev",2022,16
"ram","promaster cargo","icev",2023,1
"ram","promaster city","icev",2015,19
"ram","promaster city","icev",2016,25
"ram","promaster city","icev",2019,2
"ram","promaster city","icev",2020,10
"ram","promaster city","icev",2021,5
"ram","promaster city cargo","icev",2017,15
"ram","promaster city cargo","icev",2018,12
"ram","promaster cutaway chassis","icev",2014,5
"ram","promaster cutaway chassis","icev",2015,2
"ram","promaster cutaway chassis","icev",2016,1
"ram","promaster cutaway chassis","icev",2018,2
"ram","promaster cutaway chassis","icev",2019,4
"ram","promaster window","icev",2014,2
"ram","promaster window","icev",2015,3
"ram","promaster window","icev",2016,2
"ram","promaster window","icev",2017,1
"ram","promaster window","icev",2018,1
"ram","promaster window","icev",2019,1
"ram","promaster window","icev",2021,3
"ram","ram  1500","icev",2011,1183
"ram","ram  1500","icev",2012,2453
"ram","ram  1500","icev",2013,1873
"ram","ram  1500","icev",2014,1485
"ram","ram  1500","icev",2015,870
"ram","ram  1500","icev",2016,1309
"ram","ram  1500","icev",2017,1579
"ram","ram  1500","icev",2018,828
"ram","ram  1500","icev",2019,1323
"ram","ram  1500","icev",2020,893
"ram","ram  1500","icev",2021,682
"ram","ram  1500","icev",2022,413
"ram","ram  1500","icev",2023,6
"ram","ram  1500 classic","icev",2019,592
"ram","ram  1500 classic","icev",2020,92
"ram","ram  1500 classic","icev",2021,88
"ram","ram  1500 classic","icev",2022,29
"ram","ram  2500","icev",2011,131
"ram","ram  2500","icev",2012,195
"ram","ram  2500","icev",2013,101
"ram","ram  2500","icev",2014,155
"ram","ram  2500","icev",2015,124
"ram","ram  2500","icev",2016,155
"ram","ram  2500","icev",2017,184
"ram","ram  2500","icev",2018,192
"ram","ram  2500","icev",2019,109
"ram","ram  2500","icev",2020,116
"ram","ram  2500","icev",2021,95
"ram","ram  2500","icev",2022,78
"ram","ram  2500","icev",2023,1
"ram","ram  3500","icev",2014,11
"ram","ram  3500","icev",2015,14
"ram","ram  3500","icev",2016,8
"ram","ram  3500","icev",2017,6
"ram","ram  3500","icev",2018,13
"ram","ram  3500","icev",2019,5
"ram","ram  3500","icev",2020,1
"ram","ram  3500","icev",2021,1
"ram","ram chassis 3500","icev",2011,5
"ram","ram chassis 3500","icev",2013,1
"ram","ram chassis 3500","icev",2014,3
"ram","ram chassis 3500","icev",2015,1
"ram","ram chassis 3500","icev",2016,2
"ram","ram chassis 3500","icev",2017,2
"ram","ram chassis 3500","icev",2018,3
"ram","ram chassis 3500","icev",2020,1
"ram","ram chassis 3500","icev",2021,1
"renault","18i","icev",1983,1
"renault","fuego","icev",1982,2
"renault","fuego","icev",1985,2
"renault","sport","icev",1984,1
"rivian","r1s","bev",2023,3
"rivian","r1s","bev",2024,3
"rivian","r1t","bev",2022,12
"rivian","r1t","bev",2023,2
"rolls-royce","dawn","icev",2017,1
"rolls-royce","dawn","icev",2018,1
"rolls-royce","ghost","icev",2010,1
"rolls-royce","ghost","icev",2011,5
"rolls-royce","ghost","icev",2012,1
"rolls-royce","ghost","icev",2013,3
"rolls-royce","ghost","icev",2022,1
"rolls-royce","phantom","icev",2006,3
"rolls-royce","silver seraph","icev",1999,3
"rolls-royce","wraith","icev",2014,1
"rolls-royce","wraith","icev",2015,2
"rolls-royce","wraith","icev",2016,1
"saab","9-2x","icev",2005,65
"saab","9-2x","icev",2006,11
"saab","9-3","icev",1999,181
"saab","9-3","icev",2000,100
"saab","9-3","icev",2001,127
"saab","9-3","icev",2002,136
"saab","9-3","icev",2003,257
"saab","9-3","icev",2004,189
"saab","9-3","icev",2005,128
"saab","9-3","icev",2006,211
"saab","9-3","icev",2007,222
"saab","9-3","icev",2008,186
"saab","9-3","icev",2009,50
"saab","9-3","icev",2010,55
"saab","9-3","icev",2011,33
"saab","9-3x","icev",2011,1
"saab","9-4x","icev",2011,4
"saab","9-5","icev",1999,137
"saab","9-5","icev",2000,107
"saab","9-5","icev",2001,172
"saab","9-5","icev",2002,108
"saab","9-5","icev",2003,123
"saab","9-5","icev",2004,80
"saab","9-5","icev",2005,37
"saab","9-5","icev",2006,44
"saab","9-5","icev",2007,47
"saab","9-5","icev",2008,38
"saab","9-5","icev",2009,1
"saab","9-5","icev",2010,4
"saab","9-5","icev",2011,32
"saab","9-7x","icev",2005,15
"saab","9-7x","icev",2006,50
"saab","9-7x","icev",2007,62
"saab","9-7x","icev",2008,43
"saab","9-7x","icev",2009,35
"saab","900","icev",1981,1
"saab","900","icev",1982,4
"saab","900","icev",1983,10
"saab","900","icev",1984,23
"saab","900","icev",1985,30
"saab","900","icev",1986,38
"saab","900","icev",1987,26
"saab","900","icev",1988,39
"saab","900","icev",1989,38
"saab","900","icev",1990,31
"saab","900","icev",1991,33
"saab","900","icev",1992,42
"saab","900","icev",1993,24
"saab","900","icev",1994,37
"saab","900","icev",1995,87
"saab","900","icev",1996,74
"saab","900","icev",1997,87
"saab","900","icev",1998,51
"saab","9000","icev",1986,5
"saab","9000","icev",1987,7
"saab","9000","icev",1988,14
"saab","9000","icev",1989,13
"saab","9000","icev",1990,14
"saab","9000","icev",1991,14
"saab","9000","icev",1992,22
"saab","9000","icev",1993,21
"saab","9000","icev",1994,12
"saab","9000","icev",1995,21
"saab","9000","icev",1996,18
"saab","9000","icev",1997,38
"saab","9000","icev",1998,4
"saturn","astra","icev",2008,162
"saturn","aura","hev",2007,7
"saturn","aura","hev",2008,1
"saturn","aura","hev",2009,5
"saturn","aura","icev",2007,555
"saturn","aura","icev",2008,649
"saturn","aura","icev",2009,344
"saturn","ion","icev",2003,695
"saturn","ion","icev",2004,723
"saturn","ion","icev",2005,457
"saturn","ion","icev",2006,729
"saturn","ion","icev",2007,694
"saturn","ion red line","icev",2004,17
"saturn","ion red line","icev",2005,12
"saturn","ion red line","icev",2006,4
"saturn","l-series","icev",2000,547
"saturn","l-series","icev",2001,583
"saturn","l-series","icev",2002,701
"saturn","l-series","icev",2003,590
"saturn","l300","icev",2004,136
"saturn","l300","icev",2005,55
"saturn","lw","icev",2001,2
"saturn","outlook","icev",2007,249
"saturn","outlook","icev",2008,393
"saturn","outlook","icev",2009,173
"saturn","outlook","icev",2010,36
"saturn","relay","icev",2005,137
"saturn","relay","icev",2006,36
"saturn","relay","icev",2007,30
"saturn","s-series","icev",1991,83
"saturn","s-series","icev",1992,291
"saturn","s-series","icev",1993,525
"saturn","s-series","icev",1994,657
"saturn","s-series","icev",1995,823
"saturn","s-series","icev",1996,907
"saturn","s-series","icev",1997,1162
"saturn","s-series","icev",1998,812
"saturn","s-series","icev",1999,1129
"saturn","s-series","icev",2000,892
"saturn","s-series","icev",2001,1048
"saturn","s-series","icev",2002,1367
"saturn","sky","icev",2007,154
"saturn","sky","icev",2008,130
"saturn","sky","icev",2009,65
"saturn","sw rhd","icev",2000,1
"saturn","sw rhd","icev",2001,2
"saturn","vue","hev",2007,67
"saturn","vue","hev",2008,24
"saturn","vue","hev",2009,46
"saturn","vue","icev",2002,285
"saturn","vue","icev",2003,847
"saturn","vue","icev",2004,638
"saturn","vue","icev",2005,449
"saturn","vue","icev",2006,804
"saturn","vue","icev",2007,561
"saturn","vue","icev",2008,1207
"saturn","vue","icev",2009,396
"saturn","vue","icev",2010,32
"scion","fr-s","icev",2013,138
"scion","fr-s","icev",2014,36
"scion","fr-s","icev",2015,45
"scion","fr-s","icev",2016,39
"scion","ia","icev",2016,102
"scion","im","icev",2016,62
"scion","iq","icev",2012,40
"scion","iq","icev",2013,16
"scion","iq","icev",2014,10
"scion","iq","icev",2015,1
"scion","tc","icev",2005,321
"scion","tc","icev",2006,386
"scion","tc","icev",2007,379
"scion","tc","icev",2008,294
"scion","tc","icev",2009,180
"scion","tc","icev",2010,116
"scion","tc","icev",2011,109
"scion","tc","icev",2012,101
"scion","tc","icev",2013,82
"scion","tc","icev",2014,80
"scion","tc","icev",2015,65
"scion","tc","icev",2016,36
"scion","xa","icev",2004,37
"scion","xa","icev",2005,188
"scion","xa","icev",2006,291
"scion","xb","icev",2004,96
"scion","xb","icev",2005,349
"scion","xb","icev",2006,503
"scion","xb","icev",2008,373
"scion","xb","icev",2009,224
"scion","xb","icev",2010,124
"scion","xb","icev",2011,114
"scion","xb","icev",2012,113
"scion","xb","icev",2013,67
"scion","xb","icev",2014,51
"scion","xb","icev",2015,33
"scion","xd","icev",2008,220
"scion","xd","icev",2009,136
"scion","xd","icev",2010,89
"scion","xd","icev",2011,46
"scion","xd","icev",2012,57
"scion","xd","icev",2013,37
"scion","xd","icev",2014,30
"smart","fortwo","icev",2008,151
"smart","fortwo","icev",2009,139
"smart","fortwo","icev",2010,24
"smart","fortwo","icev",2011,20
"smart","fortwo","icev",2012,20
"smart","fortwo","icev",2013,67
"smart","fortwo","icev",2014,18
"smart","fortwo","icev",2015,24
"smart","fortwo","icev",2016,20
"smart","fortwo","icev",2017,9
"smart","fortwo electric drive","bev",2013,4
"smart","fortwo electric drive","bev",2014,3
"smart","fortwo electric drive","bev",2015,2
"subaru","ascent","icev",2019,310
"subaru","ascent","icev",2020,276
"subaru","ascent","icev",2021,165
"subaru","ascent","icev",2022,85
"subaru","ascent","icev",2023,4
"subaru","ascent","icev",2024,7
"subaru","b9 tribeca","icev",2006,184
"subaru","b9 tribeca","icev",2007,93
"subaru","baja","icev",2003,101
"subaru","baja","icev",2004,12
"subaru","baja","icev",2005,62
"subaru","baja","icev",2006,48
"subaru","brat","icev",1982,11
"subaru","brat","icev",1983,4
"subaru","brat","icev",1984,5
"subaru","brat","icev",1985,1
"subaru","brat","icev",1986,8
"subaru","brat","icev",1987,1
"subaru","brz","icev",2013,127
"subaru","brz","icev",2014,34
"subaru","brz","icev",2015,29
"subaru","brz","icev",2016,21
"subaru","brz","icev",2017,28
"subaru","brz","icev",2018,5
"subaru","brz","icev",2019,7
"subaru","brz","icev",2020,11
"subaru","brz","icev",2022,6
"subaru","brz","icev",2023,1
"subaru","crosstrek","hev",2016,12
"subaru","crosstrek","icev",2016,395
"subaru","crosstrek","icev",2017,280
"subaru","crosstrek","icev",2018,467
"subaru","crosstrek","icev",2019,430
"subaru","crosstrek","icev",2020,67
"subaru","crosstrek","icev",2021,352
"subaru","crosstrek","icev",2022,59
"subaru","crosstrek","icev",2023,3
"subaru","crosstrek","icev",2024,25
"subaru","crosstrek","phev",2019,1
"subaru","crosstrek","phev",2020,2
"subaru","crosstrek","phev",2021,6
"subaru","dl","icev",1981,4
"subaru","dl","icev",1982,7
"subaru","dl","icev",1983,3
"subaru","dl","icev",1984,2
"subaru","dl","icev",1985,5
"subaru","dl","icev",1986,5
"subaru","dl","icev",1987,11
"subaru","dl","icev",1988,28
"subaru","dl","icev",1989,23
"subaru","forester","icev",1998,213
"subaru","forester","icev",1999,260
"subaru","forester","icev",2000,183
"subaru","forester","icev",2001,418
"subaru","forester","icev",2002,429
"subaru","forester","icev",2003,449
"subaru","forester","icev",2004,408
"subaru","forester","icev",2005,337
"subaru","forester","icev",2006,362
"subaru","forester","icev",2007,293
"subaru","forester","icev",2008,241
"subaru","forester","icev",2009,647
"subaru","forester","icev",2010,884
"subaru","forester","icev",2011,555
"subaru","forester","icev",2012,403
"subaru","forester","icev",2013,228
"subaru","forester","icev",2014,840
"subaru","forester","icev",2015,990
"subaru","forester","icev",2016,732
"subaru","forester","icev",2017,825
"subaru","forester","icev",2018,749
"subaru","forester","icev",2019,521
"subaru","forester","icev",2020,515
"subaru","forester","icev",2021,327
"subaru","forester","icev",2022,106
"subaru","forester","icev",2023,6
"subaru","forester","icev",2024,14
"subaru","gl","icev",1981,12
"subaru","gl","icev",1982,20
"subaru","gl","icev",1983,35
"subaru","gl","icev",1984,56
"subaru","gl","icev",1985,52
"subaru","gl","icev",1986,82
"subaru","gl","icev",1987,75
"subaru","gl","icev",1988,51
"subaru","gl","icev",1989,53
"subaru","gl-10","icev",1985,9
"subaru","gl-10","icev",1986,26
"subaru","gl-10","icev",1987,15
"subaru","gl-10","icev",1988,11
"subaru","glf","icev",1981,1
"subaru","impreza","icev",1993,94
"subaru","impreza","icev",1994,24
"subaru","impreza","icev",1995,111
"subaru","impreza","icev",1996,54
"subaru","impreza","icev",1997,111
"subaru","impreza","icev",1998,84
"subaru","impreza","icev",1999,90
"subaru","impreza","icev",2000,106
"subaru","impreza","icev",2001,52
"subaru","impreza","icev",2002,404
"subaru","impreza","icev",2003,145
"subaru","impreza","icev",2004,224
"subaru","impreza","icev",2005,239
"subaru","impreza","icev",2006,231
"subaru","impreza","icev",2007,223
"subaru","impreza","icev",2008,363
"subaru","impreza","icev",2009,271
"subaru","impreza","icev",2010,240
"subaru","impreza","icev",2011,306
"subaru","impreza","icev",2012,369
"subaru","impreza","icev",2013,457
"subaru","impreza","icev",2014,244
"subaru","impreza","icev",2015,260
"subaru","impreza","icev",2016,193
"subaru","impreza","icev",2017,241
"subaru","impreza","icev",2018,189
"subaru","impreza","icev",2019,147
"subaru","impreza","icev",2020,82
"subaru","impreza","icev",2021,29
"subaru","impreza","icev",2022,28
"subaru","justy","icev",1987,2
"subaru","justy","icev",1988,28
"subaru","justy","icev",1989,12
"subaru","justy","icev",1990,9
"subaru","justy","icev",1991,14
"subaru","justy","icev",1992,1
"subaru","justy","icev",1993,10
"subaru","justy","icev",1994,6
"subaru","legacy","icev",1990,156
"subaru","legacy","icev",1991,146
"subaru","legacy","icev",1992,157
"subaru","legacy","icev",1993,170
"subaru","legacy","icev",1994,134
"subaru","legacy","icev",1995,268
"subaru","legacy","icev",1996,336
"subaru","legacy","icev",1997,426
"subaru","legacy","icev",1998,478
"subaru","legacy","icev",1999,453
"subaru","legacy","icev",2000,146
"subaru","legacy","icev",2001,138
"subaru","legacy","icev",2002,133
"subaru","legacy","icev",2003,154
"subaru","legacy","icev",2004,80
"subaru","legacy","icev",2005,229
"subaru","legacy","icev",2006,147
"subaru","legacy","icev",2007,75
"subaru","legacy","icev",2008,214
"subaru","legacy","icev",2009,187
"subaru","legacy","icev",2010,270
"subaru","legacy","icev",2011,422
"subaru","legacy","icev",2012,326
"subaru","legacy","icev",2013,318
"subaru","legacy","icev",2014,297
"subaru","legacy","icev",2015,267
"subaru","legacy","icev",2016,249
"subaru","legacy","icev",2017,269
"subaru","legacy","icev",2018,155
"subaru","legacy","icev",2019,89
"subaru","legacy","icev",2020,83
"subaru","legacy","icev",2021,41
"subaru","legacy","icev",2022,38
"subaru","legacy","icev",2023,1
"subaru","loyale","icev",1990,52
"subaru","loyale","icev",1991,45
"subaru","loyale","icev",1992,63
"subaru","loyale","icev",1993,41
"subaru","loyale","icev",1994,7
"subaru","outback","icev",2000,435
"subaru","outback","icev",2001,547
"subaru","outback","icev",2002,517
"subaru","outback","icev",2003,430
"subaru","outback","icev",2004,306
"subaru","outback","icev",2005,512
"subaru","outback","icev",2006,400
"subaru","outback","icev",2007,302
"subaru","outback","icev",2008,479
"subaru","outback","icev",2009,292
"subaru","outback","icev",2010,601
"subaru","outback","icev",2011,1242
"subaru","outback","icev",2012,914
"subaru","outback","icev",2013,1078
"subaru","outback","icev",2014,680
"subaru","outback","icev",2015,787
"subaru","outback","icev",2016,768
"subaru","outback","icev",2017,978
"subaru","outback","icev",2018,760
"subaru","outback","icev",2019,594
"subaru","outback","icev",2020,477
"subaru","outback","icev",2021,254
"subaru","outback","icev",2022,248
"subaru","outback","icev",2023,3
"subaru","outback","icev",2024,14
"subaru","rx","icev",1985,2
"subaru","rx","icev",1986,1
"subaru","rx","icev",1987,1
"subaru","rx","icev",1988,1
"subaru","rx","icev",1989,1
"subaru","standard","icev",1981,1
"subaru","standard","icev",1983,1
"subaru","standard","icev",1985,3
"subaru","standard","icev",1986,2
"subaru","sti","icev",2019,1
"subaru","svx","icev",1992,33
"subaru","svx","icev",1993,1
"subaru","svx","icev",1994,11
"subaru","svx","icev",1995,4
"subaru","svx","icev",1996,5
"subaru","svx","icev",1997,3
"subaru","tribeca","icev",2008,121
"subaru","tribeca","icev",2009,64
"subaru","tribeca","icev",2010,19
"subaru","tribeca","icev",2011,27
"subaru","tribeca","icev",2012,24
"subaru","tribeca","icev",2013,9
"subaru","tribeca","icev",2014,7
"subaru","wrx","icev",2015,19
"subaru","wrx","icev",2016,110
"subaru","wrx","icev",2017,124
"subaru","wrx","icev",2018,100
"subaru","wrx","icev",2019,74
"subaru","wrx","icev",2020,70
"subaru","wrx","icev",2021,29
"subaru","xt","icev",1985,2
"subaru","xt","icev",1986,11
"subaru","xt","icev",1987,8
"subaru","xt","icev",1988,11
"subaru","xt","icev",1989,5
"subaru","xt","icev",1991,2
"subaru","xv crosstrek","hev",2014,40
"subaru","xv crosstrek","hev",2015,21
"subaru","xv crosstrek","icev",2013,340
"subaru","xv crosstrek","icev",2014,358
"subaru","xv crosstrek","icev",2015,258
"suzuki","aerio","icev",2002,73
"suzuki","aerio","icev",2003,150
"suzuki","aerio","icev",2004,49
"suzuki","aerio","icev",2005,37
"suzuki","aerio","icev",2006,47
"suzuki","aerio","icev",2007,4
"suzuki","equator","icev",2009,23
"suzuki","equator","icev",2010,9
"suzuki","equator","icev",2011,11
"suzuki","equator","icev",2012,9
"suzuki","esteem","icev",1995,5
"suzuki","esteem","icev",1996,10
"suzuki","esteem","icev",1997,11
"suzuki","esteem","icev",1998,46
"suzuki","esteem","icev",1999,32
"suzuki","esteem","icev",2000,58
"suzuki","esteem","icev",2001,56
"suzuki","esteem","icev",2002,25
"suzuki","forenza","icev",2004,110
"suzuki","forenza","icev",2005,179
"suzuki","forenza","icev",2006,218
"suzuki","forenza","icev",2007,175
"suzuki","forenza","icev",2008,87
"suzuki","grand vitara","icev",1999,108
"suzuki","grand vitara","icev",2000,148
"suzuki","grand vitara","icev",2001,103
"suzuki","grand vitara","icev",2002,86
"suzuki","grand vitara","icev",2003,50
"suzuki","grand vitara","icev",2004,30
"suzuki","grand vitara","icev",2005,21
"suzuki","grand vitara","icev",2006,216
"suzuki","grand vitara","icev",2007,124
"suzuki","grand vitara","icev",2008,82
"suzuki","grand vitara","icev",2009,28
"suzuki","grand vitara","icev",2010,28
"suzuki","grand vitara","icev",2011,30
"suzuki","grand vitara","icev",2012,20
"suzuki","grand vitara","icev",2013,4
"suzuki","kizashi","icev",2010,43
"suzuki","kizashi","icev",2011,34
"suzuki","kizashi","icev",2012,25
"suzuki","kizashi","icev",2013,11
"suzuki","reno","icev",2005,31
"suzuki","reno","icev",2006,37
"suzuki","reno","icev",2007,40
"suzuki","reno","icev",2008,24
"suzuki","samurai","icev",1986,53
"suzuki","samurai","icev",1987,116
"suzuki","samurai","icev",1988,133
"suzuki","samurai","icev",1989,4
"suzuki","samurai","icev",1990,17
"suzuki","samurai","icev",1991,11
"suzuki","samurai","icev",1992,10
"suzuki","samurai","icev",1993,7
"suzuki","samurai","icev",1994,5
"suzuki","sidekick","icev",1989,36
"suzuki","sidekick","icev",1990,9
"suzuki","sidekick","icev",1991,19
"suzuki","sidekick","icev",1992,32
"suzuki","sidekick","icev",1993,34
"suzuki","sidekick","icev",1994,62
"suzuki","sidekick","icev",1995,88
"suzuki","sidekick","icev",1996,46
"suzuki","sidekick","icev",1997,56
"suzuki","sidekick","icev",1998,58
"suzuki","swift","icev",1989,7
"suzuki","swift","icev",1990,6
"suzuki","swift","icev",1991,4
"suzuki","swift","icev",1992,16
"suzuki","swift","icev",1993,10
"suzuki","swift","icev",1994,15
"suzuki","swift","icev",1995,6
"suzuki","swift","icev",1996,4
"suzuki","swift","icev",1997,1
"suzuki","swift","icev",1998,9
"suzuki","swift","icev",1999,6
"suzuki","swift","icev",2000,11
"suzuki","swift","icev",2001,27
"suzuki","sx4","icev",2007,73
"suzuki","sx4","icev",2008,235
"suzuki","sx4","icev",2009,56
"suzuki","sx4","icev",2010,10
"suzuki","sx4","icev",2011,14
"suzuki","sx4","icev",2012,26
"suzuki","sx4","icev",2013,7
"suzuki","sx4 crossover","icev",2007,6
"suzuki","sx4 crossover","icev",2008,9
"suzuki","sx4 crossover","icev",2009,81
"suzuki","sx4 crossover","icev",2010,42
"suzuki","sx4 crossover","icev",2011,30
"suzuki","sx4 crossover","icev",2012,30
"suzuki","sx4 crossover","icev",2013,9
"suzuki","sx4 sport","icev",2010,1
"suzuki","sx4 sport","icev",2011,2
"suzuki","sx4 sportback","icev",2010,2
"suzuki","sx4 sportback","icev",2011,9
"suzuki","sx4 sportback","icev",2012,1
"suzuki","sx4 sportback","icev",2013,1
"suzuki","verona","icev",2004,92
"suzuki","verona","icev",2005,49
"suzuki","verona","icev",2006,14
"suzuki","vitara","icev",1999,28
"suzuki","vitara","icev",2000,34
"suzuki","vitara","icev",2001,28
"suzuki","vitara","icev",2002,49
"suzuki","vitara","icev",2003,33
"suzuki","vitara","icev",2004,22
"suzuki","x-90","icev",1996,13
"suzuki","x-90","icev",1997,9
"suzuki","x-90","icev",1998,1
"suzuki","xl7","icev",2001,105
"suzuki","xl7","icev",2002,238
"suzuki","xl7","icev",2003,112
"suzuki","xl7","icev",2004,118
"suzuki","xl7","icev",2005,78
"suzuki","xl7","icev",2006,52
"suzuki","xl7","icev",2007,153
"suzuki","xl7","icev",2008,142
"suzuki","xl7","icev",2009,7
"tesla","cybertruck","bev",2024,1
"tesla","model 3","bev",2018,374
"tesla","model 3","bev",2019,196
"tesla","model 3","bev",2020,245
"tesla","model 3","bev",2021,201
"tesla","model 3","bev",2022,220
"tesla","model 3","bev",2023,8
"tesla","model s","bev",2012,8
"tesla","model s","bev",2013,66
"tesla","model s","bev",2014,62
"tesla","model s","bev",2015,81
"tesla","model s","bev",2016,89
"tesla","model s","bev",2017,97
"tesla","model s","bev",2018,71
"tesla","model s","bev",2019,25
"tesla","model s","bev",2020,42
"tesla","model s","bev",2021,17
"tesla","model s","bev",2022,56
"tesla","model s","bev",2023,4
"tesla","model x","bev",2016,47
"tesla","model x","bev",2017,48
"tesla","model x","bev",2018,39
"tesla","model x","bev",2019,23
"tesla","model x","bev",2020,51
"tesla","model x","bev",2021,5
"tesla","model x","bev",2022,39
"tesla","model x","bev",2023,3
"tesla","model y","bev",2020,28
"tesla","model y","bev",2021,208
"tesla","model y","bev",2022,277
"tesla","model y","bev",2023,21
"tesla","model y","bev",2024,5
"tesla","roadster","bev",2008,2
"tesla","roadster","bev",2010,4
"tesla","roadster","bev",2011,1
"toyota","4runner","icev",1984,7
"toyota","4runner","icev",1985,40
"toyota","4runner","icev",1986,67
"toyota","4runner","icev",1987,68
"toyota","4runner","icev",1988,56
"toyota","4runner","icev",1989,44
"toyota","4runner","icev",1990,167
"toyota","4runner","icev",1991,116
"toyota","4runner","icev",1992,133
"toyota","4runner","icev",1993,144
"toyota","4runner","icev",1994,255
"toyota","4runner","icev",1995,369
"toyota","4runner","icev",1996,273
"toyota","4runner","icev",1997,578
"toyota","4runner","icev",1998,605
"toyota","4runner","icev",1999,631
"toyota","4runner","icev",2000,732
"toyota","4runner","icev",2001,564
"toyota","4runner","icev",2002,589
"toyota","4runner","icev",2003,769
"toyota","4runner","icev",2004,939
"toyota","4runner","icev",2005,810
"toyota","4runner","icev",2006,826
"toyota","4runner","icev",2007,824
"toyota","4runner","icev",2008,627
"toyota","4runner","icev",2009,76
"toyota","4runner","icev",2010,466
"toyota","4runner","icev",2011,727
"toyota","4runner","icev",2012,459
"toyota","4runner","icev",2013,557
"toyota","4runner","icev",2014,478
"toyota","4runner","icev",2015,548
"toyota","4runner","icev",2016,894
"toyota","4runner","icev",2017,476
"toyota","4runner","icev",2018,703
"toyota","4runner","icev",2019,564
"toyota","4runner","icev",2020,404
"toyota","4runner","icev",2021,392
"toyota","4runner","icev",2022,196
"toyota","4runner","icev",2023,13
"toyota","4runner","icev",2024,9
"toyota","86","icev",2017,37
"toyota","86","icev",2018,8
"toyota","86","icev",2019,8
"toyota","86","icev",2020,15
"toyota","avalon","hev",2013,188
"toyota","avalon","hev",2014,96
"toyota","avalon","hev",2015,80
"toyota","avalon","hev",2016,62
"toyota","avalon","hev",2017,19
"toyota","avalon","hev",2018,39
"toyota","avalon","hev",2019,41
"toyota","avalon","hev",2020,28
"toyota","avalon","hev",2021,30
"toyota","avalon","hev",2022,10
"toyota","avalon","icev",1995,223
"toyota","avalon","icev",1996,271
"toyota","avalon","icev",1997,316
"toyota","avalon","icev",1998,375
"toyota","avalon","icev",1999,348
"toyota","avalon","icev",2000,725
"toyota","avalon","icev",2001,584
"toyota","avalon","icev",2002,510
"toyota","avalon","icev",2003,568
"toyota","avalon","icev",2004,388
"toyota","avalon","icev",2005,471
"toyota","avalon","icev",2006,790
"toyota","avalon","icev",2007,740
"toyota","avalon","icev",2008,617
"toyota","avalon","icev",2009,206
"toyota","avalon","icev",2010,154
"toyota","avalon","icev",2011,691
"toyota","avalon","icev",2012,223
"toyota","avalon","icev",2013,596
"toyota","avalon","icev",2014,300
"toyota","avalon","icev",2015,292
"toyota","avalon","icev",2016,276
"toyota","avalon","icev",2017,146
"toyota","avalon","icev",2018,127
"toyota","avalon","icev",2019,134
"toyota","avalon","icev",2020,63
"toyota","avalon","icev",2021,37
"toyota","avalon","icev",2022,19
"toyota","c-hr","icev",2018,167
"toyota","c-hr","icev",2019,110
"toyota","c-hr","icev",2020,79
"toyota","c-hr","icev",2021,57
"toyota","c-hr","icev",2022,1
"toyota","camry","hev",2007,523
"toyota","camry","hev",2008,262
"toyota","camry","hev",2009,396
"toyota","camry","hev",2010,134
"toyota","camry","hev",2011,158
"toyota","camry","hev",2012,575
"toyota","camry","hev",2013,270
"toyota","camry","hev",2014,174
"toyota","camry","hev",2015,116
"toyota","camry","hev",2016,75
"toyota","camry","hev",2017,83
"toyota","camry","hev",2018,115
"toyota","camry","hev",2019,76
"toyota","camry","hev",2020,88
"toyota","camry","hev",2021,42
"toyota","camry","hev",2022,34
"toyota","camry","hev",2024,2
"toyota","camry","icev",1983,15
"toyota","camry","icev",1984,33
"toyota","camry","icev",1985,80
"toyota","camry","icev",1986,115
"toyota","camry","icev",1987,171
"toyota","camry","icev",1988,232
"toyota","camry","icev",1989,361
"toyota","camry","icev",1990,511
"toyota","camry","icev",1991,514
"toyota","camry","icev",1992,710
"toyota","camry","icev",1993,773
"toyota","camry","icev",1994,992
"toyota","camry","icev",1995,1065
"toyota","camry","icev",1996,1294
"toyota","camry","icev",1997,1569
"toyota","camry","icev",1998,1834
"toyota","camry","icev",1999,2090
"toyota","camry","icev",2000,2161
"toyota","camry","icev",2001,2082
"toyota","camry","icev",2002,2969
"toyota","camry","icev",2003,2794
"toyota","camry","icev",2004,2109
"toyota","camry","icev",2005,2883
"toyota","camry","icev",2006,1475
"toyota","camry","icev",2007,4291
"toyota","camry","icev",2008,1590
"toyota","camry","icev",2009,3208
"toyota","camry","icev",2010,2683
"toyota","camry","icev",2011,3850
"toyota","camry","icev",2012,3807
"toyota","camry","icev",2013,1773
"toyota","camry","icev",2014,2312
"toyota","camry","icev",2015,1527
"toyota","camry","icev",2016,1611
"toyota","camry","icev",2017,1701
"toyota","camry","icev",2018,1371
"toyota","camry","icev",2019,921
"toyota","camry","icev",2020,798
"toyota","camry","icev",2021,445
"toyota","camry","icev",2022,255
"toyota","camry","icev",2023,8
"toyota","camry","icev",2024,20
"toyota","camry solara","icev",1999,270
"toyota","camry solara","icev",2000,290
"toyota","camry solara","icev",2001,255
"toyota","camry solara","icev",2002,273
"toyota","camry solara","icev",2003,112
"toyota","camry solara","icev",2004,319
"toyota","camry solara","icev",2005,231
"toyota","camry solara","icev",2006,426
"toyota","camry solara","icev",2007,349
"toyota","camry solara","icev",2008,294
"toyota","celica","icev",1981,8
"toyota","celica","icev",1982,30
"toyota","celica","icev",1983,58
"toyota","celica","icev",1984,64
"toyota","celica","icev",1985,73
"toyota","celica","icev",1986,59
"toyota","celica","icev",1987,63
"toyota","celica","icev",1988,58
"toyota","celica","icev",1989,69
"toyota","celica","icev",1990,137
"toyota","celica","icev",1991,148
"toyota","celica","icev",1992,118
"toyota","celica","icev",1993,71
"toyota","celica","icev",1994,91
"toyota","celica","icev",1995,79
"toyota","celica","icev",1996,42
"toyota","celica","icev",1997,54
"toyota","celica","icev",1998,13
"toyota","celica","icev",1999,27
"toyota","celica","icev",2000,329
"toyota","celica","icev",2001,184
"toyota","celica","icev",2002,109
"toyota","celica","icev",2003,108
"toyota","celica","icev",2004,43
"toyota","celica","icev",2005,17
"toyota","corolla","hev",2020,43
"toyota","corolla","hev",2021,27
"toyota","corolla","hev",2022,19
"toyota","corolla","hev",2024,2
"toyota","corolla","icev",1981,35
"toyota","corolla","icev",1982,35
"toyota","corolla","icev",1983,23
"toyota","corolla","icev",1984,49
"toyota","corolla","icev",1985,75
"toyota","corolla","icev",1986,102
"toyota","corolla","icev",1987,115
"toyota","corolla","icev",1988,202
"toyota","corolla","icev",1989,271
"toyota","corolla","icev",1990,311
"toyota","corolla","icev",1991,358
"toyota","corolla","icev",1992,393
"toyota","corolla","icev",1993,514
"toyota","corolla","icev",1994,561
"toyota","corolla","icev",1995,606
"toyota","corolla","icev",1996,603
"toyota","corolla","icev",1997,733
"toyota","corolla","icev",1998,815
"toyota","corolla","icev",1999,989
"toyota","corolla","icev",2000,805
"toyota","corolla","icev",2001,1169
"toyota","corolla","icev",2002,820
"toyota","corolla","icev",2003,1946
"toyota","corolla","icev",2004,1546
"toyota","corolla","icev",2005,2338
"toyota","corolla","icev",2006,2059
"toyota","corolla","icev",2007,2193
"toyota","corolla","icev",2008,1269
"toyota","corolla","icev",2009,2752
"toyota","corolla","icev",2010,3426
"toyota","corolla","icev",2011,1626
"toyota","corolla","icev",2012,994
"toyota","corolla","icev",2013,1537
"toyota","corolla","icev",2014,1329
"toyota","corolla","icev",2015,1317
"toyota","corolla","icev",2016,1545
"toyota","corolla","icev",2017,1070
"toyota","corolla","icev",2018,668
"toyota","corolla","icev",2019,516
"toyota","corolla","icev",2020,632
"toyota","corolla","icev",2021,274
"toyota","corolla","icev",2022,194
"toyota","corolla","icev",2023,1
"toyota","corolla","icev",2024,10
"toyota","corolla cross","hev",2023,2
"toyota","corolla cross","hev",2024,1
"toyota","corolla cross","icev",2022,56
"toyota","corolla cross","icev",2023,3
"toyota","corolla cross","icev",2024,1
"toyota","corolla hatchback","icev",2019,73
"toyota","corolla hatchback","icev",2020,35
"toyota","corolla hatchback","icev",2021,38
"toyota","corolla hatchback","icev",2022,18
"toyota","corolla hatchback","icev",2024,1
"toyota","corolla im","icev",2017,71
"toyota","corolla im","icev",2018,46
"toyota","corona","icev",1981,4
"toyota","corona","icev",1982,2
"toyota","cressida","icev",1981,2
"toyota","cressida","icev",1982,7
"toyota","cressida","icev",1983,15
"toyota","cressida","icev",1984,18
"toyota","cressida","icev",1985,14
"toyota","cressida","icev",1986,41
"toyota","cressida","icev",1987,21
"toyota","cressida","icev",1988,9
"toyota","cressida","icev",1989,36
"toyota","cressida","icev",1990,12
"toyota","cressida","icev",1991,25
"toyota","cressida","icev",1992,9
"toyota","crown","hev",2023,1
"toyota","echo","icev",2000,228
"toyota","echo","icev",2001,242
"toyota","echo","icev",2002,163
"toyota","echo","icev",2003,169
"toyota","echo","icev",2004,14
"toyota","echo","icev",2005,26
"toyota","fj cruiser","icev",2007,812
"toyota","fj cruiser","icev",2008,311
"toyota","fj cruiser","icev",2009,20
"toyota","fj cruiser","icev",2010,151
"toyota","fj cruiser","icev",2011,127
"toyota","fj cruiser","icev",2012,162
"toyota","fj cruiser","icev",2013,135
"toyota","fj cruiser","icev",2014,121
"toyota","gr corolla","icev",2024,1
"toyota","gr supra","icev",2021,19
"toyota","gr supra","icev",2022,5
"toyota","gr supra","icev",2024,2
"toyota","gr86","icev",2022,14
"toyota","gr86","icev",2023,2
"toyota","grand highlander","hev",2024,1
"toyota","grand highlander","icev",2024,6
"toyota","highlander","hev",2006,336
"toyota","highlander","hev",2007,194
"toyota","highlander","hev",2008,223
"toyota","highlander","hev",2009,94
"toyota","highlander","hev",2010,89
"toyota","highlander","hev",2011,38
"toyota","highlander","hev",2012,69
"toyota","highlander","hev",2013,74
"toyota","highlander","hev",2014,8
"toyota","highlander","hev",2015,20
"toyota","highlander","hev",2016,21
"toyota","highlander","hev",2017,48
"toyota","highlander","hev",2018,45
"toyota","highlander","hev",2019,56
"toyota","highlander","hev",2020,25
"toyota","highlander","hev",2021,139
"toyota","highlander","hev",2022,55
"toyota","highlander","hev",2023,4
"toyota","highlander","hev",2024,5
"toyota","highlander","icev",2001,508
"toyota","highlander","icev",2002,790
"toyota","highlander","icev",2003,1014
"toyota","highlander","icev",2004,913
"toyota","highlander","icev",2005,1027
"toyota","highlander","icev",2006,833
"toyota","highlander","icev",2007,651
"toyota","highlander","icev",2008,1230
"toyota","highlander","icev",2009,584
"toyota","highlander","icev",2010,805
"toyota","highlander","icev",2011,1019
"toyota","highlander","icev",2012,1642
"toyota","highlander","icev",2013,1429
"toyota","highlander","icev",2014,524
"toyota","highlander","icev",2015,1084
"toyota","highlander","icev",2016,951
"toyota","highlander","icev",2017,794
"toyota","highlander","icev",2018,1000
"toyota","highlander","icev",2019,953
"toyota","highlander","icev",2020,170
"toyota","highlander","icev",2021,416
"toyota","highlander","icev",2022,188
"toyota","highlander","icev",2023,4
"toyota","highlander","icev",2024,5
"toyota","land cruiser","icev",1981,6
"toyota","land cruiser","icev",1982,4
"toyota","land cruiser","icev",1983,6
"toyota","land cruiser","icev",1984,17
"toyota","land cruiser","icev",1985,8
"toyota","land cruiser","icev",1986,8
"toyota","land cruiser","icev",1987,19
"toyota","land cruiser","icev",1988,28
"toyota","land cruiser","icev",1989,18
"toyota","land cruiser","icev",1990,10
"toyota","land cruiser","icev",1991,29
"toyota","land cruiser","icev",1992,23
"toyota","land cruiser","icev",1993,28
"toyota","land cruiser","icev",1994,66
"toyota","land cruiser","icev",1995,43
"toyota","land cruiser","icev",1996,62
"toyota","land cruiser","icev",1997,77
"toyota","land cruiser","icev",1998,55
"toyota","land cruiser","icev",1999,101
"toyota","land cruiser","icev",2000,100
"toyota","land cruiser","icev",2001,57
"toyota","land cruiser","icev",2002,41
"toyota","land cruiser","icev",2003,47
"toyota","land cruiser","icev",2004,51
"toyota","land cruiser","icev",2005,34
"toyota","land cruiser","icev",2006,48
"toyota","land cruiser","icev",2007,19
"toyota","land cruiser","icev",2008,39
"toyota","land cruiser","icev",2009,10
"toyota","land cruiser","icev",2010,6
"toyota","land cruiser","icev",2011,25
"toyota","land cruiser","icev",2013,42
"toyota","land cruiser","icev",2014,17
"toyota","land cruiser","icev",2015,13
"toyota","land cruiser","icev",2016,16
"toyota","land cruiser","icev",2017,13
"toyota","land cruiser","icev",2018,20
"toyota","land cruiser","icev",2019,8
"toyota","land cruiser","icev",2020,6
"toyota","land cruiser","icev",2021,16
"toyota","matrix","icev",2003,500
"toyota","matrix","icev",2004,344
"toyota","matrix","icev",2005,476
"toyota","matrix","icev",2006,412
"toyota","matrix","icev",2007,327
"toyota","matrix","icev",2008,186
"toyota","matrix","icev",2009,471
"toyota","matrix","icev",2010,202
"toyota","matrix","icev",2011,26
"toyota","matrix","icev",2012,21
"toyota","matrix","icev",2013,11
"toyota","mr2","icev",1985,26
"toyota","mr2","icev",1986,26
"toyota","mr2","icev",1987,26
"toyota","mr2","icev",1988,20
"toyota","mr2","icev",1989,12
"toyota","mr2","icev",1991,71
"toyota","mr2","icev",1992,9
"toyota","mr2","icev",1993,28
"toyota","mr2","icev",1994,5
"toyota","mr2","icev",1995,3
"toyota","mr2 spyder","icev",2000,38
"toyota","mr2 spyder","icev",2001,51
"toyota","mr2 spyder","icev",2002,42
"toyota","mr2 spyder","icev",2003,39
"toyota","mr2 spyder","icev",2004,8
"toyota","mr2 spyder","icev",2005,7
"toyota","paseo","icev",1992,113
"toyota","paseo","icev",1993,49
"toyota","paseo","icev",1994,29
"toyota","paseo","icev",1995,8
"toyota","paseo","icev",1996,11
"toyota","paseo","icev",1997,11
"toyota","previa","icev",1991,170
"toyota","previa","icev",1992,108
"toyota","previa","icev",1993,81
"toyota","previa","icev",1994,37
"toyota","previa","icev",1995,51
"toyota","previa","icev",1996,20
"toyota","previa","icev",1997,15
"toyota","prius","hev",2001,79
"toyota","prius","hev",2002,120
"toyota","prius","hev",2003,85
"toyota","prius","hev",2004,286
"toyota","prius","hev",2005,842
"toyota","prius","hev",2006,611
"toyota","prius","hev",2007,1227
"toyota","prius","hev",2008,1283
"toyota","prius","hev",2009,655
"toyota","prius","hev",2010,2525
"toyota","prius","hev",2011,1258
"toyota","prius","hev",2012,1021
"toyota","prius","hev",2013,1118
"toyota","prius","hev",2014,386
"toyota","prius","hev",2015,489
"toyota","prius","hev",2016,333
"toyota","prius","hev",2017,262
"toyota","prius","hev",2018,161
"toyota","prius","hev",2019,111
"toyota","prius","hev",2020,61
"toyota","prius","hev",2021,51
"toyota","prius","hev",2022,30
"toyota","prius","hev",2024,5
"toyota","prius","phev",2012,136
"toyota","prius c","hev",2012,315
"toyota","prius c","hev",2013,254
"toyota","prius c","hev",2014,103
"toyota","prius c","hev",2015,99
"toyota","prius c","hev",2016,59
"toyota","prius c","hev",2017,30
"toyota","prius c","hev",2018,21
"toyota","prius c","hev",2019,4
"toyota","prius plug-in","phev",2012,5
"toyota","prius plug-in","phev",2013,106
"toyota","prius plug-in","phev",2014,12
"toyota","prius plug-in","phev",2015,5
"toyota","prius prime","phev",2017,58
"toyota","prius prime","phev",2018,50
"toyota","prius prime","phev",2019,10
"toyota","prius prime","phev",2020,37
"toyota","prius prime","phev",2021,35
"toyota","prius prime","phev",2022,13
"toyota","prius prime","phev",2024,2
"toyota","prius v","hev",2012,487
"toyota","prius v","hev",2013,349
"toyota","prius v","hev",2014,164
"toyota","prius v","hev",2015,83
"toyota","prius v","hev",2016,39
"toyota","prius v","hev",2017,82
"toyota","rav4","hev",2016,116
"toyota","rav4","hev",2017,154
"toyota","rav4","hev",2018,180
"toyota","rav4","hev",2019,166
"toyota","rav4","hev",2020,204
"toyota","rav4","hev",2021,233
"toyota","rav4","hev",2022,1
"toyota","rav4","hev",2023,2
"toyota","rav4","hev",2024,19
"toyota","rav4","icev",1996,136
"toyota","rav4","icev",1997,271
"toyota","rav4","icev",1998,289
"toyota","rav4","icev",1999,266
"toyota","rav4","icev",2000,237
"toyota","rav4","icev",2001,501
"toyota","rav4","icev",2002,583
"toyota","rav4","icev",2003,526
"toyota","rav4","icev",2004,514
"toyota","rav4","icev",2005,502
"toyota","rav4","icev",2006,811
"toyota","rav4","icev",2007,1390
"toyota","rav4","icev",2008,1402
"toyota","rav4","icev",2009,1162
"toyota","rav4","icev",2010,1803
"toyota","rav4","icev",2011,1707
"toyota","rav4","icev",2012,1111
"toyota","rav4","icev",2013,1635
"toyota","rav4","icev",2014,938
"toyota","rav4","icev",2015,1403
"toyota","rav4","icev",2016,1109
"toyota","rav4","icev",2017,1377
"toyota","rav4","icev",2018,1601
"toyota","rav4","icev",2019,799
"toyota","rav4","icev",2020,626
"toyota","rav4","icev",2021,618
"toyota","rav4","icev",2022,5
"toyota","rav4","icev",2023,2
"toyota","rav4","icev",2024,23
"toyota","rav4 ev","bev",2012,3
"toyota","rav4 ev","bev",2013,8
"toyota","rav4 ev","bev",2014,2
"toyota","rav4 prime","hev",2021,57
"toyota","rav4 prime","phev",2023,2
"toyota","rav4 prime","phev",2024,2
"toyota","sequoia","hev",2023,1
"toyota","sequoia","hev",2024,8
"toyota","sequoia","icev",2001,382
"toyota","sequoia","icev",2002,490
"toyota","sequoia","icev",2003,480
"toyota","sequoia","icev",2004,427
"toyota","sequoia","icev",2005,383
"toyota","sequoia","icev",2006,356
"toyota","sequoia","icev",2007,261
"toyota","sequoia","icev",2008,351
"toyota","sequoia","icev",2009,13
"toyota","sequoia","icev",2010,192
"toyota","sequoia","icev",2011,190
"toyota","sequoia","icev",2012,158
"toyota","sequoia","icev",2013,134
"toyota","sequoia","icev",2014,126
"toyota","sequoia","icev",2015,72
"toyota","sequoia","icev",2016,112
"toyota","sequoia","icev",2017,70
"toyota","sequoia","icev",2018,58
"toyota","sequoia","icev",2019,40
"toyota","sequoia","icev",2020,35
"toyota","sequoia","icev",2021,24
"toyota","sequoia","icev",2022,2
"toyota","sienna","hev",2021,236
"toyota","sienna","hev",2022,128
"toyota","sienna","hev",2023,3
"toyota","sienna","hev",2024,9
"toyota","sienna","icev",1998,361
"toyota","sienna","icev",1999,387
"toyota","sienna","icev",2000,817
"toyota","sienna","icev",2001,600
"toyota","sienna","icev",2002,640
"toyota","sienna","icev",2003,329
"toyota","sienna","icev",2004,1649
"toyota","sienna","icev",2005,1330
"toyota","sienna","icev",2006,1491
"toyota","sienna","icev",2007,824
"toyota","sienna","icev",2008,1149
"toyota","sienna","icev",2009,576
"toyota","sienna","icev",2010,489
"toyota","sienna","icev",2011,2014
"toyota","sienna","icev",2012,1225
"toyota","sienna","icev",2013,1139
"toyota","sienna","icev",2014,694
"toyota","sienna","icev",2015,871
"toyota","sienna","icev",2016,379
"toyota","sienna","icev",2017,584
"toyota","sienna","icev",2018,261
"toyota","sienna","icev",2019,175
"toyota","sienna","icev",2020,180
"toyota","solterra","bev",2023,1
"toyota","starlet","icev",1981,10
"toyota","starlet","icev",1982,2
"toyota","starlet","icev",1983,3
"toyota","supra","icev",1986,28
"toyota","supra","icev",1987,40
"toyota","supra","icev",1988,49
"toyota","supra","icev",1989,35
"toyota","supra","icev",1990,17
"toyota","supra","icev",1991,10
"toyota","supra","icev",1992,1
"toyota","supra","icev",1993,12
"toyota","supra","icev",1994,11
"toyota","supra","icev",1995,12
"toyota","supra","icev",1996,1
"toyota","supra","icev",1997,8
"toyota","supra","icev",1998,6
"toyota","supra","icev",2020,18
"toyota","t100","icev",1993,81
"toyota","t100","icev",1994,60
"toyota","t100","icev",1995,125
"toyota","t100","icev",1996,144
"toyota","t100","icev",1997,144
"toyota","t100","icev",1998,51
"toyota","tacoma","icev",1995,300
"toyota","tacoma","icev",1996,500
"toyota","tacoma","icev",1997,461
"toyota","tacoma","icev",1998,736
"toyota","tacoma","icev",1999,773
"toyota","tacoma","icev",2000,750
"toyota","tacoma","icev",2001,954
"toyota","tacoma","icev",2002,972
"toyota","tacoma","icev",2003,974
"toyota","tacoma","icev",2004,952
"toyota","tacoma","icev",2005,930
"toyota","tacoma","icev",2006,1225
"toyota","tacoma","icev",2007,1201
"toyota","tacoma","icev",2008,1113
"toyota","tacoma","icev",2009,989
"toyota","tacoma","icev",2010,957
"toyota","tacoma","icev",2011,1156
"toyota","tacoma","icev",2012,1290
"toyota","tacoma","icev",2013,1109
"toyota","tacoma","icev",2014,675
"toyota","tacoma","icev",2015,906
"toyota","tacoma","icev",2016,874
"toyota","tacoma","icev",2017,1061
"toyota","tacoma","icev",2018,743
"toyota","tacoma","icev",2019,824
"toyota","tacoma","icev",2020,567
"toyota","tacoma","icev",2021,560
"toyota","tacoma","icev",2022,300
"toyota","tacoma","icev",2023,18
"toyota","tercel","icev",1981,10
"toyota","tercel","icev",1982,17
"toyota","tercel","icev",1983,36
"toyota","tercel","icev",1984,52
"toyota","tercel","icev",1985,47
"toyota","tercel","icev",1986,56
"toyota","tercel","icev",1987,58
"toyota","tercel","icev",1988,73
"toyota","tercel","icev",1989,72
"toyota","tercel","icev",1990,74
"toyota","tercel","icev",1991,148
"toyota","tercel","icev",1992,119
"toyota","tercel","icev",1993,135
"toyota","tercel","icev",1994,175
"toyota","tercel","icev",1995,181
"toyota","tercel","icev",1996,137
"toyota","tercel","icev",1997,106
"toyota","tercel","icev",1998,4
"toyota","tundra","hev",2023,1
"toyota","tundra","hev",2024,3
"toyota","tundra","icev",2000,706
"toyota","tundra","icev",2001,620
"toyota","tundra","icev",2002,769
"toyota","tundra","icev",2003,779
"toyota","tundra","icev",2004,683
"toyota","tundra","icev",2005,771
"toyota","tundra","icev",2006,1206
"toyota","tundra","icev",2007,1348
"toyota","tundra","icev",2008,1399
"toyota","tundra","icev",2009,161
"toyota","tundra","icev",2010,1230
"toyota","tundra","icev",2011,949
"toyota","tundra","icev",2012,1142
"toyota","tundra","icev",2013,857
"toyota","tundra","icev",2014,859
"toyota","tundra","icev",2015,550
"toyota","tundra","icev",2016,706
"toyota","tundra","icev",2017,700
"toyota","tundra","icev",2018,621
"toyota","tundra","icev",2019,575
"toyota","tundra","icev",2020,463
"toyota","tundra","icev",2021,348
"toyota","tundra","icev",2022,129
"toyota","tundra","icev",2023,1
"toyota","tundra","icev",2024,14
"toyota","van","icev",1984,12
"toyota","van","icev",1985,39
"toyota","van","icev",1986,27
"toyota","van","icev",1987,25
"toyota","van","icev",1988,10
"toyota","van","icev",1989,15
"toyota","venza","hev",2021,164
"toyota","venza","hev",2022,2
"toyota","venza","hev",2023,1
"toyota","venza","hev",2024,1
"toyota","venza","icev",2009,663
"toyota","venza","icev",2010,533
"toyota","venza","icev",2011,466
"toyota","venza","icev",2012,300
"toyota","venza","icev",2013,438
"toyota","venza","icev",2014,157
"toyota","venza","icev",2015,139
"toyota","yaris","icev",2007,876
"toyota","yaris","icev",2008,698
"toyota","yaris","icev",2009,421
"toyota","yaris","icev",2010,324
"toyota","yaris","icev",2011,84
"toyota","yaris","icev",2012,185
"toyota","yaris","icev",2013,70
"toyota","yaris","icev",2014,63
"toyota","yaris","icev",2015,56
"toyota","yaris","icev",2016,32
"toyota","yaris","icev",2017,27
"toyota","yaris","icev",2018,12
"toyota","yaris","icev",2019,36
"toyota","yaris","icev",2020,27
"toyota","yaris ia","icev",2017,112
"toyota","yaris ia","icev",2018,67
"volkswagen","arteon","icev",2019,9
"volkswagen","arteon","icev",2020,5
"volkswagen","arteon","icev",2021,14
"volkswagen","atlas","icev",2018,343
"volkswagen","atlas","icev",2019,305
"volkswagen","atlas","icev",2020,14
"volkswagen","atlas","icev",2021,239
"volkswagen","atlas","icev",2022,64
"volkswagen","atlas","icev",2023,3
"volkswagen","atlas","icev",2024,8
"volkswagen","atlas cross sport","icev",2020,43
"volkswagen","atlas cross sport","icev",2021,83
"volkswagen","atlas cross sport","icev",2022,42
"volkswagen","atlas cross sport","icev",2024,2
"volkswagen","beetle","icev",2012,258
"volkswagen","beetle","icev",2013,315
"volkswagen","beetle","icev",2014,132
"volkswagen","beetle","icev",2015,100
"volkswagen","beetle","icev",2016,91
"volkswagen","beetle","icev",2017,78
"volkswagen","beetle","icev",2018,64
"volkswagen","beetle","icev",2019,65
"volkswagen","cc","icev",2009,185
"volkswagen","cc","icev",2010,314
"volkswagen","cc","icev",2011,150
"volkswagen","cc","icev",2012,297
"volkswagen","cc","icev",2013,271
"volkswagen","cc","icev",2014,49
"volkswagen","cc","icev",2015,23
"volkswagen","cc","icev",2016,15
"volkswagen","cc","icev",2017,6
"volkswagen","corrado","icev",1990,12
"volkswagen","corrado","icev",1991,4
"volkswagen","corrado","icev",1992,7
"volkswagen","corrado","icev",1993,5
"volkswagen","e-golf","bev",2015,4
"volkswagen","e-golf","bev",2016,13
"volkswagen","e-golf","bev",2017,1
"volkswagen","e-golf","bev",2018,1
"volkswagen","e-golf","bev",2019,8
"volkswagen","eos","icev",2007,128
"volkswagen","eos","icev",2008,123
"volkswagen","eos","icev",2009,115
"volkswagen","eos","icev",2010,67
"volkswagen","eos","icev",2011,20
"volkswagen","eos","icev",2012,126
"volkswagen","eos","icev",2013,39
"volkswagen","eos","icev",2014,29
"volkswagen","eos","icev",2015,12
"volkswagen","eos","icev",2016,5
"volkswagen","eurovan","icev",1993,47
"volkswagen","eurovan","icev",1995,7
"volkswagen","eurovan","icev",1997,9
"volkswagen","eurovan","icev",1999,21
"volkswagen","eurovan","icev",2000,18
"volkswagen","eurovan","icev",2001,14
"volkswagen","eurovan","icev",2002,51
"volkswagen","eurovan","icev",2003,28
"volkswagen","fox","icev",1987,8
"volkswagen","fox","icev",1988,36
"volkswagen","fox","icev",1989,19
"volkswagen","fox","icev",1990,19
"volkswagen","fox","icev",1991,8
"volkswagen","fox","icev",1992,2
"volkswagen","fox","icev",1993,22
"volkswagen","gli","icev",2008,23
"volkswagen","gli","icev",2009,7
"volkswagen","golf","icev",1985,23
"volkswagen","golf","icev",1986,25
"volkswagen","golf","icev",1987,24
"volkswagen","golf","icev",1988,10
"volkswagen","golf","icev",1989,16
"volkswagen","golf","icev",1990,8
"volkswagen","golf","icev",1991,12
"volkswagen","golf","icev",1992,4
"volkswagen","golf","icev",1993,2
"volkswagen","golf","icev",1994,25
"volkswagen","golf","icev",1995,26
"volkswagen","golf","icev",1996,29
"volkswagen","golf","icev",1997,63
"volkswagen","golf","icev",1998,36
"volkswagen","golf","icev",1999,33
"volkswagen","golf","icev",2000,77
"volkswagen","golf","icev",2001,82
"volkswagen","golf","icev",2002,78
"volkswagen","golf","icev",2003,67
"volkswagen","golf","icev",2004,44
"volkswagen","golf","icev",2005,27
"volkswagen","golf","icev",2006,17
"volkswagen","golf","icev",2010,61
"volkswagen","golf","icev",2011,52
"volkswagen","golf","icev",2012,82
"volkswagen","golf","icev",2013,38
"volkswagen","golf","icev",2014,19
"volkswagen","golf","icev",2015,59
"volkswagen","golf","icev",2016,52
"volkswagen","golf","icev",2017,59
"volkswagen","golf","icev",2018,12
"volkswagen","golf","icev",2019,11
"volkswagen","golf","icev",2020,7
"volkswagen","golf","icev",2021,6
"volkswagen","golf alltrack","icev",2017,73
"volkswagen","golf alltrack","icev",2018,13
"volkswagen","golf alltrack","icev",2019,26
"volkswagen","golf gti","icev",2015,31
"volkswagen","golf gti","icev",2016,104
"volkswagen","golf gti","icev",2017,141
"volkswagen","golf gti","icev",2018,46
"volkswagen","golf gti","icev",2019,28
"volkswagen","golf gti","icev",2020,11
"volkswagen","golf gti","icev",2021,14
"volkswagen","golf gti","icev",2022,12
"volkswagen","golf r","icev",2012,35
"volkswagen","golf r","icev",2013,33
"volkswagen","golf r","icev",2015,7
"volkswagen","golf r","icev",2016,21
"volkswagen","golf r","icev",2017,21
"volkswagen","golf r","icev",2018,11
"volkswagen","golf r","icev",2019,16
"volkswagen","golf sportwagen","icev",2015,11
"volkswagen","golf sportwagen","icev",2016,47
"volkswagen","golf sportwagen","icev",2017,33
"volkswagen","golf sportwagen","icev",2018,14
"volkswagen","golf sportwagen","icev",2019,4
"volkswagen","gti","icev",1985,7
"volkswagen","gti","icev",1986,12
"volkswagen","gti","icev",1987,14
"volkswagen","gti","icev",1988,2
"volkswagen","gti","icev",1989,6
"volkswagen","gti","icev",1991,9
"volkswagen","gti","icev",1992,8
"volkswagen","gti","icev",1995,8
"volkswagen","gti","icev",1996,14
"volkswagen","gti","icev",1997,15
"volkswagen","gti","icev",1998,18
"volkswagen","gti","icev",1999,12
"volkswagen","gti","icev",2000,37
"volkswagen","gti","icev",2001,54
"volkswagen","gti","icev",2002,70
"volkswagen","gti","icev",2003,97
"volkswagen","gti","icev",2004,34
"volkswagen","gti","icev",2005,39
"volkswagen","gti","icev",2006,80
"volkswagen","gti","icev",2007,127
"volkswagen","gti","icev",2008,101
"volkswagen","gti","icev",2009,62
"volkswagen","gti","icev",2010,150
"volkswagen","gti","icev",2011,151
"volkswagen","gti","icev",2012,172
"volkswagen","gti","icev",2013,152
"volkswagen","gti","icev",2014,23
"volkswagen","gti","icev",2015,84
"volkswagen","id4","bev",2021,21
"volkswagen","id4","bev",2023,3
"volkswagen","jetta","hev",2013,53
"volkswagen","jetta","hev",2014,8
"volkswagen","jetta","hev",2015,1
"volkswagen","jetta","hev",2016,3
"volkswagen","jetta","icev",1981,2
"volkswagen","jetta","icev",1983,3
"volkswagen","jetta","icev",1984,12
"volkswagen","jetta","icev",1985,25
"volkswagen","jetta","icev",1986,47
"volkswagen","jetta","icev",1987,39
"volkswagen","jetta","icev",1988,30
"volkswagen","jetta","icev",1989,47
"volkswagen","jetta","icev",1990,55
"volkswagen","jetta","icev",1991,47
"volkswagen","jetta","icev",1992,33
"volkswagen","jetta","icev",1993,8
"volkswagen","jetta","icev",1994,129
"volkswagen","jetta","icev",1995,151
"volkswagen","jetta","icev",1996,213
"volkswagen","jetta","icev",1997,281
"volkswagen","jetta","icev",1998,234
"volkswagen","jetta","icev",1999,410
"volkswagen","jetta","icev",2000,588
"volkswagen","jetta","icev",2001,736
"volkswagen","jetta","icev",2002,762
"volkswagen","jetta","icev",2003,796
"volkswagen","jetta","icev",2004,452
"volkswagen","jetta","icev",2005,438
"volkswagen","jetta","icev",2006,605
"volkswagen","jetta","icev",2007,533
"volkswagen","jetta","icev",2008,659
"volkswagen","jetta","icev",2009,619
"volkswagen","jetta","icev",2010,543
"volkswagen","jetta","icev",2011,915
"volkswagen","jetta","icev",2012,1034
"volkswagen","jetta","icev",2013,800
"volkswagen","jetta","icev",2014,629
"volkswagen","jetta","icev",2015,372
"volkswagen","jetta","icev",2016,456
"volkswagen","jetta","icev",2017,450
"volkswagen","jetta","icev",2018,96
"volkswagen","jetta","icev",2019,467
"volkswagen","jetta","icev",2020,103
"volkswagen","jetta","icev",2021,130
"volkswagen","jetta","icev",2022,1
"volkswagen","jetta","icev",2023,1
"volkswagen","jetta","icev",2024,4
"volkswagen","jetta gli","icev",2016,16
"volkswagen","jetta gli","icev",2021,9
"volkswagen","let","icev",1985,21
"volkswagen","let","icev",1986,22
"volkswagen","let","icev",1987,26
"volkswagen","let","icev",1988,27
"volkswagen","let","icev",1989,33
"volkswagen","let","icev",1990,21
"volkswagen","let","icev",1991,8
"volkswagen","let","icev",1992,26
"volkswagen","let","icev",1993,15
"volkswagen","new beetle","icev",1998,136
"volkswagen","new beetle","icev",1999,295
"volkswagen","new beetle","icev",2000,522
"volkswagen","new beetle","icev",2001,386
"volkswagen","new beetle","icev",2002,321
"volkswagen","new beetle","icev",2003,380
"volkswagen","new beetle","icev",2004,269
"volkswagen","new beetle","icev",2005,236
"volkswagen","new beetle","icev",2006,279
"volkswagen","new beetle","icev",2007,229
"volkswagen","new beetle","icev",2008,255
"volkswagen","new beetle","icev",2009,192
"volkswagen","new beetle","icev",2010,150
"volkswagen","passat","icev",1990,11
"volkswagen","passat","icev",1991,12
"volkswagen","passat","icev",1992,20
"volkswagen","passat","icev",1993,20
"volkswagen","passat","icev",1994,11
"volkswagen","passat","icev",1995,37
"volkswagen","passat","icev",1996,40
"volkswagen","passat","icev",1997,36
"volkswagen","passat","icev",1998,98
"volkswagen","passat","icev",1999,368
"volkswagen","passat","icev",2000,332
"volkswagen","passat","icev",2001,493
"volkswagen","passat","icev",2002,640
"volkswagen","passat","icev",2003,745
"volkswagen","passat","icev",2004,408
"volkswagen","passat","icev",2005,147
"volkswagen","passat","icev",2006,465
"volkswagen","passat","icev",2007,310
"volkswagen","passat","icev",2008,307
"volkswagen","passat","icev",2009,148
"volkswagen","passat","icev",2010,141
"volkswagen","passat","icev",2012,798
"volkswagen","passat","icev",2013,744
"volkswagen","passat","icev",2014,280
"volkswagen","passat","icev",2015,279
"volkswagen","passat","icev",2016,233
"volkswagen","passat","icev",2017,292
"volkswagen","passat","icev",2018,166
"volkswagen","passat","icev",2019,38
"volkswagen","passat","icev",2020,39
"volkswagen","passat","icev",2021,36
"volkswagen","passat","icev",2022,21
"volkswagen","phaeton","icev",2004,10
"volkswagen","phaeton","icev",2005,6
"volkswagen","phaeton","icev",2006,3
"volkswagen","quantum","icev",1982,1
"volkswagen","quantum","icev",1983,1
"volkswagen","quantum","icev",1984,3
"volkswagen","quantum","icev",1985,6
"volkswagen","quantum","icev",1986,7
"volkswagen","quantum","icev",1987,4
"volkswagen","r32","icev",2004,29
"volkswagen","r32","icev",2008,29
"volkswagen","rabbit","icev",1981,13
"volkswagen","rabbit","icev",1982,30
"volkswagen","rabbit","icev",1983,27
"volkswagen","rabbit","icev",1984,43
"volkswagen","rabbit","icev",2006,13
"volkswagen","rabbit","icev",2007,143
"volkswagen","rabbit","icev",2008,175
"volkswagen","rabbit","icev",2009,73
"volkswagen","routan","icev",2009,153
"volkswagen","routan","icev",2010,143
"volkswagen","routan","icev",2011,98
"volkswagen","routan","icev",2012,85
"volkswagen","routan","icev",2013,11
"volkswagen","routan","icev",2014,7
"volkswagen","scirocco","icev",1981,3
"volkswagen","scirocco","icev",1982,2
"volkswagen","scirocco","icev",1983,2
"volkswagen","scirocco","icev",1984,7
"volkswagen","scirocco","icev",1985,4
"volkswagen","scirocco","icev",1986,10
"volkswagen","scirocco","icev",1987,4
"volkswagen","scirocco","icev",1988,4
"volkswagen","taos","icev",2022,87
"volkswagen","tiguan","icev",2009,166
"volkswagen","tiguan","icev",2010,151
"volkswagen","tiguan","icev",2011,258
"volkswagen","tiguan","icev",2012,296
"volkswagen","tiguan","icev",2013,250
"volkswagen","tiguan","icev",2014,138
"volkswagen","tiguan","icev",2015,84
"volkswagen","tiguan","icev",2016,150
"volkswagen","tiguan","icev",2017,163
"volkswagen","tiguan","icev",2018,319
"volkswagen","tiguan","icev",2019,232
"volkswagen","tiguan","icev",2020,229
"volkswagen","tiguan","icev",2021,172
"volkswagen","tiguan","icev",2022,78
"volkswagen","tiguan","icev",2023,2
"volkswagen","tiguan","icev",2024,3
"volkswagen","tiguan limited","icev",2018,20
"volkswagen","touareg","hev",2011,1
"volkswagen","touareg","hev",2012,2
"volkswagen","touareg","hev",2013,2
"volkswagen","touareg","icev",2004,194
"volkswagen","touareg","icev",2005,117
"volkswagen","touareg","icev",2006,65
"volkswagen","touareg","icev",2007,22
"volkswagen","touareg","icev",2010,21
"volkswagen","touareg","icev",2011,29
"volkswagen","touareg","icev",2012,47
"volkswagen","touareg","icev",2013,52
"volkswagen","touareg","icev",2014,28
"volkswagen","touareg","icev",2015,13
"volkswagen","touareg","icev",2016,24
"volkswagen","touareg","icev",2017,33
"volkswagen","touareg 2","icev",2008,103
"volkswagen","touareg 2","icev",2009,24
"volkswagen","vanagon","icev",1981,5
"volkswagen","vanagon","icev",1982,8
"volkswagen","vanagon","icev",1983,10
"volkswagen","vanagon","icev",1984,39
"volkswagen","vanagon","icev",1985,38
"volkswagen","vanagon","icev",1986,23
"volkswagen","vanagon","icev",1987,37
"volkswagen","vanagon","icev",1988,14
"volkswagen","vanagon","icev",1989,7
"volkswagen","vanagon","icev",1990,24
"volkswagen","vanagon","icev",1991,22
"volkswagen","vanagon/campmobile","icev",1985,3
"volkswagen","vanagon/campmobile","icev",1986,2
"volvo","240","icev",1981,14
"volvo","240","icev",1982,29
"volvo","240","icev",1983,49
"volvo","240","icev",1984,78
"volvo","240","icev",1985,68
"volvo","240","icev",1986,81
"volvo","240","icev",1987,84
"volvo","240","icev",1988,100
"volvo","240","icev",1989,87
"volvo","240","icev",1990,82
"volvo","240","icev",1991,80
"volvo","240","icev",1992,78
"volvo","240","icev",1993,67
"volvo","260","icev",1981,7
"volvo","260","icev",1982,1
"volvo","740","icev",1985,19
"volvo","740","icev",1986,54
"volvo","740","icev",1987,62
"volvo","740","icev",1988,58
"volvo","740","icev",1989,80
"volvo","740","icev",1990,134
"volvo","740","icev",1991,75
"volvo","740","icev",1992,30
"volvo","760","icev",1983,2
"volvo","760","icev",1984,3
"volvo","760","icev",1985,13
"volvo","760","icev",1986,6
"volvo","760","icev",1987,18
"volvo","760","icev",1988,11
"volvo","760","icev",1989,18
"volvo","760","icev",1990,23
"volvo","780","icev",1988,3
"volvo","780","icev",1989,5
"volvo","780","icev",1990,1
"volvo","850","icev",1993,82
"volvo","850","icev",1994,147
"volvo","850","icev",1995,232
"volvo","850","icev",1996,219
"volvo","850","icev",1997,206
"volvo","940","icev",1991,38
"volvo","940","icev",1992,67
"volvo","940","icev",1993,87
"volvo","940","icev",1994,98
"volvo","940","icev",1995,62
"volvo","960","icev",1992,14
"volvo","960","icev",1993,17
"volvo","960","icev",1994,28
"volvo","960","icev",1995,39
"volvo","960","icev",1996,78
"volvo","960","icev",1997,73
"volvo","c30","icev",2008,58
"volvo","c30","icev",2009,43
"volvo","c30","icev",2010,12
"volvo","c30","icev",2011,55
"volvo","c30","icev",2012,21
"volvo","c30","icev",2013,14
"volvo","c40","bev",2023,1
"volvo","c70","icev",1998,15
"volvo","c70","icev",1999,23
"volvo","c70","icev",2000,28
"volvo","c70","icev",2001,34
"volvo","c70","icev",2002,24
"volvo","c70","icev",2003,11
"volvo","c70","icev",2004,53
"volvo","c70","icev",2006,21
"volvo","c70","icev",2007,50
"volvo","c70","icev",2008,73
"volvo","c70","icev",2009,44
"volvo","c70","icev",2010,21
"volvo","c70","icev",2011,77
"volvo","c70","icev",2012,39
"volvo","c70","icev",2013,37
"volvo","s40","icev",2000,143
"volvo","s40","icev",2001,170
"volvo","s40","icev",2002,77
"volvo","s40","icev",2003,70
"volvo","s40","icev",2004,122
"volvo","s40","icev",2005,172
"volvo","s40","icev",2006,165
"volvo","s40","icev",2007,179
"volvo","s40","icev",2008,111
"volvo","s40","icev",2009,78
"volvo","s40","icev",2010,58
"volvo","s40","icev",2011,37
"volvo","s60","icev",2001,204
"volvo","s60","icev",2002,296
"volvo","s60","icev",2003,141
"volvo","s60","icev",2004,273
"volvo","s60","icev",2005,137
"volvo","s60","icev",2006,178
"volvo","s60","icev",2007,174
"volvo","s60","icev",2008,95
"volvo","s60","icev",2009,78
"volvo","s60","icev",2011,50
"volvo","s60","icev",2012,396
"volvo","s60","icev",2013,224
"volvo","s60","icev",2014,50
"volvo","s60","icev",2015,114
"volvo","s60","icev",2016,65
"volvo","s60","icev",2017,50
"volvo","s60","icev",2018,26
"volvo","s60","icev",2019,27
"volvo","s60","icev",2020,25
"volvo","s60","icev",2021,11
"volvo","s60","icev",2022,6
"volvo","s60","phev",2020,1
"volvo","s60","phev",2021,1
"volvo","s60 cross country","icev",2016,4
"volvo","s60 cross country","icev",2017,1
"volvo","s60 r","icev",2004,30
"volvo","s60 r","icev",2005,9
"volvo","s60 r","icev",2006,11
"volvo","s60 recharge","phev",2024,1
"volvo","s70","icev",1998,379
"volvo","s70","icev",1999,176
"volvo","s70","icev",2000,172
"volvo","s80","icev",1999,142
"volvo","s80","icev",2000,202
"volvo","s80","icev",2001,177
"volvo","s80","icev",2002,99
"volvo","s80","icev",2003,67
"volvo","s80","icev",2004,144
"volvo","s80","icev",2005,72
"volvo","s80","icev",2006,61
"volvo","s80","icev",2007,100
"volvo","s80","icev",2008,114
"volvo","s80","icev",2009,64
"volvo","s80","icev",2010,87
"volvo","s80","icev",2011,59
"volvo","s80","icev",2012,41
"volvo","s80","icev",2013,27
"volvo","s80","icev",2014,1
"volvo","s80","icev",2015,16
"volvo","s80","icev",2016,9
"volvo","s90","icev",1998,57
"volvo","s90","icev",2017,22
"volvo","s90","icev",2018,47
"volvo","s90","icev",2019,4
"volvo","s90","icev",2020,4
"volvo","s90","icev",2021,2
"volvo","s90","phev",2018,1
"volvo","s90","phev",2019,2
"volvo","v40","icev",2000,46
"volvo","v40","icev",2001,21
"volvo","v40","icev",2002,17
"volvo","v40","icev",2003,11
"volvo","v40","icev",2004,20
"volvo","v50","icev",2005,45
"volvo","v50","icev",2006,19
"volvo","v50","icev",2007,24
"volvo","v50","icev",2008,25
"volvo","v50","icev",2009,18
"volvo","v50","icev",2010,19
"volvo","v50","icev",2011,9
"volvo","v60","icev",2015,28
"volvo","v60","icev",2016,14
"volvo","v60","icev",2017,6
"volvo","v60","icev",2018,3
"volvo","v60","icev",2019,1
"volvo","v60","icev",2020,5
"volvo","v60","icev",2021,1
"volvo","v60","phev",2020,1
"volvo","v60","phev",2021,1
"volvo","v60 cross country","icev",2015,7
"volvo","v60 cross country","icev",2016,15
"volvo","v60 cross country","icev",2017,11
"volvo","v60 cross country","icev",2018,5
"volvo","v60 cross country","icev",2020,6
"volvo","v60 cross country","icev",2021,6
"volvo","v60 cross country","icev",2022,1
"volvo","v70","icev",1998,235
"volvo","v70","icev",1999,144
"volvo","v70","icev",2000,147
"volvo","v70","icev",2001,355
"volvo","v70","icev",2002,107
"volvo","v70","icev",2003,50
"volvo","v70","icev",2004,84
"volvo","v70","icev",2005,40
"volvo","v70","icev",2006,35
"volvo","v70","icev",2007,39
"volvo","v70","icev",2008,35
"volvo","v70","icev",2009,7
"volvo","v70","icev",2010,13
"volvo","v70 r","icev",2004,11
"volvo","v70 r","icev",2005,3
"volvo","v70 r","icev",2006,8
"volvo","v90","icev",1997,21
"volvo","v90","icev",1998,13
"volvo","v90","icev",2018,4
"volvo","v90","icev",2020,2
"volvo","v90","icev",2021,2
"volvo","v90 cross country","icev",2017,3
"volvo","v90 cross country","icev",2018,9
"volvo","v90 cross country","icev",2019,3
"volvo","v90 cross country","icev",2020,2
"volvo","v90 cross country","icev",2021,1
"volvo","xc","icev",2002,172
"volvo","xc40","bev",2021,15
"volvo","xc40","bev",2022,6
"volvo","xc40","icev",2019,46
"volvo","xc40","icev",2020,49
"volvo","xc40","icev",2021,36
"volvo","xc40","icev",2022,12
"volvo","xc40","icev",2024,1
"volvo","xc60","icev",2010,212
"volvo","xc60","icev",2011,168
"volvo","xc60","icev",2012,188
"volvo","xc60","icev",2013,207
"volvo","xc60","icev",2014,47
"volvo","xc60","icev",2015,150
"volvo","xc60","icev",2016,125
"volvo","xc60","icev",2017,82
"volvo","xc60","icev",2018,92
"volvo","xc60","icev",2019,68
"volvo","xc60","icev",2020,59
"volvo","xc60","icev",2021,67
"volvo","xc60","icev",2022,18
"volvo","xc60","icev",2024,1
"volvo","xc60","phev",2018,3
"volvo","xc60","phev",2019,5
"volvo","xc60","phev",2020,2
"volvo","xc60","phev",2021,4
"volvo","xc60","phev",2022,6
"volvo","xc70","icev",2003,64
"volvo","xc70","icev",2004,156
"volvo","xc70","icev",2005,86
"volvo","xc70","icev",2006,107
"volvo","xc70","icev",2007,113
"volvo","xc70","icev",2008,94
"volvo","xc70","icev",2009,44
"volvo","xc70","icev",2010,52
"volvo","xc70","icev",2011,55
"volvo","xc70","icev",2012,60
"volvo","xc70","icev",2013,46
"volvo","xc70","icev",2014,7
"volvo","xc70","icev",2015,38
"volvo","xc70","icev",2016,29
"volvo","xc90","icev",2003,103
"volvo","xc90","icev",2004,328
"volvo","xc90","icev",2005,300
"volvo","xc90","icev",2006,260
"volvo","xc90","icev",2007,268
"volvo","xc90","icev",2008,259
"volvo","xc90","icev",2009,63
"volvo","xc90","icev",2010,98
"volvo","xc90","icev",2011,104
"volvo","xc90","icev",2012,48
"volvo","xc90","icev",2013,88
"volvo","xc90","icev",2014,36
"volvo","xc90","icev",2016,144
"volvo","xc90","icev",2017,98
"volvo","xc90","icev",2018,148
"volvo","xc90","icev",2019,118
"volvo","xc90","icev",2020,96
"volvo","xc90","icev",2021,43
"volvo","xc90","icev",2022,22
"volvo","xc90","icev",2023,2
"volvo","xc90","icev",2024,1
"volvo","xc90","phev",2016,9
"volvo","xc90","phev",2017,6
"volvo","xc90","phev",2018,10
"volvo","xc90","phev",2019,4
"volvo","xc90","phev",2020,5
"volvo","xc90","phev",2021,16
"volvo","xc90","phev",2022,6
"volvo","xc90 recharge","phev",2024,1
"wagoneer","eer","icev",2022,57
"wagoneer","eer","icev",2023,1
"wagoneer","eer","icev",2024,1
"wagoneer","eer l","icev",2023,1
"wagoneer","grand eer","icev",2022,27
